-- MySQL dump 10.13  Distrib 5.7.23, for Linux (x86_64)
--
-- Host: localhost    Database: lmsv3
-- ------------------------------------------------------
-- Server version	5.7.23-0ubuntu0.16.04.1

/*!40101 SET @OLD_CHARACTER_SET_CLIENT=@@CHARACTER_SET_CLIENT */;
/*!40101 SET @OLD_CHARACTER_SET_RESULTS=@@CHARACTER_SET_RESULTS */;
/*!40101 SET @OLD_COLLATION_CONNECTION=@@COLLATION_CONNECTION */;
/*!40101 SET NAMES utf8 */;
/*!40103 SET @OLD_TIME_ZONE=@@TIME_ZONE */;
/*!40103 SET TIME_ZONE='+00:00' */;
/*!40014 SET @OLD_UNIQUE_CHECKS=@@UNIQUE_CHECKS, UNIQUE_CHECKS=0 */;
/*!40014 SET @OLD_FOREIGN_KEY_CHECKS=@@FOREIGN_KEY_CHECKS, FOREIGN_KEY_CHECKS=0 */;
/*!40101 SET @OLD_SQL_MODE=@@SQL_MODE, SQL_MODE='NO_AUTO_VALUE_ON_ZERO' */;
/*!40111 SET @OLD_SQL_NOTES=@@SQL_NOTES, SQL_NOTES=0 */;

--
-- Table structure for table `auth_group`
--

DROP TABLE IF EXISTS `auth_group`;
/*!40101 SET @saved_cs_client     = @@character_set_client */;
/*!40101 SET character_set_client = utf8 */;
CREATE TABLE `auth_group` (
  `id` int(11) NOT NULL AUTO_INCREMENT,
  `name` varchar(80) COLLATE utf8mb4_bin NOT NULL,
  PRIMARY KEY (`id`),
  UNIQUE KEY `name` (`name`)
) ENGINE=InnoDB AUTO_INCREMENT=7 DEFAULT CHARSET=utf8mb4 COLLATE=utf8mb4_bin;
/*!40101 SET character_set_client = @saved_cs_client */;

--
-- Dumping data for table `auth_group`
--

LOCK TABLES `auth_group` WRITE;
/*!40000 ALTER TABLE `auth_group` DISABLE KEYS */;
INSERT INTO `auth_group` VALUES (4,'admin_group'),(5,'lecturer_group'),(6,'student_group');
/*!40000 ALTER TABLE `auth_group` ENABLE KEYS */;
UNLOCK TABLES;

--
-- Table structure for table `auth_group_permissions`
--

DROP TABLE IF EXISTS `auth_group_permissions`;
/*!40101 SET @saved_cs_client     = @@character_set_client */;
/*!40101 SET character_set_client = utf8 */;
CREATE TABLE `auth_group_permissions` (
  `id` int(11) NOT NULL AUTO_INCREMENT,
  `group_id` int(11) NOT NULL,
  `permission_id` int(11) NOT NULL,
  PRIMARY KEY (`id`),
  UNIQUE KEY `auth_group_permissions_group_id_permission_id_0cd325b0_uniq` (`group_id`,`permission_id`),
  KEY `auth_group_permissio_permission_id_84c5c92e_fk_auth_perm` (`permission_id`),
  CONSTRAINT `auth_group_permissio_permission_id_84c5c92e_fk_auth_perm` FOREIGN KEY (`permission_id`) REFERENCES `auth_permission` (`id`),
  CONSTRAINT `auth_group_permissions_group_id_b120cbf9_fk_auth_group_id` FOREIGN KEY (`group_id`) REFERENCES `auth_group` (`id`)
) ENGINE=InnoDB DEFAULT CHARSET=utf8mb4 COLLATE=utf8mb4_bin;
/*!40101 SET character_set_client = @saved_cs_client */;

--
-- Dumping data for table `auth_group_permissions`
--

LOCK TABLES `auth_group_permissions` WRITE;
/*!40000 ALTER TABLE `auth_group_permissions` DISABLE KEYS */;
/*!40000 ALTER TABLE `auth_group_permissions` ENABLE KEYS */;
UNLOCK TABLES;

--
-- Table structure for table `auth_permission`
--

DROP TABLE IF EXISTS `auth_permission`;
/*!40101 SET @saved_cs_client     = @@character_set_client */;
/*!40101 SET character_set_client = utf8 */;
CREATE TABLE `auth_permission` (
  `id` int(11) NOT NULL AUTO_INCREMENT,
  `name` varchar(255) COLLATE utf8mb4_bin NOT NULL,
  `content_type_id` int(11) NOT NULL,
  `codename` varchar(100) COLLATE utf8mb4_bin NOT NULL,
  PRIMARY KEY (`id`),
  UNIQUE KEY `auth_permission_content_type_id_codename_01ab375a_uniq` (`content_type_id`,`codename`),
  CONSTRAINT `auth_permission_content_type_id_2f476e4b_fk_django_co` FOREIGN KEY (`content_type_id`) REFERENCES `django_content_type` (`id`)
) ENGINE=InnoDB AUTO_INCREMENT=69 DEFAULT CHARSET=utf8mb4 COLLATE=utf8mb4_bin;
/*!40101 SET character_set_client = @saved_cs_client */;

--
-- Dumping data for table `auth_permission`
--

LOCK TABLES `auth_permission` WRITE;
/*!40000 ALTER TABLE `auth_permission` DISABLE KEYS */;
INSERT INTO `auth_permission` VALUES (1,'Can add log entry',1,'add_logentry'),(2,'Can change log entry',1,'change_logentry'),(3,'Can delete log entry',1,'delete_logentry'),(4,'Can view log entry',1,'view_logentry'),(5,'Can add permission',2,'add_permission'),(6,'Can change permission',2,'change_permission'),(7,'Can delete permission',2,'delete_permission'),(8,'Can view permission',2,'view_permission'),(9,'Can add group',3,'add_group'),(10,'Can change group',3,'change_group'),(11,'Can delete group',3,'delete_group'),(12,'Can view group',3,'view_group'),(13,'Can add content type',4,'add_contenttype'),(14,'Can change content type',4,'change_contenttype'),(15,'Can delete content type',4,'delete_contenttype'),(16,'Can view content type',4,'view_contenttype'),(17,'Can add session',5,'add_session'),(18,'Can change session',5,'change_session'),(19,'Can delete session',5,'delete_session'),(20,'Can view session',5,'view_session'),(21,'Can add Token',6,'add_token'),(22,'Can change Token',6,'change_token'),(23,'Can delete Token',6,'delete_token'),(24,'Can view Token',6,'view_token'),(25,'Can add User',7,'add_user'),(26,'Can change User',7,'change_user'),(27,'Can delete User',7,'delete_user'),(28,'Can view User',7,'view_user'),(29,'Can add Class',8,'add_class'),(30,'Can change Class',8,'change_class'),(31,'Can delete Class',8,'delete_class'),(32,'Can view Class',8,'view_class'),(33,'Can add Class - Student',9,'add_classstudent'),(34,'Can change Class - Student',9,'change_classstudent'),(35,'Can delete Class - Student',9,'delete_classstudent'),(36,'Can view Class - Student',9,'view_classstudent'),(37,'Can add Enroll Request',10,'add_enrollrequest'),(38,'Can change Enroll Request',10,'change_enrollrequest'),(39,'Can delete Enroll Request',10,'delete_enrollrequest'),(40,'Can view Enroll Request',10,'view_enrollrequest'),(41,'Can add Schedule',11,'add_schedule'),(42,'Can change Schedule',11,'change_schedule'),(43,'Can delete Schedule',11,'delete_schedule'),(44,'Can view Schedule',11,'view_schedule'),(45,'Can add Class - Lecturer',12,'add_classlecturer'),(46,'Can change Class - Lecturer',12,'change_classlecturer'),(47,'Can delete Class - Lecturer',12,'delete_classlecturer'),(48,'Can view Class - Lecturer',12,'view_classlecturer'),(49,'Can add Catergory',13,'add_coursecategory'),(50,'Can change Catergory',13,'change_coursecategory'),(51,'Can delete Catergory',13,'delete_coursecategory'),(52,'Can view Catergory',13,'view_coursecategory'),(53,'Can add Subject',14,'add_subject'),(54,'Can change Subject',14,'change_subject'),(55,'Can delete Subject',14,'delete_subject'),(56,'Can view Subject',14,'view_subject'),(57,'Can add Material',15,'add_material'),(58,'Can change Material',15,'change_material'),(59,'Can delete Material',15,'delete_material'),(60,'Can view Material',15,'view_material'),(61,'Can add Syllabus',16,'add_syllabus'),(62,'Can change Syllabus',16,'change_syllabus'),(63,'Can delete Syllabus',16,'delete_syllabus'),(64,'Can view Syllabus',16,'view_syllabus'),(65,'Can add Syllabus Template',17,'add_syllabustemplate'),(66,'Can change Syllabus Template',17,'change_syllabustemplate'),(67,'Can delete Syllabus Template',17,'delete_syllabustemplate'),(68,'Can view Syllabus Template',17,'view_syllabustemplate');
/*!40000 ALTER TABLE `auth_permission` ENABLE KEYS */;
UNLOCK TABLES;

--
-- Table structure for table `authtoken_token`
--

DROP TABLE IF EXISTS `authtoken_token`;
/*!40101 SET @saved_cs_client     = @@character_set_client */;
/*!40101 SET character_set_client = utf8 */;
CREATE TABLE `authtoken_token` (
  `key` varchar(40) COLLATE utf8mb4_bin NOT NULL,
  `created` datetime(6) NOT NULL,
  `user_id` int(11) NOT NULL,
  PRIMARY KEY (`key`),
  UNIQUE KEY `user_id` (`user_id`),
  CONSTRAINT `authtoken_token_user_id_35299eff_fk_user_id` FOREIGN KEY (`user_id`) REFERENCES `user` (`id`)
) ENGINE=InnoDB DEFAULT CHARSET=utf8mb4 COLLATE=utf8mb4_bin;
/*!40101 SET character_set_client = @saved_cs_client */;

--
-- Dumping data for table `authtoken_token`
--

LOCK TABLES `authtoken_token` WRITE;
/*!40000 ALTER TABLE `authtoken_token` DISABLE KEYS */;
INSERT INTO `authtoken_token` VALUES ('5e33acd8461eda9f8c0abdabdd47fa95a8a8b431','2018-12-10 11:50:26.556621',4508),('702a0fc99726558b716f515b4781a03f3cd2af4b','2018-12-10 11:50:55.603759',4509),('d0679320ab0e4c7323afbcfc8ef5da3447c4a27e','2018-12-10 11:52:26.189924',4812),('d68b1aee65b09e8b021a1bbc7c45fd14344b7a1a','2018-12-10 12:06:37.410423',4552),('d85f45073a353a9a843fd70b553029ddcd625b7a','2018-12-10 11:45:51.122445',5108);
/*!40000 ALTER TABLE `authtoken_token` ENABLE KEYS */;
UNLOCK TABLES;

--
-- Table structure for table `class`
--

DROP TABLE IF EXISTS `class`;
/*!40101 SET @saved_cs_client     = @@character_set_client */;
/*!40101 SET character_set_client = utf8 */;
CREATE TABLE `class` (
  `id` int(11) NOT NULL AUTO_INCREMENT,
  `name` varchar(255) COLLATE utf8mb4_bin DEFAULT NULL,
  `time_start` datetime(6) NOT NULL,
  `time_end` datetime(6) NOT NULL,
  `description` longtext COLLATE utf8mb4_bin,
  `code` varchar(25) COLLATE utf8mb4_bin DEFAULT NULL,
  `subject_id` int(11) DEFAULT NULL,
  PRIMARY KEY (`id`),
  KEY `class_subject_id_b05a819d_fk_subject_id` (`subject_id`),
  CONSTRAINT `class_subject_id_b05a819d_fk_subject_id` FOREIGN KEY (`subject_id`) REFERENCES `subject` (`id`)
) ENGINE=InnoDB AUTO_INCREMENT=896 DEFAULT CHARSET=utf8mb4 COLLATE=utf8mb4_bin;
/*!40101 SET character_set_client = @saved_cs_client */;

--
-- Dumping data for table `class`
--

LOCK TABLES `class` WRITE;
/*!40000 ALTER TABLE `class` DISABLE KEYS */;
INSERT INTO `class` VALUES (815,'Thiết kế giao diện người dùng INT1131 815','2018-01-11 00:00:00.000000','2019-04-01 00:00:00.000000','','INT1131 815',22),(816,'An ninh phần mềm INT1118 816','2018-04-01 00:00:00.000000','2019-02-15 00:00:00.000000','','INT1118 816',9),(817,'Tin học cơ sở 4 INT1121 817','2018-01-02 00:00:00.000000','2019-04-01 00:00:00.000000','','INT1121 817',12),(818,'Phát triển ứng dụng web INT1129 818','2018-01-31 00:00:00.000000','2019-02-15 00:00:00.000000','','INT1129 818',20),(819,'Phân tích và thiết kế thuật toán INT1130 819','2018-01-02 00:00:00.000000','2019-01-31 00:00:00.000000','','INT1130 819',21),(820,'Xử lý ảnh INT1111 820','2018-04-01 00:00:00.000000','2019-03-14 00:00:00.000000','','INT1111 820',2),(821,'An ninh phần mềm INT1118 821','2018-03-14 00:00:00.000000','2019-04-01 00:00:00.000000','','INT1118 821',9),(822,'Cơ sở dữ liệu INT1113 822','2018-02-01 00:00:00.000000','2019-02-01 00:00:00.000000','','INT1113 822',4),(823,'Hệ quản trị CSDL INT1123 823','2018-01-02 00:00:00.000000','2019-02-15 00:00:00.000000','','INT1123 823',14),(824,'Cơ sở dữ liệu INT1113 824','2018-03-14 00:00:00.000000','2019-02-15 00:00:00.000000','','INT1113 824',4),(825,'Đồ họa máy tính INT1119 825','2018-01-11 00:00:00.000000','2019-01-02 00:00:00.000000','','INT1119 825',10),(826,'Cấu trúc dữ liệu và giải thuật INT1117 826','2018-01-31 00:00:00.000000','2019-04-01 00:00:00.000000','','INT1117 826',8),(827,'Xử lý ảnh INT1111 827','2018-04-01 00:00:00.000000','2019-01-11 00:00:00.000000','','INT1111 827',2),(828,'Phát triển ứng dụng web INT1129 828','2018-03-14 00:00:00.000000','2019-01-02 00:00:00.000000','','INT1129 828',20),(829,'Mạng không dây INT1127 829','2018-01-31 00:00:00.000000','2019-01-31 00:00:00.000000','','INT1127 829',18),(830,'Phát triển ứng dụng web INT1129 830','2018-03-14 00:00:00.000000','2019-02-01 00:00:00.000000','','INT1129 830',20),(831,'Xác suất thống kê INT1116 831','2018-01-31 00:00:00.000000','2019-02-15 00:00:00.000000','','INT1116 831',7),(832,'Hệ quản trị CSDL INT1123 832','2018-01-11 00:00:00.000000','2019-01-11 00:00:00.000000','','INT1123 832',14),(833,'Thiết kế giao diện người dùng INT1131 833','2018-03-14 00:00:00.000000','2019-01-02 00:00:00.000000','','INT1131 833',22),(834,'Thị giác máy INT1112 834','2018-02-01 00:00:00.000000','2019-01-02 00:00:00.000000','','INT1112 834',3),(835,'Thực hành hệ điều hành mạng INT1134 835','2018-01-31 00:00:00.000000','2019-04-01 00:00:00.000000','','INT1134 835',25),(836,'Hệ quản trị CSDL INT1123 836','2018-02-01 00:00:00.000000','2019-04-01 00:00:00.000000','','INT1123 836',14),(837,'Nguyên lý hệ điều hành INT1114 837','2018-04-01 00:00:00.000000','2019-01-02 00:00:00.000000','','INT1114 837',5),(838,'Thị giác máy INT1112 838','2018-01-31 00:00:00.000000','2019-02-15 00:00:00.000000','','INT1112 838',3),(839,'Nguyên lý hệ điều hành INT1114 839','2018-01-11 00:00:00.000000','2019-03-14 00:00:00.000000','','INT1114 839',5),(840,'An toàn và an ninh mạng INT1115 840','2018-04-01 00:00:00.000000','2019-04-01 00:00:00.000000','','INT1115 840',6),(841,'Tin học cơ sở 4 INT1121 841','2018-01-02 00:00:00.000000','2019-04-01 00:00:00.000000','','INT1121 841',12),(842,'Phân tích đánh giá hiệu năng hệ thống máy tính INT1133 842','2018-02-15 00:00:00.000000','2019-04-01 00:00:00.000000','','INT1133 842',24),(843,'Nguyên lý hệ điều hành INT1114 843','2018-01-31 00:00:00.000000','2019-03-14 00:00:00.000000','','INT1114 843',5),(844,'Thiết kế giao diện người dùng INT1131 844','2018-01-31 00:00:00.000000','2019-04-01 00:00:00.000000','','INT1131 844',22),(845,'Lập trình hướng đối tượng INT1120 845','2018-01-11 00:00:00.000000','2019-02-15 00:00:00.000000','','INT1120 845',11),(846,'Lập trình hướng đối tượng INT1120 846','2018-01-11 00:00:00.000000','2019-02-15 00:00:00.000000','','INT1120 846',11),(847,'Kiến trúc máy tính INT1122 847','2018-01-11 00:00:00.000000','2019-04-01 00:00:00.000000','','INT1122 847',13),(848,'Quản lý dự án phần mềm INT1110 848','2018-02-01 00:00:00.000000','2019-01-31 00:00:00.000000','','INT1110 848',1),(849,'Tương tác người máy INT1128 849','2018-04-01 00:00:00.000000','2019-04-01 00:00:00.000000','','INT1128 849',19),(850,'An toàn và an ninh mạng INT1115 850','2018-03-14 00:00:00.000000','2019-04-01 00:00:00.000000','','INT1115 850',6),(851,'Tin học cơ sở 4 INT1121 851','2018-01-11 00:00:00.000000','2019-04-01 00:00:00.000000','','INT1121 851',12),(852,'Thị giác máy INT1112 852','2018-01-31 00:00:00.000000','2019-02-15 00:00:00.000000','','INT1112 852',3),(853,'Thiết kế giao diện người dùng INT1131 853','2018-01-02 00:00:00.000000','2019-02-15 00:00:00.000000','','INT1131 853',22),(854,'Phát triển ứng dụng web INT1129 854','2018-02-01 00:00:00.000000','2019-04-01 00:00:00.000000','','INT1129 854',20),(855,'Đồ họa máy tính INT1119 855','2018-01-31 00:00:00.000000','2019-03-14 00:00:00.000000','','INT1119 855',10),(856,'Tương tác người máy INT1128 856','2018-02-15 00:00:00.000000','2019-04-01 00:00:00.000000','','INT1128 856',19),(857,'Phát triển ứng dụng web INT1129 857','2018-01-11 00:00:00.000000','2019-01-31 00:00:00.000000','','INT1129 857',20),(858,'Cấu trúc dữ liệu và giải thuật INT1117 858','2018-01-11 00:00:00.000000','2019-01-11 00:00:00.000000','','INT1117 858',8),(859,'Các thiết bị mạng và môi trường truyền INT1135 859','2018-04-01 00:00:00.000000','2019-02-01 00:00:00.000000','','INT1135 859',26),(860,'Xử lý ảnh INT1111 860','2018-04-01 00:00:00.000000','2019-04-01 00:00:00.000000','','INT1111 860',2),(861,'Đồ họa máy tính INT1119 861','2018-01-02 00:00:00.000000','2019-02-01 00:00:00.000000','','INT1119 861',10),(862,'Phân tích đánh giá hiệu năng hệ thống máy tính INT1133 862','2018-01-11 00:00:00.000000','2019-01-02 00:00:00.000000','','INT1133 862',24),(863,'Lập trình mạng INT1126 863','2018-01-11 00:00:00.000000','2019-04-01 00:00:00.000000','','INT1126 863',17),(864,'Tương tác người máy INT1128 864','2018-01-31 00:00:00.000000','2019-01-02 00:00:00.000000','','INT1128 864',19),(865,'Mạng không dây INT1127 865','2018-03-14 00:00:00.000000','2019-02-15 00:00:00.000000','','INT1127 865',18),(866,'Phân tích và thiết kế thuật toán INT1130 866','2018-04-01 00:00:00.000000','2019-01-11 00:00:00.000000','','INT1130 866',21),(867,'Lập trình mạng INT1126 867','2018-03-14 00:00:00.000000','2019-04-01 00:00:00.000000','','INT1126 867',17),(868,'An ninh phần mềm INT1118 868','2018-02-01 00:00:00.000000','2019-01-02 00:00:00.000000','','INT1118 868',9),(869,'Phát triển ứng dụng web INT1129 869','2018-04-01 00:00:00.000000','2019-02-15 00:00:00.000000','','INT1129 869',20),(870,'Cơ sở dữ liệu INT1113 870','2018-03-14 00:00:00.000000','2019-01-31 00:00:00.000000','','INT1113 870',4),(871,'An ninh phần mềm INT1118 871','2018-02-01 00:00:00.000000','2019-01-02 00:00:00.000000','','INT1118 871',9),(872,'Cấu trúc dữ liệu và giải thuật INT1117 872','2018-02-15 00:00:00.000000','2019-02-15 00:00:00.000000','','INT1117 872',8),(873,'Phân tích và thiết kế thuật toán INT1130 873','2018-04-01 00:00:00.000000','2019-04-01 00:00:00.000000','','INT1130 873',21),(874,'Hệ quản trị CSDL INT1123 874','2018-01-02 00:00:00.000000','2019-01-31 00:00:00.000000','','INT1123 874',14),(875,'Cấu trúc dữ liệu và giải thuật INT1117 875','2018-04-01 00:00:00.000000','2019-04-01 00:00:00.000000','','INT1117 875',8),(876,'Nguyên lý hệ điều hành INT1114 876','2018-01-31 00:00:00.000000','2019-01-31 00:00:00.000000','','INT1114 876',5),(877,'An toàn và an ninh mạng INT1115 877','2018-01-11 00:00:00.000000','2019-04-01 00:00:00.000000','','INT1115 877',6),(878,'Các vấn đề hiện đại CNTT INT1124 878','2018-04-01 00:00:00.000000','2019-04-01 00:00:00.000000','','INT1124 878',15),(879,'Xác suất thống kê INT1116 879','2018-02-15 00:00:00.000000','2019-04-01 00:00:00.000000','','INT1116 879',7),(880,'An ninh phần mềm INT1118 880','2018-01-11 00:00:00.000000','2019-01-31 00:00:00.000000','','INT1118 880',9),(881,'Các chủ đề hiện đại của HTTT INT1132 881','2018-04-01 00:00:00.000000','2019-04-01 00:00:00.000000','','INT1132 881',23),(882,'Cấu trúc dữ liệu và giải thuật INT1117 882','2018-01-11 00:00:00.000000','2019-02-01 00:00:00.000000','','INT1117 882',8),(883,'Tương tác người máy INT1128 883','2018-01-02 00:00:00.000000','2019-01-02 00:00:00.000000','','INT1128 883',19),(884,'Tin học cơ sở 4 INT1121 884','2018-02-01 00:00:00.000000','2019-04-01 00:00:00.000000','','INT1121 884',12),(885,'Xử lý ảnh INT1111 885','2018-04-01 00:00:00.000000','2019-01-02 00:00:00.000000','','INT1111 885',2),(886,'Cơ sở dữ liệu INT1113 886','2018-02-15 00:00:00.000000','2019-01-11 00:00:00.000000','','INT1113 886',4),(887,'Các vấn đề hiện đại CNTT INT1124 887','2018-03-14 00:00:00.000000','2019-02-15 00:00:00.000000','','INT1124 887',15),(888,'Đồ họa máy tính INT1119 888','2018-03-14 00:00:00.000000','2019-03-14 00:00:00.000000','','INT1119 888',10),(889,'Kiến trúc máy tính INT1122 889','2018-12-10 00:00:00.000000','2019-01-20 00:00:00.000000','M','INT1122 889',13),(890,'Nguyên lý hệ điều hành INT1114 890','2018-12-08 00:00:00.000000','2018-12-29 00:00:00.000000','An Toàn An Ninh Mạng','INT1114 890',5),(891,'Lập trình hướng đối tượng INT1120 891','2018-12-30 00:00:00.000000','2019-01-17 00:00:00.000000','nb ','INT1120 891',11),(892,'Nguyên lý hệ điều hành INT1114 892','2018-11-06 00:00:00.000000','2018-12-05 00:00:00.000000','kjn','INT1114 892',5),(893,'Các vấn đề hiện đại CNTT INT1124 893','2018-12-30 00:00:00.000000','2019-01-19 00:00:00.000000','DASC','INT1124 893',15),(894,'Tin học cơ sở 4 INT1121 894','2018-12-21 00:00:00.000000','2018-12-29 00:00:00.000000','sưd','INT1121 894',12),(895,'Xác suất thống kê INT1116 895','2018-12-13 00:00:00.000000','2018-12-21 00:00:00.000000','ỵu','INT1116 895',7);
/*!40000 ALTER TABLE `class` ENABLE KEYS */;
UNLOCK TABLES;

--
-- Table structure for table `class_lecturer`
--

DROP TABLE IF EXISTS `class_lecturer`;
/*!40101 SET @saved_cs_client     = @@character_set_client */;
/*!40101 SET character_set_client = utf8 */;
CREATE TABLE `class_lecturer` (
  `id` int(11) NOT NULL AUTO_INCREMENT,
  `lecturer_id` int(11) DEFAULT NULL,
  `own_class_id` int(11) DEFAULT NULL,
  PRIMARY KEY (`id`),
  KEY `class_lecturer_own_class_id_fb70a29f_fk_class_id` (`own_class_id`),
  KEY `class_lecturer_lecturer_id_f1e9fb6d_fk_user_id` (`lecturer_id`),
  CONSTRAINT `class_lecturer_lecturer_id_f1e9fb6d_fk_user_id` FOREIGN KEY (`lecturer_id`) REFERENCES `user` (`id`),
  CONSTRAINT `class_lecturer_own_class_id_fb70a29f_fk_class_id` FOREIGN KEY (`own_class_id`) REFERENCES `class` (`id`)
) ENGINE=InnoDB AUTO_INCREMENT=371 DEFAULT CHARSET=utf8mb4 COLLATE=utf8mb4_bin;
/*!40101 SET character_set_client = @saved_cs_client */;

--
-- Dumping data for table `class_lecturer`
--

LOCK TABLES `class_lecturer` WRITE;
/*!40000 ALTER TABLE `class_lecturer` DISABLE KEYS */;
INSERT INTO `class_lecturer` VALUES (290,4552,815),(291,4584,815),(292,4512,816),(293,4583,816),(294,4587,817),(295,4545,817),(296,4601,818),(297,4578,818),(298,4550,819),(299,4519,819),(300,4542,820),(301,4565,820),(302,4528,821),(303,4508,821),(304,4529,822),(305,4556,822),(306,4514,823),(307,4544,823),(308,4520,824),(309,4515,825),(310,4524,825),(311,4602,826),(312,4593,826),(313,4548,827),(314,4573,827),(315,4571,828),(316,4558,828),(317,4582,829),(318,4576,831),(319,4546,832),(320,4595,833),(321,4594,833),(322,4574,834),(323,4536,834),(324,4561,835),(325,4580,836),(326,4537,836),(327,4510,837),(328,4567,838),(329,4597,839),(330,4522,841),(331,4513,841),(332,4599,843),(333,4541,843),(334,4533,844),(335,4562,844),(336,4590,845),(337,4555,846),(338,4606,846),(339,4596,847),(340,4569,847),(341,4564,848),(342,4525,849),(343,4560,853),(344,4531,855),(345,4553,856),(346,4600,858),(347,4585,859),(348,4563,862),(349,4534,863),(350,4568,866),(351,4603,867),(352,4521,867),(353,4527,868),(354,4566,868),(355,4540,873),(356,4530,876),(357,4607,877),(358,4518,879),(359,4605,880),(360,4549,882),(361,4604,883),(362,4559,884),(363,4572,888),(364,4552,889),(365,4552,890),(366,4552,891),(367,4552,892),(368,4552,893),(369,4552,894),(370,4552,895);
/*!40000 ALTER TABLE `class_lecturer` ENABLE KEYS */;
UNLOCK TABLES;

--
-- Table structure for table `class_student`
--

DROP TABLE IF EXISTS `class_student`;
/*!40101 SET @saved_cs_client     = @@character_set_client */;
/*!40101 SET character_set_client = utf8 */;
CREATE TABLE `class_student` (
  `id` int(11) NOT NULL AUTO_INCREMENT,
  `own_class_id` int(11) DEFAULT NULL,
  `student_id` int(11) DEFAULT NULL,
  PRIMARY KEY (`id`),
  KEY `class_student_own_class_id_c60379ad_fk_class_id` (`own_class_id`),
  KEY `class_student_student_id_b3a11024_fk_user_id` (`student_id`),
  CONSTRAINT `class_student_own_class_id_c60379ad_fk_class_id` FOREIGN KEY (`own_class_id`) REFERENCES `class` (`id`),
  CONSTRAINT `class_student_student_id_b3a11024_fk_user_id` FOREIGN KEY (`student_id`) REFERENCES `user` (`id`)
) ENGINE=InnoDB AUTO_INCREMENT=2430 DEFAULT CHARSET=utf8mb4 COLLATE=utf8mb4_bin;
/*!40101 SET character_set_client = @saved_cs_client */;

--
-- Dumping data for table `class_student`
--

LOCK TABLES `class_student` WRITE;
/*!40000 ALTER TABLE `class_student` DISABLE KEYS */;
INSERT INTO `class_student` VALUES (1905,815,4812),(1907,815,5046),(1908,815,4621),(1909,815,4995),(1910,815,4789),(1911,815,4688),(1912,815,4716),(1913,815,4895),(1915,815,5100),(1916,815,5051),(1917,815,5054),(1918,815,4753),(1919,815,4710),(1920,815,5064),(1921,815,4951),(1922,815,4803),(1923,815,4938),(1924,815,4857),(1925,815,4879),(1926,815,4664),(1927,815,4944),(1929,815,5028),(1930,815,4749),(1931,815,4916),(1932,815,4721),(1933,815,4654),(1934,815,4968),(1935,815,5102),(1936,815,5063),(1937,815,4917),(1938,815,4849),(1939,815,5043),(1940,815,4723),(1941,815,4868),(1943,816,4858),(1944,816,4855),(1945,816,4918),(1946,816,4913),(1947,816,4791),(1948,816,4676),(1949,816,4828),(1950,816,5076),(1951,816,4620),(1952,816,4653),(1953,816,4650),(1954,816,5050),(1955,816,4796),(1956,816,4761),(1957,816,4816),(1958,816,4663),(1959,816,5040),(1960,816,4740),(1961,816,5099),(1962,816,4865),(1963,816,4701),(1964,816,4762),(1965,816,4698),(1966,816,5001),(1967,816,4730),(1968,816,4862),(1969,816,4705),(1970,816,4832),(1971,816,4636),(1972,816,4752),(1973,816,4690),(1974,816,5013),(1975,816,5094),(1976,816,4829),(1977,816,4999),(1978,816,4822),(1979,816,4910),(1980,817,4673),(1981,817,4833),(1982,817,4735),(1983,817,5089),(1984,817,4924),(1985,817,5032),(1986,817,4727),(1987,817,4773),(1988,817,4661),(1989,817,4926),(1990,817,5072),(1991,817,4724),(1992,817,4802),(1993,817,4925),(1994,817,4886),(1995,817,4777),(1996,817,4614),(1997,817,4844),(1998,817,5011),(1999,817,5006),(2000,817,4675),(2001,817,4731),(2002,817,4994),(2003,817,4751),(2004,817,4982),(2005,817,5057),(2006,817,4923),(2007,817,4839),(2008,817,5021),(2009,818,4984),(2010,818,4764),(2011,818,4872),(2012,818,4788),(2013,818,4888),(2014,818,4733),(2015,818,4684),(2016,818,4876),(2017,818,5017),(2018,818,4611),(2019,818,4996),(2020,818,5007),(2021,818,4820),(2022,818,4709),(2023,818,4797),(2024,818,4712),(2025,818,4671),(2026,818,4889),(2027,818,4961),(2028,818,4903),(2029,818,4638),(2030,818,4863),(2031,818,4618),(2032,818,4674),(2033,818,4979),(2034,818,5038),(2035,818,5086),(2036,818,4946),(2037,818,4993),(2038,818,5070),(2039,818,4817),(2040,819,4934),(2041,819,4702),(2043,819,5052),(2044,819,4937),(2045,819,4851),(2046,819,4770),(2047,819,4987),(2048,819,4949),(2049,819,5037),(2050,819,4632),(2051,819,5008),(2052,819,4810),(2053,819,4760),(2054,819,4953),(2055,819,4668),(2056,819,4864),(2057,819,4908),(2058,819,4882),(2059,819,4665),(2060,819,4729),(2061,819,4699),(2062,819,4738),(2064,819,4628),(2065,819,5104),(2066,819,4645),(2067,819,4985),(2068,819,5088),(2069,820,4852),(2070,820,5055),(2071,820,4853),(2072,820,4912),(2073,820,4706),(2074,820,4772),(2075,820,4634),(2076,820,4907),(2077,820,4991),(2078,820,4809),(2079,820,4679),(2080,820,4950),(2081,820,4900),(2082,820,5095),(2083,820,4958),(2084,820,4649),(2085,820,4694),(2086,820,4807),(2087,820,5074),(2088,820,4801),(2089,820,5071),(2090,820,4786),(2091,820,4906),(2092,820,4656),(2093,820,4942),(2094,821,5096),(2095,821,4714),(2096,821,5081),(2097,821,4901),(2098,821,4909),(2099,821,5010),(2100,821,4850),(2101,821,4608),(2102,821,4746),(2103,821,4978),(2104,821,4922),(2105,821,4929),(2106,821,4811),(2107,821,4741),(2108,821,5002),(2109,821,4827),(2110,821,5103),(2111,821,5075),(2112,821,4732),(2113,821,4932),(2114,821,4867),(2115,821,4728),(2116,821,5016),(2117,821,4824),(2118,821,4930),(2119,822,5087),(2120,822,4655),(2121,822,4813),(2122,822,4757),(2123,822,4804),(2124,822,4765),(2125,822,4785),(2126,822,5012),(2127,822,4659),(2128,822,4933),(2129,822,4869),(2130,822,4884),(2131,822,4997),(2132,822,5106),(2133,822,5019),(2134,822,5020),(2135,822,5067),(2136,822,4689),(2137,822,4744),(2138,822,4780),(2139,822,4726),(2140,822,4683),(2141,823,4861),(2142,823,4954),(2143,823,5069),(2144,823,4692),(2145,823,4739),(2146,823,4717),(2147,823,4695),(2148,823,4787),(2149,823,4745),(2150,823,5101),(2151,823,4980),(2152,823,5097),(2153,823,4911),(2154,823,4748),(2155,823,4778),(2156,823,4691),(2157,823,5068),(2158,823,4800),(2159,823,5061),(2160,824,4890),(2161,824,4877),(2162,824,4964),(2163,824,4623),(2164,824,4759),(2165,824,4986),(2166,824,4725),(2167,824,4680),(2168,824,5042),(2169,824,4883),(2170,824,4622),(2171,824,5031),(2172,824,4639),(2173,824,4902),(2174,824,4633),(2175,824,4626),(2176,824,5105),(2177,824,4747),(2178,824,4873),(2179,825,4920),(2180,825,5080),(2181,825,5045),(2182,825,4963),(2183,825,5027),(2184,825,4981),(2185,825,4940),(2186,825,4781),(2187,825,4625),(2188,825,5022),(2189,825,4672),(2190,825,4687),(2191,825,4782),(2192,825,5107),(2193,825,4880),(2194,825,4722),(2195,825,4830),(2196,825,4768),(2197,825,5078),(2198,826,4891),(2199,826,4707),(2200,826,4988),(2201,826,4635),(2202,826,4845),(2203,826,4898),(2204,826,4975),(2205,826,4693),(2206,826,4881),(2207,827,4870),(2208,827,5034),(2209,827,4629),(2210,827,4837),(2211,827,5065),(2212,827,4737),(2213,827,4972),(2214,827,5092),(2215,827,4703),(2216,827,4795),(2217,827,4874),(2218,827,4792),(2219,827,4973),(2220,827,4823),(2221,827,4840),(2222,827,4763),(2223,827,5047),(2224,827,5058),(2225,827,4836),(2226,827,4711),(2227,827,4669),(2228,827,4974),(2229,827,4624),(2230,827,5009),(2231,828,4941),(2232,828,5030),(2233,828,4719),(2234,828,5073),(2235,828,5044),(2236,828,5090),(2237,828,4887),(2238,828,5033),(2239,828,4843),(2240,829,4992),(2241,829,4696),(2242,829,4754),(2243,829,4854),(2244,829,4775),(2245,829,5041),(2246,829,4682),(2247,829,4774),(2248,829,4700),(2249,829,4734),(2250,829,5024),(2251,830,4677),(2252,830,4835),(2253,830,4928),(2254,830,5053),(2255,830,4927),(2256,830,4915),(2257,830,4960),(2258,830,4766),(2259,830,5023),(2260,830,4630),(2261,830,4647),(2262,830,4794),(2263,830,4742),(2264,830,4642),(2265,831,4969),(2266,831,4998),(2267,831,5077),(2268,831,4838),(2269,831,4808),(2270,831,4783),(2271,831,5004),(2272,831,5014),(2273,831,5098),(2274,831,4658),(2275,831,4896),(2276,831,4617),(2277,832,4697),(2278,832,4610),(2279,832,4612),(2280,832,4859),(2281,832,4769),(2282,832,4657),(2283,832,4885),(2284,832,4685),(2285,832,4894),(2286,833,4609),(2287,833,4646),(2288,833,4776),(2289,833,5079),(2290,833,4826),(2291,833,5066),(2292,834,5025),(2293,834,4814),(2294,834,4939),(2295,834,4875),(2296,834,4793),(2297,834,4641),(2298,834,4715),(2299,834,4662),(2300,835,4648),(2301,835,4652),(2302,835,4678),(2303,835,4806),(2304,835,4718),(2305,835,4856),(2306,835,4967),(2307,835,4831),(2308,835,4720),(2309,835,4815),(2310,836,4631),(2311,836,4904),(2312,836,5091),(2313,836,5018),(2314,836,4848),(2315,837,4825),(2316,837,4841),(2317,837,4667),(2318,837,4779),(2319,837,4914),(2320,838,5000),(2321,838,4651),(2322,838,4878),(2323,838,4955),(2324,838,5062),(2325,838,4767),(2326,838,4921),(2327,838,5049),(2328,838,5048),(2329,838,5003),(2330,839,4962),(2331,839,4643),(2332,839,4771),(2333,839,5035),(2334,839,4790),(2335,839,4989),(2336,839,4957),(2337,840,4892),(2338,840,4936),(2339,840,4613),(2340,840,4627),(2341,840,5056),(2342,840,4750),(2343,841,4743),(2344,841,5005),(2345,841,4805),(2346,841,4681),(2347,841,4784),(2348,842,4798),(2349,842,4755),(2350,842,4977),(2351,842,4976),(2352,842,4952),(2353,843,4640),(2354,843,4842),(2355,843,4905),(2356,843,4799),(2357,844,4971),(2358,844,4758),(2359,845,4713),(2360,845,4708),(2361,845,5059),(2362,845,4704),(2363,846,4860),(2364,846,4966),(2365,846,5060),(2366,846,5036),(2367,846,5084),(2368,846,4666),(2369,846,4899),(2370,846,4945),(2371,847,4970),(2372,847,4616),(2373,847,4935),(2374,848,4847),(2375,848,4947),(2376,849,4644),(2377,849,4965),(2378,849,4897),(2379,850,4821),(2380,851,4931),(2381,852,4919),(2382,852,4818),(2383,853,4948),(2384,853,4956),(2385,853,4983),(2386,854,4819),(2387,854,4736),(2388,855,5026),(2389,858,4943),(2390,861,5083),(2391,861,5029),(2392,861,4846),(2393,863,4686),(2394,864,5015),(2395,866,5082),(2396,869,4990),(2397,871,5085),(2398,871,4637),(2399,873,4834),(2400,874,5093),(2401,879,4619),(2403,882,4866),(2404,815,4970),(2405,815,5098),(2406,815,4906),(2407,815,5072),(2408,815,5094),(2409,815,4848),(2414,816,4627),(2415,816,4687),(2416,816,4778),(2417,816,4709),(2418,816,4749),(2419,816,4950),(2420,816,4834),(2421,817,4621),(2422,817,5027),(2423,817,4903),(2424,817,4646),(2425,817,4713),(2426,817,4812),(2427,817,5067),(2428,880,4958),(2429,819,4631);
/*!40000 ALTER TABLE `class_student` ENABLE KEYS */;
UNLOCK TABLES;

--
-- Table structure for table `course_category`
--

DROP TABLE IF EXISTS `course_category`;
/*!40101 SET @saved_cs_client     = @@character_set_client */;
/*!40101 SET character_set_client = utf8 */;
CREATE TABLE `course_category` (
  `id` int(11) NOT NULL AUTO_INCREMENT,
  `name` varchar(255) COLLATE utf8mb4_bin NOT NULL,
  PRIMARY KEY (`id`)
) ENGINE=InnoDB AUTO_INCREMENT=9 DEFAULT CHARSET=utf8mb4 COLLATE=utf8mb4_bin;
/*!40101 SET character_set_client = @saved_cs_client */;

--
-- Dumping data for table `course_category`
--

LOCK TABLES `course_category` WRITE;
/*!40000 ALTER TABLE `course_category` DISABLE KEYS */;
INSERT INTO `course_category` VALUES (1,'CNTT'),(2,'Ngoại Ngữ'),(3,'Toán'),(4,'Chính trị'),(5,'Vật lý'),(6,'Điện tử viễn thông'),(7,'Cơ học kỹ thuật & tự động hóa'),(8,'Vật lý kỹ thuật & CN Nano');
/*!40000 ALTER TABLE `course_category` ENABLE KEYS */;
UNLOCK TABLES;

--
-- Table structure for table `django_admin_log`
--

DROP TABLE IF EXISTS `django_admin_log`;
/*!40101 SET @saved_cs_client     = @@character_set_client */;
/*!40101 SET character_set_client = utf8 */;
CREATE TABLE `django_admin_log` (
  `id` int(11) NOT NULL AUTO_INCREMENT,
  `action_time` datetime(6) NOT NULL,
  `object_id` longtext COLLATE utf8mb4_bin,
  `object_repr` varchar(200) COLLATE utf8mb4_bin NOT NULL,
  `action_flag` smallint(5) unsigned NOT NULL,
  `change_message` longtext COLLATE utf8mb4_bin NOT NULL,
  `content_type_id` int(11) DEFAULT NULL,
  `user_id` int(11) NOT NULL,
  PRIMARY KEY (`id`),
  KEY `django_admin_log_content_type_id_c4bce8eb_fk_django_co` (`content_type_id`),
  KEY `django_admin_log_user_id_c564eba6_fk_user_id` (`user_id`),
  CONSTRAINT `django_admin_log_content_type_id_c4bce8eb_fk_django_co` FOREIGN KEY (`content_type_id`) REFERENCES `django_content_type` (`id`),
  CONSTRAINT `django_admin_log_user_id_c564eba6_fk_user_id` FOREIGN KEY (`user_id`) REFERENCES `user` (`id`)
) ENGINE=InnoDB AUTO_INCREMENT=4055 DEFAULT CHARSET=utf8mb4 COLLATE=utf8mb4_bin;
/*!40101 SET character_set_client = @saved_cs_client */;

--
-- Dumping data for table `django_admin_log`
--

LOCK TABLES `django_admin_log` WRITE;
/*!40000 ALTER TABLE `django_admin_log` DISABLE KEYS */;
INSERT INTO `django_admin_log` VALUES (3825,'2018-12-10 11:00:37.098655','4507','Admin: tuan',2,'[{\"changed\": {\"fields\": [\"code\", \"group\"]}}]',7,4507),(3826,'2018-12-10 11:05:38.503805','593','Class : Thiết kế giao diện người dùng INT1131 593',3,'',8,4507),(3827,'2018-12-10 11:05:38.679764','594','Class : Nguyên lý hệ điều hành INT1114 594',3,'',8,4507),(3828,'2018-12-10 11:05:38.785235','595','Class : Các thiết bị mạng và môi trường truyền INT1135 595',3,'',8,4507),(3829,'2018-12-10 11:05:39.010458','596','Class : Lập trình mạng INT1126 596',3,'',8,4507),(3830,'2018-12-10 11:05:39.081367','597','Class : Xác suất thống kê INT1116 597',3,'',8,4507),(3831,'2018-12-10 11:05:39.148065','598','Class : Xác suất thống kê INT1116 598',3,'',8,4507),(3832,'2018-12-10 11:05:39.203944','599','Class : Nguyên lý hệ điều hành INT1114 599',3,'',8,4507),(3833,'2018-12-10 11:05:39.281547','600','Class : Đồ họa máy tính INT1119 600',3,'',8,4507),(3834,'2018-12-10 11:05:39.348346','601','Class : Mạng không dây INT1127 601',3,'',8,4507),(3835,'2018-12-10 11:05:39.403662','602','Class : Quản lý dự án phần mềm INT1110 602',3,'',8,4507),(3836,'2018-12-10 11:05:39.494372','603','Class : Lập trình mạng INT1126 603',3,'',8,4507),(3837,'2018-12-10 11:05:39.660437','604','Class : Phân tích đánh giá hiệu năng hệ thống máy tính INT1133 604',3,'',8,4507),(3838,'2018-12-10 11:05:39.750004','605','Class : Mạng không dây INT1127 605',3,'',8,4507),(3839,'2018-12-10 11:05:39.827053','606','Class : Các vấn đề hiện đại CNTT INT1124 606',3,'',8,4507),(3840,'2018-12-10 11:05:39.905155','607','Class : An toàn và an ninh mạng INT1115 607',3,'',8,4507),(3841,'2018-12-10 11:05:39.983045','608','Class : Lập trình mạng INT1126 608',3,'',8,4507),(3842,'2018-12-10 11:05:40.060967','609','Class : An ninh phần mềm INT1118 609',3,'',8,4507),(3843,'2018-12-10 11:05:40.137461','610','Class : Các thiết bị mạng và môi trường truyền INT1135 610',3,'',8,4507),(3844,'2018-12-10 11:05:40.193253','611','Class : Đồ họa máy tính INT1119 611',3,'',8,4507),(3845,'2018-12-10 11:05:40.249491','612','Class : Thực hành hệ điều hành mạng INT1134 612',3,'',8,4507),(3846,'2018-12-10 11:05:40.337986','613','Class : Thực hành hệ điều hành mạng INT1134 613',3,'',8,4507),(3847,'2018-12-10 11:05:40.404610','614','Class : Thị giác máy INT1112 614',3,'',8,4507),(3848,'2018-12-10 11:05:40.460984','615','Class : Phân tích đánh giá hiệu năng hệ thống máy tính INT1133 615',3,'',8,4507),(3849,'2018-12-10 11:05:40.550537','616','Class : Mạng không dây INT1127 616',3,'',8,4507),(3850,'2018-12-10 11:05:40.773317','617','Class : Phân tích và thiết kế thuật toán INT1130 617',3,'',8,4507),(3851,'2018-12-10 11:05:40.873395','618','Class : Nguyên lý hệ điều hành INT1114 618',3,'',8,4507),(3852,'2018-12-10 11:05:40.950254','619','Class : Quản lý dự án phần mềm INT1110 619',3,'',8,4507),(3853,'2018-12-10 11:05:41.040059','620','Class : Mạng không dây INT1127 620',3,'',8,4507),(3854,'2018-12-10 11:05:41.117422','621','Class : Nguyên lý hệ điều hành INT1114 621',3,'',8,4507),(3855,'2018-12-10 11:05:41.195023','622','Class : Thực hành hệ điều hành mạng INT1134 622',3,'',8,4507),(3856,'2018-12-10 11:05:41.273470','623','Class : Phân tích và thiết kế thuật toán INT1130 623',3,'',8,4507),(3857,'2018-12-10 11:05:41.340406','624','Class : Lập trình hướng đối tượng INT1120 624',3,'',8,4507),(3858,'2018-12-10 11:05:41.406837','625','Class : Xử lý ảnh INT1111 625',3,'',8,4507),(3859,'2018-12-10 11:05:41.473052','626','Class : Phát triển ứng dụng web INT1129 626',3,'',8,4507),(3860,'2018-12-10 11:05:41.539794','627','Class : Xác suất thống kê INT1116 627',3,'',8,4507),(3861,'2018-12-10 11:05:41.606377','628','Class : Phát triển ứng dụng web INT1129 628',3,'',8,4507),(3862,'2018-12-10 11:05:41.673117','629','Class : Mạng không dây INT1127 629',3,'',8,4507),(3863,'2018-12-10 11:05:41.863389','630','Class : Xử lý ảnh INT1111 630',3,'',8,4507),(3864,'2018-12-10 11:05:41.918754','631','Class : Đồ họa máy tính INT1119 631',3,'',8,4507),(3865,'2018-12-10 11:05:41.963984','632','Class : Thị giác máy INT1112 632',3,'',8,4507),(3866,'2018-12-10 11:05:42.030490','633','Class : Phát triển ứng dụng web INT1129 633',3,'',8,4507),(3867,'2018-12-10 11:05:42.108627','634','Class : Lập trình mạng INT1126 634',3,'',8,4507),(3868,'2018-12-10 11:05:42.175289','635','Class : Phân tích và thiết kế thuật toán INT1130 635',3,'',8,4507),(3869,'2018-12-10 11:05:42.230253','636','Class : Kiến trúc máy tính INT1122 636',3,'',8,4507),(3870,'2018-12-10 11:05:42.275292','637','Class : An toàn và an ninh mạng INT1115 637',3,'',8,4507),(3871,'2018-12-10 11:05:42.330544','638','Class : Quản lý dự án phần mềm INT1110 638',3,'',8,4507),(3872,'2018-12-10 11:05:42.386858','639','Class : Phân tích đánh giá hiệu năng hệ thống máy tính INT1133 639',3,'',8,4507),(3873,'2018-12-10 11:05:42.452988','640','Class : Phân tích thiết kế HTTT INT1125 640',3,'',8,4507),(3874,'2018-12-10 11:05:42.508888','641','Class : Xác suất thống kê INT1116 641',3,'',8,4507),(3875,'2018-12-10 11:05:42.575887','642','Class : Tin học cơ sở 4 INT1121 642',3,'',8,4507),(3876,'2018-12-10 11:05:42.631302','643','Class : Thiết kế giao diện người dùng INT1131 643',3,'',8,4507),(3877,'2018-12-10 11:05:42.708445','644','Class : Xử lý ảnh INT1111 644',3,'',8,4507),(3878,'2018-12-10 11:05:42.764764','645','Class : Thực hành hệ điều hành mạng INT1134 645',3,'',8,4507),(3879,'2018-12-10 11:05:42.846512','646','Class : Xác suất thống kê INT1116 646',3,'',8,4507),(3880,'2018-12-10 11:05:42.921291','647','Class : Xử lý ảnh INT1111 647',3,'',8,4507),(3881,'2018-12-10 11:05:43.060237','648','Class : Tương tác người máy INT1128 648',3,'',8,4507),(3882,'2018-12-10 11:05:43.132054','649','Class : Cơ sở dữ liệu INT1113 649',3,'',8,4507),(3883,'2018-12-10 11:05:43.232256','650','Class : Các thiết bị mạng và môi trường truyền INT1135 650',3,'',8,4507),(3884,'2018-12-10 11:05:43.299446','651','Class : Nguyên lý hệ điều hành INT1114 651',3,'',8,4507),(3885,'2018-12-10 11:05:43.354912','652','Class : Phân tích và thiết kế thuật toán INT1130 652',3,'',8,4507),(3886,'2018-12-10 11:05:43.410918','653','Class : Cấu trúc dữ liệu và giải thuật INT1117 653',3,'',8,4507),(3887,'2018-12-10 11:05:43.466181','654','Class : Mạng không dây INT1127 654',3,'',8,4507),(3888,'2018-12-10 11:05:43.522349','655','Class : Đồ họa máy tính INT1119 655',3,'',8,4507),(3889,'2018-12-10 11:05:43.577419','656','Class : Các vấn đề hiện đại CNTT INT1124 656',3,'',8,4507),(3890,'2018-12-10 11:05:43.632933','657','Class : Phân tích đánh giá hiệu năng hệ thống máy tính INT1133 657',3,'',8,4507),(3891,'2018-12-10 11:05:43.690010','658','Class : Mạng không dây INT1127 658',3,'',8,4507),(3892,'2018-12-10 11:05:43.756234','659','Class : Các vấn đề hiện đại CNTT INT1124 659',3,'',8,4507),(3893,'2018-12-10 11:05:43.810776','660','Class : Cấu trúc dữ liệu và giải thuật INT1117 660',3,'',8,4507),(3894,'2018-12-10 11:05:43.866934','661','Class : Hệ quản trị CSDL INT1123 661',3,'',8,4507),(3895,'2018-12-10 11:05:44.022726','662','Class : Nguyên lý hệ điều hành INT1114 662',3,'',8,4507),(3896,'2018-12-10 11:05:44.100713','663','Class : Lập trình mạng INT1126 663',3,'',8,4507),(3897,'2018-12-10 11:05:44.200841','664','Class : Các chủ đề hiện đại của HTTT INT1132 664',3,'',8,4507),(3898,'2018-12-10 11:05:44.278531','665','Class : Các vấn đề hiện đại CNTT INT1124 665',3,'',8,4507),(3899,'2018-12-10 11:05:44.345316','666','Class : Tương tác người máy INT1128 666',3,'',8,4507),(3900,'2018-12-10 11:05:44.423940','667','Class : Tin học cơ sở 4 INT1121 667',3,'',8,4507),(3901,'2018-12-10 11:05:44.490647','668','Class : Các chủ đề hiện đại của HTTT INT1132 668',3,'',8,4507),(3902,'2018-12-10 11:05:44.556044','669','Class : Kiến trúc máy tính INT1122 669',3,'',8,4507),(3903,'2018-12-10 11:05:44.612110','670','Class : Các chủ đề hiện đại của HTTT INT1132 670',3,'',8,4507),(3904,'2018-12-10 11:05:44.678836','671','Class : Các thiết bị mạng và môi trường truyền INT1135 671',3,'',8,4507),(3905,'2018-12-10 11:05:44.745702','672','Class : Thị giác máy INT1112 672',3,'',8,4507),(3906,'2018-12-10 11:05:44.822959','673','Class : Phát triển ứng dụng web INT1129 673',3,'',8,4507),(3907,'2018-12-10 11:05:44.879084','674','Class : Quản lý dự án phần mềm INT1110 674',3,'',8,4507),(3908,'2018-12-10 11:05:44.945534','675','Class : Lập trình mạng INT1126 675',3,'',8,4507),(3909,'2018-12-10 11:05:45.001082','676','Class : Thực hành hệ điều hành mạng INT1134 676',3,'',8,4507),(3910,'2018-12-10 11:05:45.067773','677','Class : Cơ sở dữ liệu INT1113 677',3,'',8,4507),(3911,'2018-12-10 11:05:45.123710','678','Class : Nguyên lý hệ điều hành INT1114 678',3,'',8,4507),(3912,'2018-12-10 11:05:45.179649','679','Class : Phân tích và thiết kế thuật toán INT1130 679',3,'',8,4507),(3913,'2018-12-10 11:05:45.246248','680','Class : Tương tác người máy INT1128 680',3,'',8,4507),(3914,'2018-12-10 11:05:45.312898','681','Class : An toàn và an ninh mạng INT1115 681',3,'',8,4507),(3915,'2018-12-10 11:05:45.413219','682','Class : Thị giác máy INT1112 682',3,'',8,4507),(3916,'2018-12-10 11:05:45.479795','683','Class : Đồ họa máy tính INT1119 683',3,'',8,4507),(3917,'2018-12-10 11:05:45.547012','684','Class : Thực hành hệ điều hành mạng INT1134 684',3,'',8,4507),(3918,'2018-12-10 11:05:45.601485','685','Class : Đồ họa máy tính INT1119 685',3,'',8,4507),(3919,'2018-12-10 11:05:45.647068','686','Class : Hệ quản trị CSDL INT1123 686',3,'',8,4507),(3920,'2018-12-10 11:05:45.715000','687','Class : Cơ sở dữ liệu INT1113 687',3,'',8,4507),(3921,'2018-12-10 11:05:45.770445','688','Class : Thiết kế giao diện người dùng INT1131 688',3,'',8,4507),(3922,'2018-12-10 11:05:45.825976','689','Class : Kiến trúc máy tính INT1122 689',3,'',8,4507),(3923,'2018-12-10 11:05:45.882075','690','Class : Nguyên lý hệ điều hành INT1114 690',3,'',8,4507),(3924,'2018-12-10 11:05:45.948391','691','Class : Phát triển ứng dụng web INT1129 691',3,'',8,4507),(3925,'2018-12-10 11:05:46.004418','692','Class : Các thiết bị mạng và môi trường truyền INT1135 692',3,'',8,4507),(3926,'2018-12-10 11:05:46.082048','693','Class : Quản lý dự án phần mềm INT1110 693',3,'',8,4507),(3927,'2018-12-10 11:05:46.148968','694','Class : Phân tích và thiết kế thuật toán INT1130 694',3,'',8,4507),(3928,'2018-12-10 11:05:46.215684','695','Class : An toàn và an ninh mạng INT1115 695',3,'',8,4507),(3929,'2018-12-10 11:05:46.282163','696','Class : Lập trình mạng INT1126 696',3,'',8,4507),(3930,'2018-12-10 11:05:46.338331','697','Class : Các thiết bị mạng và môi trường truyền INT1135 697',3,'',8,4507),(3931,'2018-12-10 11:05:46.404828','698','Class : Kiến trúc máy tính INT1122 698',3,'',8,4507),(3932,'2018-12-10 11:05:46.501050','699','Class : Các chủ đề hiện đại của HTTT INT1132 699',3,'',8,4507),(3933,'2018-12-10 11:05:46.560098','700','Class : An ninh phần mềm INT1118 700',3,'',8,4507),(3934,'2018-12-10 11:05:46.615944','701','Class : Các vấn đề hiện đại CNTT INT1124 701',3,'',8,4507),(3935,'2018-12-10 11:05:46.672076','702','Class : Cơ sở dữ liệu INT1113 702',3,'',8,4507),(3936,'2018-12-10 11:05:46.749622','703','Class : Phân tích và thiết kế thuật toán INT1130 703',3,'',8,4507),(3937,'2018-12-10 11:05:46.848964','704','Class : Đồ họa máy tính INT1119 704',3,'',8,4507),(3938,'2018-12-10 11:05:46.894869','705','Class : Thiết kế giao diện người dùng INT1131 705',3,'',8,4507),(3939,'2018-12-10 11:05:46.960556','706','Class : Thực hành hệ điều hành mạng INT1134 706',3,'',8,4507),(3940,'2018-12-10 11:05:47.028064','707','Class : An ninh phần mềm INT1118 707',3,'',8,4507),(3941,'2018-12-10 11:05:47.093835','708','Class : Đồ họa máy tính INT1119 708',3,'',8,4507),(3942,'2018-12-10 11:05:47.150076','709','Class : Phát triển ứng dụng web INT1129 709',3,'',8,4507),(3943,'2018-12-10 11:05:47.605637','710','Class : Thị giác máy INT1112 710',3,'',8,4507),(3944,'2018-12-10 11:05:47.683443','711','Class : Phân tích đánh giá hiệu năng hệ thống máy tính INT1133 711',3,'',8,4507),(3945,'2018-12-10 11:05:47.749673','712','Class : Xử lý ảnh INT1111 712',3,'',8,4507),(3946,'2018-12-10 11:05:47.816755','713','Class : Quản lý dự án phần mềm INT1110 713',3,'',8,4507),(3947,'2018-12-10 11:05:47.893520','714','Class : Kiến trúc máy tính INT1122 714',3,'',8,4507),(3948,'2018-12-10 11:05:48.083566','715','Class : Phân tích thiết kế HTTT INT1125 715',3,'',8,4507),(3949,'2018-12-10 11:05:48.150382','716','Class : Lập trình hướng đối tượng INT1120 716',3,'',8,4507),(3950,'2018-12-10 11:05:48.206597','717','Class : Phân tích và thiết kế thuật toán INT1130 717',3,'',8,4507),(3951,'2018-12-10 11:05:48.273431','718','Class : Nguyên lý hệ điều hành INT1114 718',3,'',8,4507),(3952,'2018-12-10 11:05:48.341206','719','Class : Các chủ đề hiện đại của HTTT INT1132 719',3,'',8,4507),(3953,'2018-12-10 11:05:48.407325','720','Class : An ninh phần mềm INT1118 720',3,'',8,4507),(3954,'2018-12-10 11:05:48.475469','721','Class : An toàn và an ninh mạng INT1115 721',3,'',8,4507),(3955,'2018-12-10 11:05:48.539675','722','Class : An toàn và an ninh mạng INT1115 722',3,'',8,4507),(3956,'2018-12-10 11:05:48.595466','723','Class : An toàn và an ninh mạng INT1115 723',3,'',8,4507),(3957,'2018-12-10 11:05:48.651745','724','Class : An toàn và an ninh mạng INT1115 724',3,'',8,4507),(3958,'2018-12-10 11:05:48.718393','725','Class : Phân tích đánh giá hiệu năng hệ thống máy tính INT1133 725',3,'',8,4507),(3959,'2018-12-10 11:05:48.785040','726','Class : Xác suất thống kê INT1116 726',3,'',8,4507),(3960,'2018-12-10 11:05:48.873166','727','Class : Đồ họa máy tính INT1119 727',3,'',8,4507),(3961,'2018-12-10 11:05:48.962300','728','Class : Hệ quản trị CSDL INT1123 728',3,'',8,4507),(3962,'2018-12-10 11:05:49.007519','729','Class : Mạng không dây INT1127 729',3,'',8,4507),(3963,'2018-12-10 11:05:49.076455','730','Class : Lập trình mạng INT1126 730',3,'',8,4507),(3964,'2018-12-10 11:05:49.185370','731','Class : An toàn và an ninh mạng INT1115 731',3,'',8,4507),(3965,'2018-12-10 11:05:49.251817','732','Class : Cấu trúc dữ liệu và giải thuật INT1117 732',3,'',8,4507),(3966,'2018-12-10 11:05:49.307994','733','Class : Các vấn đề hiện đại CNTT INT1124 733',3,'',8,4507),(3967,'2018-12-10 11:05:49.385708','734','Class : Cấu trúc dữ liệu và giải thuật INT1117 734',3,'',8,4507),(3968,'2018-12-10 11:05:49.464368','735','Class : Lập trình hướng đối tượng INT1120 735',3,'',8,4507),(3969,'2018-12-10 11:05:49.520175','736','Class : Tương tác người máy INT1128 736',3,'',8,4507),(3970,'2018-12-10 11:05:49.575461','737','Class : Hệ quản trị CSDL INT1123 737',3,'',8,4507),(3971,'2018-12-10 11:05:49.630700','738','Class : Phân tích và thiết kế thuật toán INT1130 738',3,'',8,4507),(3972,'2018-12-10 11:05:49.675894','739','Class : An ninh phần mềm INT1118 739',3,'',8,4507),(3973,'2018-12-10 11:05:49.731745','740','Class : Kiến trúc máy tính INT1122 740',3,'',8,4507),(3974,'2018-12-10 11:05:49.800007','741','Class : Quản lý dự án phần mềm INT1110 741',3,'',8,4507),(3975,'2018-12-10 11:05:49.865859','742','Class : Các thiết bị mạng và môi trường truyền INT1135 742',3,'',8,4507),(3976,'2018-12-10 11:05:49.921349','743','Class : An toàn và an ninh mạng INT1115 743',3,'',8,4507),(3977,'2018-12-10 11:05:49.977588','744','Class : Xác suất thống kê INT1116 744',3,'',8,4507),(3978,'2018-12-10 11:05:50.044787','745','Class : Các vấn đề hiện đại CNTT INT1124 745',3,'',8,4507),(3979,'2018-12-10 11:05:50.110763','746','Class : Xử lý ảnh INT1111 746',3,'',8,4507),(3980,'2018-12-10 11:05:50.177916','747','Class : Phát triển ứng dụng web INT1129 747',3,'',8,4507),(3981,'2018-12-10 11:05:50.243968','748','Class : Phân tích đánh giá hiệu năng hệ thống máy tính INT1133 748',3,'',8,4507),(3982,'2018-12-10 11:05:50.310502','749','Class : An ninh phần mềm INT1118 749',3,'',8,4507),(3983,'2018-12-10 11:05:50.366304','750','Class : Tương tác người máy INT1128 750',3,'',8,4507),(3984,'2018-12-10 11:05:50.422931','751','Class : Các chủ đề hiện đại của HTTT INT1132 751',3,'',8,4507),(3985,'2018-12-10 11:05:50.500401','752','Class : Hệ quản trị CSDL INT1123 752',3,'',8,4507),(3986,'2018-12-10 11:05:50.566808','753','Class : Cấu trúc dữ liệu và giải thuật INT1117 753',3,'',8,4507),(3987,'2018-12-10 11:05:50.633588','754','Class : Thiết kế giao diện người dùng INT1131 754',3,'',8,4507),(3988,'2018-12-10 11:05:50.700069','755','Class : Phân tích đánh giá hiệu năng hệ thống máy tính INT1133 755',3,'',8,4507),(3989,'2018-12-10 11:05:50.756769','756','Class : Các vấn đề hiện đại CNTT INT1124 756',3,'',8,4507),(3990,'2018-12-10 11:05:50.823568','757','Class : Xác suất thống kê INT1116 757',3,'',8,4507),(3991,'2018-12-10 11:05:50.888966','758','Class : Nguyên lý hệ điều hành INT1114 758',3,'',8,4507),(3992,'2018-12-10 11:05:50.944645','759','Class : Cấu trúc dữ liệu và giải thuật INT1117 759',3,'',8,4507),(3993,'2018-12-10 11:05:51.000958','760','Class : Lập trình mạng INT1126 760',3,'',8,4507),(3994,'2018-12-10 11:05:51.067760','761','Class : Thị giác máy INT1112 761',3,'',8,4507),(3995,'2018-12-10 11:05:51.134157','762','Class : Các thiết bị mạng và môi trường truyền INT1135 762',3,'',8,4507),(3996,'2018-12-10 11:05:51.289588','763','Class : An ninh phần mềm INT1118 763',3,'',8,4507),(3997,'2018-12-10 11:05:51.355991','764','Class : Các vấn đề hiện đại CNTT INT1124 764',3,'',8,4507),(3998,'2018-12-10 11:05:51.412119','765','Class : Quản lý dự án phần mềm INT1110 765',3,'',8,4507),(3999,'2018-12-10 11:05:51.478653','766','Class : Các vấn đề hiện đại CNTT INT1124 766',3,'',8,4507),(4000,'2018-12-10 11:05:51.591098','767','Class : Phân tích thiết kế HTTT INT1125 767',3,'',8,4507),(4001,'2018-12-10 11:05:51.657815','768','Class : Phân tích thiết kế HTTT INT1125 768',3,'',8,4507),(4002,'2018-12-10 11:05:51.767979','769','Class : Lập trình mạng INT1126 769',3,'',8,4507),(4003,'2018-12-10 11:05:51.834488','770','Class : Hệ quản trị CSDL INT1123 770',3,'',8,4507),(4004,'2018-12-10 11:05:51.901619','771','Class : Thị giác máy INT1112 771',3,'',8,4507),(4005,'2018-12-10 11:05:51.978464','772','Class : Tin học cơ sở 4 INT1121 772',3,'',8,4507),(4006,'2018-12-10 11:05:52.023899','773','Class : Mạng không dây INT1127 773',3,'',8,4507),(4007,'2018-12-10 11:05:52.101242','774','Class : Phân tích đánh giá hiệu năng hệ thống máy tính INT1133 774',3,'',8,4507),(4008,'2018-12-10 11:05:52.157138','775','Class : Tin học cơ sở 4 INT1121 775',3,'',8,4507),(4009,'2018-12-10 11:05:52.224289','776','Class : Xác suất thống kê INT1116 776',3,'',8,4507),(4010,'2018-12-10 11:05:52.412480','777','Class : Kiến trúc máy tính INT1122 777',3,'',8,4507),(4011,'2018-12-10 11:05:52.479742','778','Class : Xử lý ảnh INT1111 778',3,'',8,4507),(4012,'2018-12-10 11:05:52.546372','779','Class : Phát triển ứng dụng web INT1129 779',3,'',8,4507),(4013,'2018-12-10 11:05:52.613478','780','Class : An toàn và an ninh mạng INT1115 780',3,'',8,4507),(4014,'2018-12-10 11:05:52.680212','781','Class : Đồ họa máy tính INT1119 781',3,'',8,4507),(4015,'2018-12-10 11:05:52.746447','782','Class : Các thiết bị mạng và môi trường truyền INT1135 782',3,'',8,4507),(4016,'2018-12-10 11:05:52.813229','783','Class : Thiết kế giao diện người dùng INT1131 783',3,'',8,4507),(4017,'2018-12-10 11:05:52.880002','784','Class : Đồ họa máy tính INT1119 784',3,'',8,4507),(4018,'2018-12-10 11:05:52.946930','785','Class : Lập trình hướng đối tượng INT1120 785',3,'',8,4507),(4019,'2018-12-10 11:05:53.023948','786','Class : Tin học cơ sở 4 INT1121 786',3,'',8,4507),(4020,'2018-12-10 11:05:53.080416','787','Class : Các vấn đề hiện đại CNTT INT1124 787',3,'',8,4507),(4021,'2018-12-10 11:05:53.146359','788','Class : Lập trình mạng INT1126 788',3,'',8,4507),(4022,'2018-12-10 11:05:53.202687','789','Class : Các chủ đề hiện đại của HTTT INT1132 789',3,'',8,4507),(4023,'2018-12-10 11:05:53.280348','790','Class : Xử lý ảnh INT1111 790',3,'',8,4507),(4024,'2018-12-10 11:05:53.346659','791','Class : Cơ sở dữ liệu INT1113 791',3,'',8,4507),(4025,'2018-12-10 11:05:53.513703','792','Class : Xác suất thống kê INT1116 792',3,'',8,4507),(4026,'2018-12-10 11:05:53.569617','793','Class : Tương tác người máy INT1128 793',3,'',8,4507),(4027,'2018-12-10 11:05:53.624659','794','Class : Phân tích đánh giá hiệu năng hệ thống máy tính INT1133 794',3,'',8,4507),(4028,'2018-12-10 11:05:53.669601','795','Class : Phân tích đánh giá hiệu năng hệ thống máy tính INT1133 795',3,'',8,4507),(4029,'2018-12-10 11:05:53.725635','796','Class : Tương tác người máy INT1128 796',3,'',8,4507),(4030,'2018-12-10 11:05:53.781234','797','Class : Nguyên lý hệ điều hành INT1114 797',3,'',8,4507),(4031,'2018-12-10 11:05:53.847570','798','Class : Xác suất thống kê INT1116 798',3,'',8,4507),(4032,'2018-12-10 11:05:53.903001','799','Class : Thực hành hệ điều hành mạng INT1134 799',3,'',8,4507),(4033,'2018-12-10 11:05:53.947702','800','Class : Kiến trúc máy tính INT1122 800',3,'',8,4507),(4034,'2018-12-10 11:05:54.002761','801','Class : Đồ họa máy tính INT1119 801',3,'',8,4507),(4035,'2018-12-10 11:05:54.047222','802','Class : An toàn và an ninh mạng INT1115 802',3,'',8,4507),(4036,'2018-12-10 11:05:54.080736','803','Class : Thị giác máy INT1112 803',3,'',8,4507),(4037,'2018-12-10 11:05:54.125802','804','Class : Mạng không dây INT1127 804',3,'',8,4507),(4038,'2018-12-10 11:05:54.181184','805','Class : Mạng không dây INT1127 805',3,'',8,4507),(4039,'2018-12-10 11:05:54.226279','806','Class : Thực hành hệ điều hành mạng INT1134 806',3,'',8,4507),(4040,'2018-12-10 11:05:54.293212','807','Class : Xác suất thống kê INT1116 807',3,'',8,4507),(4041,'2018-12-10 11:05:54.361286','808','Class : Tin học cơ sở 4 INT1121 808',3,'',8,4507),(4042,'2018-12-10 11:05:54.427927','809','Class : Phân tích đánh giá hiệu năng hệ thống máy tính INT1133 809',3,'',8,4507),(4043,'2018-12-10 11:05:54.683352','810','Class : Hệ quản trị CSDL INT1123 810',3,'',8,4507),(4044,'2018-12-10 11:05:54.761467','811','Class : Thiết kế giao diện người dùng INT1131 811',3,'',8,4507),(4045,'2018-12-10 11:05:54.828158','812','Class : Các vấn đề hiện đại CNTT INT1124 812',3,'',8,4507),(4046,'2018-12-10 11:05:54.894041','813','Class : An toàn và an ninh mạng INT1115 813',3,'',8,4507),(4047,'2018-12-10 11:05:54.940862','814','Class : Phân tích và thiết kế thuật toán INT1130 814',3,'',8,4507),(4048,'2018-12-10 11:47:54.697605','5108','Admin: vantrong291',2,'[{\"changed\": {\"fields\": [\"code\", \"group\"]}}]',7,5108),(4049,'2018-12-10 11:49:56.050261','4508','Student: 100',2,'[{\"changed\": {\"fields\": [\"code\", \"group\"]}}]',7,5108),(4050,'2018-12-11 03:09:12.341519','1','Material : An toàn và an ninh mạng',1,'[{\"added\": {}}]',15,5108),(4051,'2018-12-11 12:12:08.984161','2','Material : Không gian hỗ trợ khởi nghiệp',1,'[{\"added\": {}}]',15,5108),(4052,'2018-12-11 12:20:17.310365','3','Material : Số lượng PTN',1,'[{\"added\": {}}]',15,5108),(4053,'2018-12-13 08:27:45.227843','2','Syllabus Template: An ninh phần mềm INT1118 816',3,'',17,5108),(4054,'2018-12-14 05:04:57.088328','5109','Student: vantrong2901',1,'[{\"added\": {}}]',7,5108);
/*!40000 ALTER TABLE `django_admin_log` ENABLE KEYS */;
UNLOCK TABLES;

--
-- Table structure for table `django_content_type`
--

DROP TABLE IF EXISTS `django_content_type`;
/*!40101 SET @saved_cs_client     = @@character_set_client */;
/*!40101 SET character_set_client = utf8 */;
CREATE TABLE `django_content_type` (
  `id` int(11) NOT NULL AUTO_INCREMENT,
  `app_label` varchar(100) COLLATE utf8mb4_bin NOT NULL,
  `model` varchar(100) COLLATE utf8mb4_bin NOT NULL,
  PRIMARY KEY (`id`),
  UNIQUE KEY `django_content_type_app_label_model_76bd3d3b_uniq` (`app_label`,`model`)
) ENGINE=InnoDB AUTO_INCREMENT=18 DEFAULT CHARSET=utf8mb4 COLLATE=utf8mb4_bin;
/*!40101 SET character_set_client = @saved_cs_client */;

--
-- Dumping data for table `django_content_type`
--

LOCK TABLES `django_content_type` WRITE;
/*!40000 ALTER TABLE `django_content_type` DISABLE KEYS */;
INSERT INTO `django_content_type` VALUES (1,'admin','logentry'),(3,'auth','group'),(2,'auth','permission'),(6,'authtoken','token'),(4,'contenttypes','contenttype'),(7,'core','user'),(8,'course','class'),(12,'course','classlecturer'),(9,'course','classstudent'),(13,'course','coursecategory'),(10,'course','enrollrequest'),(11,'course','schedule'),(14,'course','subject'),(5,'sessions','session'),(15,'syllabus','material'),(16,'syllabus','syllabus'),(17,'syllabus','syllabustemplate');
/*!40000 ALTER TABLE `django_content_type` ENABLE KEYS */;
UNLOCK TABLES;

--
-- Table structure for table `django_migrations`
--

DROP TABLE IF EXISTS `django_migrations`;
/*!40101 SET @saved_cs_client     = @@character_set_client */;
/*!40101 SET character_set_client = utf8 */;
CREATE TABLE `django_migrations` (
  `id` int(11) NOT NULL AUTO_INCREMENT,
  `app` varchar(255) COLLATE utf8mb4_bin NOT NULL,
  `name` varchar(255) COLLATE utf8mb4_bin NOT NULL,
  `applied` datetime(6) NOT NULL,
  PRIMARY KEY (`id`)
) ENGINE=InnoDB AUTO_INCREMENT=66 DEFAULT CHARSET=utf8mb4 COLLATE=utf8mb4_bin;
/*!40101 SET character_set_client = @saved_cs_client */;

--
-- Dumping data for table `django_migrations`
--

LOCK TABLES `django_migrations` WRITE;
/*!40000 ALTER TABLE `django_migrations` DISABLE KEYS */;
INSERT INTO `django_migrations` VALUES (1,'contenttypes','0001_initial','2018-12-10 05:03:26.156797'),(2,'contenttypes','0002_remove_content_type_name','2018-12-10 05:03:27.474794'),(3,'auth','0001_initial','2018-12-10 05:03:31.949238'),(4,'auth','0002_alter_permission_name_max_length','2018-12-10 05:03:33.263191'),(5,'auth','0003_alter_user_email_max_length','2018-12-10 05:03:33.414412'),(6,'auth','0004_alter_user_username_opts','2018-12-10 05:03:33.482689'),(7,'auth','0005_alter_user_last_login_null','2018-12-10 05:03:33.615926'),(8,'auth','0006_require_contenttypes_0002','2018-12-10 05:03:33.722160'),(9,'auth','0007_alter_validators_add_error_messages','2018-12-10 05:03:33.855986'),(10,'auth','0008_alter_user_username_max_length','2018-12-10 05:03:33.966836'),(11,'auth','0009_alter_user_last_name_max_length','2018-12-10 05:03:34.111976'),(12,'core','0001_initial','2018-12-10 05:03:40.665496'),(13,'admin','0001_initial','2018-12-10 05:03:42.881733'),(14,'admin','0002_logentry_remove_auto_add','2018-12-10 05:03:43.109093'),(15,'admin','0003_logentry_add_action_flag_choices','2018-12-10 05:03:43.266024'),(16,'authtoken','0001_initial','2018-12-10 05:03:44.733324'),(17,'authtoken','0002_auto_20160226_1747','2018-12-10 05:03:45.695609'),(18,'core','0002_auto_20181108_0712','2018-12-10 05:03:50.366197'),(19,'core','0003_auto_20181210_0337','2018-12-10 05:03:50.477454'),(20,'syllabus','0001_initial','2018-12-10 05:03:52.730405'),(21,'course','0001_initial','2018-12-10 05:04:00.337075'),(22,'course','0002_auto_20181025_1131','2018-12-10 05:04:12.903145'),(23,'course','0003_auto_20181025_1156','2018-12-10 05:04:14.299146'),(24,'course','0004_auto_20181026_0737','2018-12-10 05:04:14.488706'),(25,'course','0005_class_code','2018-12-10 05:04:15.460576'),(26,'course','0006_auto_20181031_0947','2018-12-10 05:04:15.654534'),(27,'course','0007_auto_20181031_0948','2018-12-10 05:04:15.822534'),(28,'course','0008_auto_20181031_0949','2018-12-10 05:04:16.648619'),(29,'course','0009_auto_20181031_0949','2018-12-10 05:04:17.673861'),(30,'course','0010_auto_20181031_0950','2018-12-10 05:04:17.809040'),(31,'course','0011_auto_20181106_1505','2018-12-10 05:04:23.159083'),(32,'course','0012_auto_20181108_0825','2018-12-10 05:04:42.892060'),(33,'course','0013_auto_20181111_0730','2018-12-10 05:04:45.362804'),(34,'course','0014_auto_20181111_1519','2018-12-10 05:04:47.429581'),(35,'course','0015_auto_20181116_1009','2018-12-10 05:04:48.760288'),(36,'course','0016_auto_20181116_1013','2018-12-10 05:04:48.844651'),(37,'course','0017_auto_20181116_1015','2018-12-10 05:04:48.949401'),(38,'course','0018_auto_20181116_1016','2018-12-10 05:04:49.297569'),(39,'course','0019_auto_20181116_1016','2018-12-10 05:04:52.451763'),(40,'course','0020_auto_20181116_1016','2018-12-10 05:04:52.600621'),(41,'course','0021_auto_20181116_1017','2018-12-10 05:04:54.018332'),(42,'course','0022_auto_20181116_1017','2018-12-10 05:04:54.410212'),(43,'course','0023_auto_20181116_1018','2018-12-10 05:04:55.626382'),(44,'course','0024_auto_20181116_1019','2018-12-10 05:04:55.688975'),(45,'course','0025_auto_20181116_1020','2018-12-10 05:04:58.374257'),(46,'course','0026_auto_20181118_1404','2018-12-10 05:05:00.782578'),(47,'course','0027_auto_20181118_1404','2018-12-10 05:05:00.852222'),(48,'course','0028_auto_20181118_1405','2018-12-10 05:05:00.931569'),(49,'course','0029_auto_20181118_1423','2018-12-10 05:05:00.981384'),(50,'course','0030_auto_20181118_1426','2018-12-10 05:05:02.256167'),(51,'course','0031_auto_20181118_1427','2018-12-10 05:05:03.540831'),(52,'course','0032_auto_20181118_1429','2018-12-10 05:05:04.824971'),(53,'course','0033_auto_20181118_1433','2018-12-10 05:05:06.191543'),(54,'course','0034_class_students','2018-12-10 05:05:06.313821'),(55,'sessions','0001_initial','2018-12-10 05:05:07.210654'),(56,'syllabus','0002_auto_20181025_1131','2018-12-10 05:05:15.607163'),(57,'syllabus','0003_auto_20181031_0957','2018-12-10 05:05:17.303072'),(58,'syllabus','0004_auto_20181106_1518','2018-12-10 05:05:20.754119'),(59,'syllabus','0005_auto_20181108_0712','2018-12-10 05:05:22.085856'),(60,'syllabus','0006_auto_20181108_0718','2018-12-10 05:05:27.084564'),(61,'syllabus','0007_auto_20181108_0809','2018-12-10 05:05:30.395009'),(62,'syllabus','0008_auto_20181108_0825','2018-12-10 05:05:32.872883'),(63,'syllabus','0009_auto_20181108_0833','2018-12-10 05:05:34.726554'),(64,'syllabus','0010_auto_20181211_1219','2018-12-11 12:19:43.287025'),(65,'syllabus','0011_remove_syllabustemplate_lecturer','2018-12-13 06:04:15.398145');
/*!40000 ALTER TABLE `django_migrations` ENABLE KEYS */;
UNLOCK TABLES;

--
-- Table structure for table `django_session`
--

DROP TABLE IF EXISTS `django_session`;
/*!40101 SET @saved_cs_client     = @@character_set_client */;
/*!40101 SET character_set_client = utf8 */;
CREATE TABLE `django_session` (
  `session_key` varchar(40) COLLATE utf8mb4_bin NOT NULL,
  `session_data` longtext COLLATE utf8mb4_bin NOT NULL,
  `expire_date` datetime(6) NOT NULL,
  PRIMARY KEY (`session_key`),
  KEY `django_session_expire_date_a5c62663` (`expire_date`)
) ENGINE=InnoDB DEFAULT CHARSET=utf8mb4 COLLATE=utf8mb4_bin;
/*!40101 SET character_set_client = @saved_cs_client */;

--
-- Dumping data for table `django_session`
--

LOCK TABLES `django_session` WRITE;
/*!40000 ALTER TABLE `django_session` DISABLE KEYS */;
INSERT INTO `django_session` VALUES ('e37tmk9nm2p75ig3o27kwa5h8wwdmwim','MTUxYWMyOGM5ZDAzOTk1ODk2MTJjNTY4ODVlYmIyOWJjZDIxNjI4ODp7Il9hdXRoX3VzZXJfaWQiOiI0NTA3IiwiX2F1dGhfdXNlcl9iYWNrZW5kIjoiZGphbmdvLmNvbnRyaWIuYXV0aC5iYWNrZW5kcy5Nb2RlbEJhY2tlbmQiLCJfYXV0aF91c2VyX2hhc2giOiI3ZjExM2ZmZDVlNDk2NzAwM2IwZDFiZDEzOTYzZDkwZmI3MjNhYzI2In0=','2018-12-24 11:00:16.018838'),('m0rr55x43cnlv7jj6ef2e2y5m7xem3q5','ZDE2NjZmN2IzY2Q1NTI2MGM0ZTc5OTMxMjI5NGM2NjBhNjkwZWRmMDp7Il9hdXRoX3VzZXJfaWQiOiI1MTA4IiwiX2F1dGhfdXNlcl9iYWNrZW5kIjoiZGphbmdvLmNvbnRyaWIuYXV0aC5iYWNrZW5kcy5Nb2RlbEJhY2tlbmQiLCJfYXV0aF91c2VyX2hhc2giOiIzMzdlZTNkNTk1NmNlNzYxZGZhMTU0MjY1ZTg0NjNmZDNlMDMwZjg4In0=','2018-12-25 11:51:33.923971');
/*!40000 ALTER TABLE `django_session` ENABLE KEYS */;
UNLOCK TABLES;

--
-- Table structure for table `enroll_request`
--

DROP TABLE IF EXISTS `enroll_request`;
/*!40101 SET @saved_cs_client     = @@character_set_client */;
/*!40101 SET character_set_client = utf8 */;
CREATE TABLE `enroll_request` (
  `id` int(11) NOT NULL AUTO_INCREMENT,
  `own_class_id` int(11) DEFAULT NULL,
  `student_id` int(11) DEFAULT NULL,
  PRIMARY KEY (`id`),
  KEY `enroll_request_own_class_id_d1feac6a_fk_class_id` (`own_class_id`),
  KEY `enroll_request_student_id_5b1ac420_fk_user_id` (`student_id`),
  CONSTRAINT `enroll_request_own_class_id_d1feac6a_fk_class_id` FOREIGN KEY (`own_class_id`) REFERENCES `class` (`id`),
  CONSTRAINT `enroll_request_student_id_5b1ac420_fk_user_id` FOREIGN KEY (`student_id`) REFERENCES `user` (`id`)
) ENGINE=InnoDB AUTO_INCREMENT=2182 DEFAULT CHARSET=utf8mb4 COLLATE=utf8mb4_bin;
/*!40101 SET character_set_client = @saved_cs_client */;

--
-- Dumping data for table `enroll_request`
--

LOCK TABLES `enroll_request` WRITE;
/*!40000 ALTER TABLE `enroll_request` DISABLE KEYS */;
INSERT INTO `enroll_request` VALUES (1808,818,4938),(1809,818,4770),(1810,818,5010),(1811,818,4624),(1812,818,4890),(1813,818,4612),(1814,818,4862),(1815,818,4882),(1816,818,5032),(1817,818,4997),(1819,819,4957),(1820,819,5033),(1821,819,4740),(1822,819,4883),(1823,819,4832),(1824,819,4691),(1825,819,4990),(1826,819,5023),(1827,820,4876),(1828,820,4811),(1829,820,4662),(1830,820,4802),(1831,820,4815),(1832,820,4804),(1833,820,4771),(1834,820,4748),(1835,820,4944),(1836,820,4734),(1837,821,4733),(1838,821,4659),(1839,821,5087),(1840,821,4904),(1841,821,4706),(1842,821,4705),(1843,821,5074),(1844,821,5018),(1845,821,4881),(1846,822,4917),(1847,822,5076),(1848,822,4689),(1849,822,4934),(1850,822,4854),(1851,822,4760),(1852,822,4902),(1853,822,5090),(1854,822,4822),(1855,822,4897),(1856,823,4625),(1857,823,4784),(1858,823,4714),(1859,823,5045),(1860,823,4961),(1861,823,5057),(1862,823,4965),(1863,823,4964),(1864,823,4856),(1865,824,4989),(1866,824,4636),(1867,824,5100),(1868,824,4649),(1869,824,4908),(1870,824,5019),(1871,824,5069),(1872,824,5075),(1873,825,5053),(1874,825,4803),(1875,825,4984),(1876,825,4851),(1877,825,5015),(1878,825,4722),(1879,825,4875),(1880,825,5036),(1881,826,4622),(1882,826,4924),(1883,826,4872),(1884,826,4786),(1885,826,5038),(1886,826,4916),(1887,826,4998),(1888,826,4700),(1889,826,4901),(1890,826,4681),(1891,827,4773),(1892,827,4611),(1893,827,4669),(1894,827,4695),(1895,827,5016),(1896,827,5062),(1897,827,4818),(1898,827,4820),(1899,828,4676),(1900,828,4836),(1901,828,4959),(1902,828,4814),(1903,828,4801),(1904,828,4977),(1905,828,4973),(1906,828,4673),(1907,828,4685),(1908,829,4852),(1909,829,4850),(1910,829,4671),(1911,829,4849),(1912,829,4919),(1913,829,4855),(1914,829,5107),(1915,830,4963),(1916,830,5077),(1917,830,4980),(1918,830,4843),(1919,830,4994),(1920,830,4779),(1921,830,4782),(1922,831,4830),(1923,831,4840),(1924,831,4953),(1925,831,4726),(1926,831,4656),(1927,832,4816),(1928,832,4790),(1929,832,4697),(1930,832,4736),(1931,832,4701),(1932,832,5043),(1933,832,5093),(1934,832,5026),(1935,833,4915),(1936,833,5091),(1937,833,4847),(1938,833,4635),(1939,833,4679),(1940,833,4979),(1941,833,4629),(1942,834,4777),(1943,834,4634),(1944,834,4752),(1945,834,4923),(1946,834,4744),(1947,834,4921),(1948,834,4863),(1949,835,4723),(1950,835,5089),(1951,835,4643),(1952,835,4686),(1953,836,4887),(1954,836,4642),(1955,836,4981),(1956,836,5097),(1957,836,4974),(1958,836,5047),(1959,837,4765),(1960,837,4896),(1961,837,4824),(1962,837,5083),(1963,838,4718),(1964,838,4939),(1965,838,5073),(1966,838,4616),(1967,838,5013),(1968,838,4920),(1969,838,4719),(1970,839,4946),(1971,839,4797),(1972,839,4664),(1973,839,4693),(1974,839,5081),(1975,839,4781),(1976,839,5049),(1977,840,4841),(1978,840,4927),(1979,840,4962),(1980,840,4810),(1981,840,5024),(1982,840,4683),(1983,840,5099),(1984,841,4806),(1985,841,4768),(1986,841,4710),(1987,841,4859),(1988,841,5020),(1989,841,4799),(1990,842,4776),(1991,842,5034),(1992,842,5063),(1993,842,4808),(1994,842,4918),(1995,842,4661),(1996,842,4942),(1997,843,5008),(1998,843,5005),(1999,843,4702),(2000,843,5037),(2001,843,5064),(2002,844,4831),(2003,844,5039),(2004,844,4893),(2005,844,4937),(2006,844,4739),(2007,844,4788),(2008,844,4614),(2009,844,4817),(2010,845,4885),(2011,845,4703),(2012,845,4827),(2013,845,5086),(2014,845,5103),(2015,846,4900),(2016,846,4783),(2017,846,4735),(2018,846,4975),(2019,846,4667),(2020,846,4858),(2021,847,4835),(2022,847,4663),(2023,847,5046),(2024,847,5085),(2025,847,5007),(2026,848,4772),(2027,848,4608),(2028,848,4823),(2029,848,4960),(2030,849,4988),(2031,849,5002),(2032,849,4914),(2033,849,5040),(2034,849,5052),(2035,850,4993),(2036,850,4967),(2037,850,4780),(2038,850,4978),(2039,851,4751),(2040,851,4846),(2041,851,4825),(2042,851,4688),(2043,852,4758),(2044,852,4725),(2045,852,4639),(2046,852,4755),(2047,853,4717),(2048,853,4766),(2049,853,4907),(2050,853,4747),(2051,854,5101),(2052,854,5041),(2053,854,4769),(2054,854,4737),(2055,855,4874),(2056,855,5030),(2057,855,4891),(2058,856,4708),(2059,856,4971),(2060,856,4763),(2061,856,5061),(2062,856,4730),(2063,857,4732),(2064,857,4972),(2065,857,4845),(2066,857,5044),(2067,858,4658),(2068,858,4756),(2069,858,4839),(2070,858,5071),(2071,858,4929),(2072,859,4951),(2073,859,4652),(2074,860,4704),(2075,860,4933),(2076,860,4716),(2077,860,4879),(2078,860,4610),(2079,861,5055),(2080,862,5048),(2081,862,4657),(2082,862,4842),(2083,862,4647),(2084,863,4807),(2085,863,4638),(2086,863,4712),(2087,864,4895),(2088,864,5096),(2089,864,4711),(2090,864,4645),(2091,864,4866),(2092,865,4745),(2093,865,4955),(2094,865,4633),(2095,865,4653),(2096,865,4609),(2097,865,4999),(2098,866,5000),(2099,866,4873),(2100,867,5035),(2101,867,4853),(2102,867,4949),(2103,867,5068),(2104,868,4833),(2105,869,4936),(2106,869,5104),(2107,870,4983),(2108,871,4943),(2109,871,4987),(2110,871,4789),(2111,871,4728),(2112,871,5031),(2113,872,4694),(2114,872,4947),(2115,872,5105),(2116,872,4899),(2117,873,4945),(2118,873,4672),(2119,873,4884),(2120,873,4613),(2121,874,4828),(2122,874,4774),(2123,874,4864),(2124,874,4857),(2125,874,4940),(2126,874,4905),(2127,875,4715),(2128,875,4623),(2129,875,4654),(2130,875,4767),(2131,875,4792),(2132,876,4762),(2133,876,4721),(2134,876,4682),(2135,877,4641),(2136,877,4956),(2137,877,4898),(2138,877,5051),(2139,877,4677),(2140,878,4746),(2141,878,4761),(2142,879,4931),(2143,879,4666),(2144,879,5095),(2145,879,4892),(2146,879,4867),(2147,880,4932),(2149,880,4968),(2150,880,4969),(2151,880,4678),(2152,881,4869),(2153,881,4674),(2154,881,4982),(2155,882,4826),(2156,882,4665),(2157,882,4871),(2158,883,4632),(2159,883,5080),(2160,883,4720),(2161,883,5106),(2162,884,5011),(2163,884,4738),(2164,884,5092),(2165,884,5001),(2166,884,4684),(2167,884,4754),(2168,885,4637),(2169,885,4615),(2170,886,5009),(2171,886,5079),(2172,886,4861),(2173,886,5102),(2174,887,4837),(2175,887,4894),(2176,888,4785),(2177,888,4913),(2178,819,4812),(2179,818,4812),(2180,824,4812);
/*!40000 ALTER TABLE `enroll_request` ENABLE KEYS */;
UNLOCK TABLES;

--
-- Table structure for table `material`
--

DROP TABLE IF EXISTS `material`;
/*!40101 SET @saved_cs_client     = @@character_set_client */;
/*!40101 SET character_set_client = utf8 */;
CREATE TABLE `material` (
  `id` int(11) NOT NULL AUTO_INCREMENT,
  `name` varchar(255) COLLATE utf8mb4_bin NOT NULL,
  `material_type` varchar(255) COLLATE utf8mb4_bin NOT NULL,
  `syllabus_id` int(11) NOT NULL,
  `file` varchar(100) COLLATE utf8mb4_bin DEFAULT NULL,
  PRIMARY KEY (`id`),
  KEY `material_syllabus_id_1e8a17e7_fk_syllabus_id` (`syllabus_id`),
  CONSTRAINT `material_syllabus_id_1e8a17e7_fk_syllabus_id` FOREIGN KEY (`syllabus_id`) REFERENCES `syllabus` (`id`)
) ENGINE=InnoDB AUTO_INCREMENT=10 DEFAULT CHARSET=utf8mb4 COLLATE=utf8mb4_bin;
/*!40101 SET character_set_client = @saved_cs_client */;

--
-- Dumping data for table `material`
--

LOCK TABLES `material` WRITE;
/*!40000 ALTER TABLE `material` DISABLE KEYS */;
INSERT INTO `material` VALUES (1,'An toàn và an ninh mạng','pdf',7771,'baocao_nhom7_2.pdf'),(2,'Không gian hỗ trợ khởi nghiệp','doc',7771,'firesbase.docx'),(3,'Số lượng PTN','IMG/PNG/SVG/GIF',7771,'full_6_sach.jpg');
/*!40000 ALTER TABLE `material` ENABLE KEYS */;
UNLOCK TABLES;

--
-- Table structure for table `schedule`
--

DROP TABLE IF EXISTS `schedule`;
/*!40101 SET @saved_cs_client     = @@character_set_client */;
/*!40101 SET character_set_client = utf8 */;
CREATE TABLE `schedule` (
  `id` int(11) NOT NULL AUTO_INCREMENT,
  `day_of_week` varchar(3) COLLATE utf8mb4_bin NOT NULL,
  `own_class_id` int(11) DEFAULT NULL,
  `session_end` varchar(3) COLLATE utf8mb4_bin DEFAULT NULL,
  `session_start` varchar(3) COLLATE utf8mb4_bin DEFAULT NULL,
  PRIMARY KEY (`id`),
  KEY `schedule_own_class_id_f3faf653_fk_class_id` (`own_class_id`),
  CONSTRAINT `schedule_own_class_id_f3faf653_fk_class_id` FOREIGN KEY (`own_class_id`) REFERENCES `class` (`id`)
) ENGINE=InnoDB AUTO_INCREMENT=8 DEFAULT CHARSET=utf8mb4 COLLATE=utf8mb4_bin;
/*!40101 SET character_set_client = @saved_cs_client */;

--
-- Dumping data for table `schedule`
--

LOCK TABLES `schedule` WRITE;
/*!40000 ALTER TABLE `schedule` DISABLE KEYS */;
INSERT INTO `schedule` VALUES (1,'2',889,'11','9'),(2,'2',890,'8','6'),(3,'5',891,'10','7'),(4,'2',892,'11','10'),(5,'3',893,'8','6'),(6,'3',894,'11','8'),(7,'6',895,'9','9');
/*!40000 ALTER TABLE `schedule` ENABLE KEYS */;
UNLOCK TABLES;

--
-- Table structure for table `subject`
--

DROP TABLE IF EXISTS `subject`;
/*!40101 SET @saved_cs_client     = @@character_set_client */;
/*!40101 SET character_set_client = utf8 */;
CREATE TABLE `subject` (
  `id` int(11) NOT NULL AUTO_INCREMENT,
  `name` varchar(255) COLLATE utf8mb4_bin NOT NULL,
  `avatar` varchar(100) COLLATE utf8mb4_bin DEFAULT NULL,
  `category_id` int(11) DEFAULT NULL,
  `code` varchar(25) COLLATE utf8mb4_bin DEFAULT NULL,
  PRIMARY KEY (`id`),
  KEY `subject_category_id_128a33b2_fk_course_category_id` (`category_id`),
  CONSTRAINT `subject_category_id_128a33b2_fk_course_category_id` FOREIGN KEY (`category_id`) REFERENCES `course_category` (`id`)
) ENGINE=InnoDB AUTO_INCREMENT=27 DEFAULT CHARSET=utf8mb4 COLLATE=utf8mb4_bin;
/*!40101 SET character_set_client = @saved_cs_client */;

--
-- Dumping data for table `subject`
--

LOCK TABLES `subject` WRITE;
/*!40000 ALTER TABLE `subject` DISABLE KEYS */;
INSERT INTO `subject` VALUES (1,'Quản lý dự án phần mềm','QuanLiDuAnPM_CCXXnGf_E0weijz.jpg',7,'INT1110'),(2,'Xử lý ảnh','XuLyAnh_cCUpdbE.jpg',7,'INT1111'),(3,'Thị giác máy','ThiGiacMayTinh_GDHIeLX_DSZw1Ds.jpg',7,'INT1112'),(4,'Cơ sở dữ liệu','CoSoDuLieu_udxVha5.jpg',8,'INT1113'),(5,'Nguyên lý hệ điều hành','NguyenLyHeDieuHanh_uIMEf1Q.jpg',1,'INT1114'),(6,'An toàn và an ninh mạng','AnToanVaAnNinhMang_h3l0rIo.png',7,'INT1115'),(7,'Xác suất thống kê','XacXuatThongKe_UoU1Srn.jpeg',1,'INT1116'),(8,'Cấu trúc dữ liệu và giải thuật','CauTrucDuLieuGiaiThuat_LzI42TV.gif',7,'INT1117'),(9,'An ninh phần mềm','aninhphanmem_t7EPuZ6.jpg',6,'INT1118'),(10,'Đồ họa máy tính','DoHoaMayTinh_zZJgcai.jpeg',7,'INT1119'),(11,'Lập trình hướng đối tượng','OOP_2pYwtfU.png',4,'INT1120'),(12,'Tin học cơ sở 4','TinHocCoSo4_PzHOOV6.jpg',2,'INT1121'),(13,'Kiến trúc máy tính','KienTrucMayTinh_Fums21k.jpg',3,'INT1122'),(14,'Hệ quản trị CSDL','HeQuanTriCSDL_amkxG8o.png',8,'INT1123'),(15,'Các vấn đề hiện đại CNTT','CaVanDeHienDaiCuaCNTT_0uYO8e6.jpg',6,'INT1124'),(16,'Phân tích thiết kế HTTT','PhanTichThietKeHTTT_hHL4DGR.png',5,'INT1125'),(17,'Lập trình mạng','LapTrinhMang_s5rPlRF.jpg',2,'INT1126'),(18,'Mạng không dây','MangKhongDay_8JGWFDH.jpg',5,'INT1127'),(19,'Tương tác người máy','TuongTacNguoiMay_5Rkmt3Y.jpg',5,'INT1128'),(20,'Phát triển ứng dụng web','PhatTrienUngDungWeb_4AfZBRL.jpg',4,'INT1129'),(21,'Phân tích và thiết kế thuật toán','PhanTichVaThietKeThuatToan_fewGQkW.jpg',2,'INT1130'),(22,'Thiết kế giao diện người dùng','ThietKeGiaoDienNguoiDung_Fude30c.jpg',2,'INT1131'),(23,'Các chủ đề hiện đại của HTTT','CacChuDeHienDaiCuaHTTT_NsAdokk.jpg',3,'INT1132'),(24,'Phân tích đánh giá hiệu năng hệ thống máy tính','PhanTichDanhGiaHieuNang_M4Xyngk.jpg',3,'INT1133'),(25,'Thực hành hệ điều hành mạng','ThucHanhHeDieuHanhMang_f9Fm1oa.jpg',4,'INT1134'),(26,'Các thiết bị mạng và môi trường truyền','cacThietBiMangVaMTTruyen_SUUgHXZ.jpg',3,'INT1135');
/*!40000 ALTER TABLE `subject` ENABLE KEYS */;
UNLOCK TABLES;

--
-- Table structure for table `syllabus`
--

DROP TABLE IF EXISTS `syllabus`;
/*!40101 SET @saved_cs_client     = @@character_set_client */;
/*!40101 SET character_set_client = utf8 */;
CREATE TABLE `syllabus` (
  `id` int(11) NOT NULL AUTO_INCREMENT,
  `own_class_id` int(11) DEFAULT NULL,
  `content` longtext COLLATE utf8mb4_bin NOT NULL,
  `title` varchar(100) COLLATE utf8mb4_bin NOT NULL,
  `week` varchar(10) COLLATE utf8mb4_bin NOT NULL,
  PRIMARY KEY (`id`),
  KEY `syllabus_own_class_id_66bf0b4f_fk_class_id` (`own_class_id`),
  CONSTRAINT `syllabus_own_class_id_66bf0b4f_fk_class_id` FOREIGN KEY (`own_class_id`) REFERENCES `class` (`id`)
) ENGINE=InnoDB AUTO_INCREMENT=8926 DEFAULT CHARSET=utf8mb4 COLLATE=utf8mb4_bin;
/*!40101 SET character_set_client = @saved_cs_client */;

--
-- Dumping data for table `syllabus`
--

LOCK TABLES `syllabus` WRITE;
/*!40000 ALTER TABLE `syllabus` DISABLE KEYS */;
INSERT INTO `syllabus` VALUES (7771,815,'Nột dung tuần 1','Tuần 1','1'),(7772,815,'Nột dung tuần 2','Tuần 2','2'),(7773,815,'Nột dung tuần 3','Tuần 3','3'),(7774,815,'Nột dung tuần 4','Tuần 4','4'),(7775,815,'Nột dung tuần 5','Tuần 5','5'),(7776,815,'Nột dung tuần 6','Tuần 6','6'),(7777,815,'Nột dung tuần 7','Tuần 7','7'),(7778,815,'Nột dung tuần 8','Tuần 8','8'),(7779,815,'Nột dung tuần 9','Tuần 9','9'),(7780,815,'Nột dung tuần 10','Tuần 10','10'),(7781,815,'Nột dung tuần 11','Tuần 11','11'),(7782,815,'Nột dung tuần 12','Tuần 12','12'),(7783,815,'Nột dung tuần 13','Tuần 13','13'),(7784,815,'Nột dung tuần 14','Tuần 14','14'),(7785,815,'Nột dung tuần 15','Tuần 15','15'),(7786,816,'Nột dung tuần 1','Tuần 1','1'),(7787,816,'Nột dung tuần 2','Tuần 2','2'),(7788,816,'Nột dung tuần 3','Tuần 3','3'),(7789,816,'Nột dung tuần 4','Tuần 4','4'),(7790,816,'Nột dung tuần 5','Tuần 5','5'),(7791,816,'Nột dung tuần 6','Tuần 6','6'),(7792,816,'Nột dung tuần 7','Tuần 7','7'),(7793,816,'Nột dung tuần 8','Tuần 8','8'),(7794,816,'Nột dung tuần 9','Tuần 9','9'),(7795,816,'Nột dung tuần 10','Tuần 10','10'),(7796,816,'Nột dung tuần 11','Tuần 11','11'),(7797,816,'Nột dung tuần 12','Tuần 12','12'),(7798,816,'Nột dung tuần 13','Tuần 13','13'),(7799,816,'Nột dung tuần 14','Tuần 14','14'),(7800,816,'Nột dung tuần 15','Tuần 15','15'),(7801,817,'Nột dung tuần 1','Tuần 1','1'),(7802,817,'Nột dung tuần 2','Tuần 2','2'),(7803,817,'Nột dung tuần 3','Tuần 3','3'),(7804,817,'Nột dung tuần 4','Tuần 4','4'),(7805,817,'Nột dung tuần 5','Tuần 5','5'),(7806,817,'Nột dung tuần 6','Tuần 6','6'),(7807,817,'Nột dung tuần 7','Tuần 7','7'),(7808,817,'Nột dung tuần 8','Tuần 8','8'),(7809,817,'Nột dung tuần 9','Tuần 9','9'),(7810,817,'Nột dung tuần 10','Tuần 10','10'),(7811,817,'Nột dung tuần 11','Tuần 11','11'),(7812,817,'Nột dung tuần 12','Tuần 12','12'),(7813,817,'Nột dung tuần 13','Tuần 13','13'),(7814,817,'Nột dung tuần 14','Tuần 14','14'),(7815,817,'Nột dung tuần 15','Tuần 15','15'),(7816,818,'Nột dung tuần 1','Tuần 1','1'),(7817,818,'Nột dung tuần 2','Tuần 2','2'),(7818,818,'Nột dung tuần 3','Tuần 3','3'),(7819,818,'Nột dung tuần 4','Tuần 4','4'),(7820,818,'Nột dung tuần 5','Tuần 5','5'),(7821,818,'Nột dung tuần 6','Tuần 6','6'),(7822,818,'Nột dung tuần 7','Tuần 7','7'),(7823,818,'Nột dung tuần 8','Tuần 8','8'),(7824,818,'Nột dung tuần 9','Tuần 9','9'),(7825,818,'Nột dung tuần 10','Tuần 10','10'),(7826,818,'Nột dung tuần 11','Tuần 11','11'),(7827,818,'Nột dung tuần 12','Tuần 12','12'),(7828,818,'Nột dung tuần 13','Tuần 13','13'),(7829,818,'Nột dung tuần 14','Tuần 14','14'),(7830,818,'Nột dung tuần 15','Tuần 15','15'),(7831,819,'Nột dung tuần 1','Tuần 1','1'),(7832,819,'Nột dung tuần 2','Tuần 2','2'),(7833,819,'Nột dung tuần 3','Tuần 3','3'),(7834,819,'Nột dung tuần 4','Tuần 4','4'),(7835,819,'Nột dung tuần 5','Tuần 5','5'),(7836,819,'Nột dung tuần 6','Tuần 6','6'),(7837,819,'Nột dung tuần 7','Tuần 7','7'),(7838,819,'Nột dung tuần 8','Tuần 8','8'),(7839,819,'Nột dung tuần 9','Tuần 9','9'),(7840,819,'Nột dung tuần 10','Tuần 10','10'),(7841,819,'Nột dung tuần 11','Tuần 11','11'),(7842,819,'Nột dung tuần 12','Tuần 12','12'),(7843,819,'Nột dung tuần 13','Tuần 13','13'),(7844,819,'Nột dung tuần 14','Tuần 14','14'),(7845,819,'Nột dung tuần 15','Tuần 15','15'),(7846,820,'Nột dung tuần 1','Tuần 1','1'),(7847,820,'Nột dung tuần 2','Tuần 2','2'),(7848,820,'Nột dung tuần 3','Tuần 3','3'),(7849,820,'Nột dung tuần 4','Tuần 4','4'),(7850,820,'Nột dung tuần 5','Tuần 5','5'),(7851,820,'Nột dung tuần 6','Tuần 6','6'),(7852,820,'Nột dung tuần 7','Tuần 7','7'),(7853,820,'Nột dung tuần 8','Tuần 8','8'),(7854,820,'Nột dung tuần 9','Tuần 9','9'),(7855,820,'Nột dung tuần 10','Tuần 10','10'),(7856,820,'Nột dung tuần 11','Tuần 11','11'),(7857,820,'Nột dung tuần 12','Tuần 12','12'),(7858,820,'Nột dung tuần 13','Tuần 13','13'),(7859,820,'Nột dung tuần 14','Tuần 14','14'),(7860,820,'Nột dung tuần 15','Tuần 15','15'),(7861,821,'Nột dung tuần 1','Tuần 1','1'),(7862,821,'Nột dung tuần 2','Tuần 2','2'),(7863,821,'Nột dung tuần 3','Tuần 3','3'),(7864,821,'Nột dung tuần 4','Tuần 4','4'),(7865,821,'Nột dung tuần 5','Tuần 5','5'),(7866,821,'Nột dung tuần 6','Tuần 6','6'),(7867,821,'Nột dung tuần 7','Tuần 7','7'),(7868,821,'Nột dung tuần 8','Tuần 8','8'),(7869,821,'Nột dung tuần 9','Tuần 9','9'),(7870,821,'Nột dung tuần 10','Tuần 10','10'),(7871,821,'Nột dung tuần 11','Tuần 11','11'),(7872,821,'Nột dung tuần 12','Tuần 12','12'),(7873,821,'Nột dung tuần 13','Tuần 13','13'),(7874,821,'Nột dung tuần 14','Tuần 14','14'),(7875,821,'Nột dung tuần 15','Tuần 15','15'),(7876,822,'Nột dung tuần 1','Tuần 1','1'),(7877,822,'Nột dung tuần 2','Tuần 2','2'),(7878,822,'Nột dung tuần 3','Tuần 3','3'),(7879,822,'Nột dung tuần 4','Tuần 4','4'),(7880,822,'Nột dung tuần 5','Tuần 5','5'),(7881,822,'Nột dung tuần 6','Tuần 6','6'),(7882,822,'Nột dung tuần 7','Tuần 7','7'),(7883,822,'Nột dung tuần 8','Tuần 8','8'),(7884,822,'Nột dung tuần 9','Tuần 9','9'),(7885,822,'Nột dung tuần 10','Tuần 10','10'),(7886,822,'Nột dung tuần 11','Tuần 11','11'),(7887,822,'Nột dung tuần 12','Tuần 12','12'),(7888,822,'Nột dung tuần 13','Tuần 13','13'),(7889,822,'Nột dung tuần 14','Tuần 14','14'),(7890,822,'Nột dung tuần 15','Tuần 15','15'),(7891,823,'Nột dung tuần 1','Tuần 1','1'),(7892,823,'Nột dung tuần 2','Tuần 2','2'),(7893,823,'Nột dung tuần 3','Tuần 3','3'),(7894,823,'Nột dung tuần 4','Tuần 4','4'),(7895,823,'Nột dung tuần 5','Tuần 5','5'),(7896,823,'Nột dung tuần 6','Tuần 6','6'),(7897,823,'Nột dung tuần 7','Tuần 7','7'),(7898,823,'Nột dung tuần 8','Tuần 8','8'),(7899,823,'Nột dung tuần 9','Tuần 9','9'),(7900,823,'Nột dung tuần 10','Tuần 10','10'),(7901,823,'Nột dung tuần 11','Tuần 11','11'),(7902,823,'Nột dung tuần 12','Tuần 12','12'),(7903,823,'Nột dung tuần 13','Tuần 13','13'),(7904,823,'Nột dung tuần 14','Tuần 14','14'),(7905,823,'Nột dung tuần 15','Tuần 15','15'),(7906,824,'Nột dung tuần 1','Tuần 1','1'),(7907,824,'Nột dung tuần 2','Tuần 2','2'),(7908,824,'Nột dung tuần 3','Tuần 3','3'),(7909,824,'Nột dung tuần 4','Tuần 4','4'),(7910,824,'Nột dung tuần 5','Tuần 5','5'),(7911,824,'Nột dung tuần 6','Tuần 6','6'),(7912,824,'Nột dung tuần 7','Tuần 7','7'),(7913,824,'Nột dung tuần 8','Tuần 8','8'),(7914,824,'Nột dung tuần 9','Tuần 9','9'),(7915,824,'Nột dung tuần 10','Tuần 10','10'),(7916,824,'Nột dung tuần 11','Tuần 11','11'),(7917,824,'Nột dung tuần 12','Tuần 12','12'),(7918,824,'Nột dung tuần 13','Tuần 13','13'),(7919,824,'Nột dung tuần 14','Tuần 14','14'),(7920,824,'Nột dung tuần 15','Tuần 15','15'),(7921,825,'Nột dung tuần 1','Tuần 1','1'),(7922,825,'Nột dung tuần 2','Tuần 2','2'),(7923,825,'Nột dung tuần 3','Tuần 3','3'),(7924,825,'Nột dung tuần 4','Tuần 4','4'),(7925,825,'Nột dung tuần 5','Tuần 5','5'),(7926,825,'Nột dung tuần 6','Tuần 6','6'),(7927,825,'Nột dung tuần 7','Tuần 7','7'),(7928,825,'Nột dung tuần 8','Tuần 8','8'),(7929,825,'Nột dung tuần 9','Tuần 9','9'),(7930,825,'Nột dung tuần 10','Tuần 10','10'),(7931,825,'Nột dung tuần 11','Tuần 11','11'),(7932,825,'Nột dung tuần 12','Tuần 12','12'),(7933,825,'Nột dung tuần 13','Tuần 13','13'),(7934,825,'Nột dung tuần 14','Tuần 14','14'),(7935,825,'Nột dung tuần 15','Tuần 15','15'),(7936,826,'Nột dung tuần 1','Tuần 1','1'),(7937,826,'Nột dung tuần 2','Tuần 2','2'),(7938,826,'Nột dung tuần 3','Tuần 3','3'),(7939,826,'Nột dung tuần 4','Tuần 4','4'),(7940,826,'Nột dung tuần 5','Tuần 5','5'),(7941,826,'Nột dung tuần 6','Tuần 6','6'),(7942,826,'Nột dung tuần 7','Tuần 7','7'),(7943,826,'Nột dung tuần 8','Tuần 8','8'),(7944,826,'Nột dung tuần 9','Tuần 9','9'),(7945,826,'Nột dung tuần 10','Tuần 10','10'),(7946,826,'Nột dung tuần 11','Tuần 11','11'),(7947,826,'Nột dung tuần 12','Tuần 12','12'),(7948,826,'Nột dung tuần 13','Tuần 13','13'),(7949,826,'Nột dung tuần 14','Tuần 14','14'),(7950,826,'Nột dung tuần 15','Tuần 15','15'),(7951,827,'Nột dung tuần 1','Tuần 1','1'),(7952,827,'Nột dung tuần 2','Tuần 2','2'),(7953,827,'Nột dung tuần 3','Tuần 3','3'),(7954,827,'Nột dung tuần 4','Tuần 4','4'),(7955,827,'Nột dung tuần 5','Tuần 5','5'),(7956,827,'Nột dung tuần 6','Tuần 6','6'),(7957,827,'Nột dung tuần 7','Tuần 7','7'),(7958,827,'Nột dung tuần 8','Tuần 8','8'),(7959,827,'Nột dung tuần 9','Tuần 9','9'),(7960,827,'Nột dung tuần 10','Tuần 10','10'),(7961,827,'Nột dung tuần 11','Tuần 11','11'),(7962,827,'Nột dung tuần 12','Tuần 12','12'),(7963,827,'Nột dung tuần 13','Tuần 13','13'),(7964,827,'Nột dung tuần 14','Tuần 14','14'),(7965,827,'Nột dung tuần 15','Tuần 15','15'),(7966,828,'Nột dung tuần 1','Tuần 1','1'),(7967,828,'Nột dung tuần 2','Tuần 2','2'),(7968,828,'Nột dung tuần 3','Tuần 3','3'),(7969,828,'Nột dung tuần 4','Tuần 4','4'),(7970,828,'Nột dung tuần 5','Tuần 5','5'),(7971,828,'Nột dung tuần 6','Tuần 6','6'),(7972,828,'Nột dung tuần 7','Tuần 7','7'),(7973,828,'Nột dung tuần 8','Tuần 8','8'),(7974,828,'Nột dung tuần 9','Tuần 9','9'),(7975,828,'Nột dung tuần 10','Tuần 10','10'),(7976,828,'Nột dung tuần 11','Tuần 11','11'),(7977,828,'Nột dung tuần 12','Tuần 12','12'),(7978,828,'Nột dung tuần 13','Tuần 13','13'),(7979,828,'Nột dung tuần 14','Tuần 14','14'),(7980,828,'Nột dung tuần 15','Tuần 15','15'),(7981,829,'Nột dung tuần 1','Tuần 1','1'),(7982,829,'Nột dung tuần 2','Tuần 2','2'),(7983,829,'Nột dung tuần 3','Tuần 3','3'),(7984,829,'Nột dung tuần 4','Tuần 4','4'),(7985,829,'Nột dung tuần 5','Tuần 5','5'),(7986,829,'Nột dung tuần 6','Tuần 6','6'),(7987,829,'Nột dung tuần 7','Tuần 7','7'),(7988,829,'Nột dung tuần 8','Tuần 8','8'),(7989,829,'Nột dung tuần 9','Tuần 9','9'),(7990,829,'Nột dung tuần 10','Tuần 10','10'),(7991,829,'Nột dung tuần 11','Tuần 11','11'),(7992,829,'Nột dung tuần 12','Tuần 12','12'),(7993,829,'Nột dung tuần 13','Tuần 13','13'),(7994,829,'Nột dung tuần 14','Tuần 14','14'),(7995,829,'Nột dung tuần 15','Tuần 15','15'),(7996,830,'Nột dung tuần 1','Tuần 1','1'),(7997,830,'Nột dung tuần 2','Tuần 2','2'),(7998,830,'Nột dung tuần 3','Tuần 3','3'),(7999,830,'Nột dung tuần 4','Tuần 4','4'),(8000,830,'Nột dung tuần 5','Tuần 5','5'),(8001,830,'Nột dung tuần 6','Tuần 6','6'),(8002,830,'Nột dung tuần 7','Tuần 7','7'),(8003,830,'Nột dung tuần 8','Tuần 8','8'),(8004,830,'Nột dung tuần 9','Tuần 9','9'),(8005,830,'Nột dung tuần 10','Tuần 10','10'),(8006,830,'Nột dung tuần 11','Tuần 11','11'),(8007,830,'Nột dung tuần 12','Tuần 12','12'),(8008,830,'Nột dung tuần 13','Tuần 13','13'),(8009,830,'Nột dung tuần 14','Tuần 14','14'),(8010,830,'Nột dung tuần 15','Tuần 15','15'),(8011,831,'Nột dung tuần 1','Tuần 1','1'),(8012,831,'Nột dung tuần 2','Tuần 2','2'),(8013,831,'Nột dung tuần 3','Tuần 3','3'),(8014,831,'Nột dung tuần 4','Tuần 4','4'),(8015,831,'Nột dung tuần 5','Tuần 5','5'),(8016,831,'Nột dung tuần 6','Tuần 6','6'),(8017,831,'Nột dung tuần 7','Tuần 7','7'),(8018,831,'Nột dung tuần 8','Tuần 8','8'),(8019,831,'Nột dung tuần 9','Tuần 9','9'),(8020,831,'Nột dung tuần 10','Tuần 10','10'),(8021,831,'Nột dung tuần 11','Tuần 11','11'),(8022,831,'Nột dung tuần 12','Tuần 12','12'),(8023,831,'Nột dung tuần 13','Tuần 13','13'),(8024,831,'Nột dung tuần 14','Tuần 14','14'),(8025,831,'Nột dung tuần 15','Tuần 15','15'),(8026,832,'Nột dung tuần 1','Tuần 1','1'),(8027,832,'Nột dung tuần 2','Tuần 2','2'),(8028,832,'Nột dung tuần 3','Tuần 3','3'),(8029,832,'Nột dung tuần 4','Tuần 4','4'),(8030,832,'Nột dung tuần 5','Tuần 5','5'),(8031,832,'Nột dung tuần 6','Tuần 6','6'),(8032,832,'Nột dung tuần 7','Tuần 7','7'),(8033,832,'Nột dung tuần 8','Tuần 8','8'),(8034,832,'Nột dung tuần 9','Tuần 9','9'),(8035,832,'Nột dung tuần 10','Tuần 10','10'),(8036,832,'Nột dung tuần 11','Tuần 11','11'),(8037,832,'Nột dung tuần 12','Tuần 12','12'),(8038,832,'Nột dung tuần 13','Tuần 13','13'),(8039,832,'Nột dung tuần 14','Tuần 14','14'),(8040,832,'Nột dung tuần 15','Tuần 15','15'),(8041,833,'Nột dung tuần 1','Tuần 1','1'),(8042,833,'Nột dung tuần 2','Tuần 2','2'),(8043,833,'Nột dung tuần 3','Tuần 3','3'),(8044,833,'Nột dung tuần 4','Tuần 4','4'),(8045,833,'Nột dung tuần 5','Tuần 5','5'),(8046,833,'Nột dung tuần 6','Tuần 6','6'),(8047,833,'Nột dung tuần 7','Tuần 7','7'),(8048,833,'Nột dung tuần 8','Tuần 8','8'),(8049,833,'Nột dung tuần 9','Tuần 9','9'),(8050,833,'Nột dung tuần 10','Tuần 10','10'),(8051,833,'Nột dung tuần 11','Tuần 11','11'),(8052,833,'Nột dung tuần 12','Tuần 12','12'),(8053,833,'Nột dung tuần 13','Tuần 13','13'),(8054,833,'Nột dung tuần 14','Tuần 14','14'),(8055,833,'Nột dung tuần 15','Tuần 15','15'),(8056,834,'Nột dung tuần 1','Tuần 1','1'),(8057,834,'Nột dung tuần 2','Tuần 2','2'),(8058,834,'Nột dung tuần 3','Tuần 3','3'),(8059,834,'Nột dung tuần 4','Tuần 4','4'),(8060,834,'Nột dung tuần 5','Tuần 5','5'),(8061,834,'Nột dung tuần 6','Tuần 6','6'),(8062,834,'Nột dung tuần 7','Tuần 7','7'),(8063,834,'Nột dung tuần 8','Tuần 8','8'),(8064,834,'Nột dung tuần 9','Tuần 9','9'),(8065,834,'Nột dung tuần 10','Tuần 10','10'),(8066,834,'Nột dung tuần 11','Tuần 11','11'),(8067,834,'Nột dung tuần 12','Tuần 12','12'),(8068,834,'Nột dung tuần 13','Tuần 13','13'),(8069,834,'Nột dung tuần 14','Tuần 14','14'),(8070,834,'Nột dung tuần 15','Tuần 15','15'),(8071,835,'Nột dung tuần 1','Tuần 1','1'),(8072,835,'Nột dung tuần 2','Tuần 2','2'),(8073,835,'Nột dung tuần 3','Tuần 3','3'),(8074,835,'Nột dung tuần 4','Tuần 4','4'),(8075,835,'Nột dung tuần 5','Tuần 5','5'),(8076,835,'Nột dung tuần 6','Tuần 6','6'),(8077,835,'Nột dung tuần 7','Tuần 7','7'),(8078,835,'Nột dung tuần 8','Tuần 8','8'),(8079,835,'Nột dung tuần 9','Tuần 9','9'),(8080,835,'Nột dung tuần 10','Tuần 10','10'),(8081,835,'Nột dung tuần 11','Tuần 11','11'),(8082,835,'Nột dung tuần 12','Tuần 12','12'),(8083,835,'Nột dung tuần 13','Tuần 13','13'),(8084,835,'Nột dung tuần 14','Tuần 14','14'),(8085,835,'Nột dung tuần 15','Tuần 15','15'),(8086,836,'Nột dung tuần 1','Tuần 1','1'),(8087,836,'Nột dung tuần 2','Tuần 2','2'),(8088,836,'Nột dung tuần 3','Tuần 3','3'),(8089,836,'Nột dung tuần 4','Tuần 4','4'),(8090,836,'Nột dung tuần 5','Tuần 5','5'),(8091,836,'Nột dung tuần 6','Tuần 6','6'),(8092,836,'Nột dung tuần 7','Tuần 7','7'),(8093,836,'Nột dung tuần 8','Tuần 8','8'),(8094,836,'Nột dung tuần 9','Tuần 9','9'),(8095,836,'Nột dung tuần 10','Tuần 10','10'),(8096,836,'Nột dung tuần 11','Tuần 11','11'),(8097,836,'Nột dung tuần 12','Tuần 12','12'),(8098,836,'Nột dung tuần 13','Tuần 13','13'),(8099,836,'Nột dung tuần 14','Tuần 14','14'),(8100,836,'Nột dung tuần 15','Tuần 15','15'),(8101,837,'Nột dung tuần 1','Tuần 1','1'),(8102,837,'Nột dung tuần 2','Tuần 2','2'),(8103,837,'Nột dung tuần 3','Tuần 3','3'),(8104,837,'Nột dung tuần 4','Tuần 4','4'),(8105,837,'Nột dung tuần 5','Tuần 5','5'),(8106,837,'Nột dung tuần 6','Tuần 6','6'),(8107,837,'Nột dung tuần 7','Tuần 7','7'),(8108,837,'Nột dung tuần 8','Tuần 8','8'),(8109,837,'Nột dung tuần 9','Tuần 9','9'),(8110,837,'Nột dung tuần 10','Tuần 10','10'),(8111,837,'Nột dung tuần 11','Tuần 11','11'),(8112,837,'Nột dung tuần 12','Tuần 12','12'),(8113,837,'Nột dung tuần 13','Tuần 13','13'),(8114,837,'Nột dung tuần 14','Tuần 14','14'),(8115,837,'Nột dung tuần 15','Tuần 15','15'),(8116,838,'Nột dung tuần 1','Tuần 1','1'),(8117,838,'Nột dung tuần 2','Tuần 2','2'),(8118,838,'Nột dung tuần 3','Tuần 3','3'),(8119,838,'Nột dung tuần 4','Tuần 4','4'),(8120,838,'Nột dung tuần 5','Tuần 5','5'),(8121,838,'Nột dung tuần 6','Tuần 6','6'),(8122,838,'Nột dung tuần 7','Tuần 7','7'),(8123,838,'Nột dung tuần 8','Tuần 8','8'),(8124,838,'Nột dung tuần 9','Tuần 9','9'),(8125,838,'Nột dung tuần 10','Tuần 10','10'),(8126,838,'Nột dung tuần 11','Tuần 11','11'),(8127,838,'Nột dung tuần 12','Tuần 12','12'),(8128,838,'Nột dung tuần 13','Tuần 13','13'),(8129,838,'Nột dung tuần 14','Tuần 14','14'),(8130,838,'Nột dung tuần 15','Tuần 15','15'),(8131,839,'Nột dung tuần 1','Tuần 1','1'),(8132,839,'Nột dung tuần 2','Tuần 2','2'),(8133,839,'Nột dung tuần 3','Tuần 3','3'),(8134,839,'Nột dung tuần 4','Tuần 4','4'),(8135,839,'Nột dung tuần 5','Tuần 5','5'),(8136,839,'Nột dung tuần 6','Tuần 6','6'),(8137,839,'Nột dung tuần 7','Tuần 7','7'),(8138,839,'Nột dung tuần 8','Tuần 8','8'),(8139,839,'Nột dung tuần 9','Tuần 9','9'),(8140,839,'Nột dung tuần 10','Tuần 10','10'),(8141,839,'Nột dung tuần 11','Tuần 11','11'),(8142,839,'Nột dung tuần 12','Tuần 12','12'),(8143,839,'Nột dung tuần 13','Tuần 13','13'),(8144,839,'Nột dung tuần 14','Tuần 14','14'),(8145,839,'Nột dung tuần 15','Tuần 15','15'),(8146,840,'Nột dung tuần 1','Tuần 1','1'),(8147,840,'Nột dung tuần 2','Tuần 2','2'),(8148,840,'Nột dung tuần 3','Tuần 3','3'),(8149,840,'Nột dung tuần 4','Tuần 4','4'),(8150,840,'Nột dung tuần 5','Tuần 5','5'),(8151,840,'Nột dung tuần 6','Tuần 6','6'),(8152,840,'Nột dung tuần 7','Tuần 7','7'),(8153,840,'Nột dung tuần 8','Tuần 8','8'),(8154,840,'Nột dung tuần 9','Tuần 9','9'),(8155,840,'Nột dung tuần 10','Tuần 10','10'),(8156,840,'Nột dung tuần 11','Tuần 11','11'),(8157,840,'Nột dung tuần 12','Tuần 12','12'),(8158,840,'Nột dung tuần 13','Tuần 13','13'),(8159,840,'Nột dung tuần 14','Tuần 14','14'),(8160,840,'Nột dung tuần 15','Tuần 15','15'),(8161,841,'Nột dung tuần 1','Tuần 1','1'),(8162,841,'Nột dung tuần 2','Tuần 2','2'),(8163,841,'Nột dung tuần 3','Tuần 3','3'),(8164,841,'Nột dung tuần 4','Tuần 4','4'),(8165,841,'Nột dung tuần 5','Tuần 5','5'),(8166,841,'Nột dung tuần 6','Tuần 6','6'),(8167,841,'Nột dung tuần 7','Tuần 7','7'),(8168,841,'Nột dung tuần 8','Tuần 8','8'),(8169,841,'Nột dung tuần 9','Tuần 9','9'),(8170,841,'Nột dung tuần 10','Tuần 10','10'),(8171,841,'Nột dung tuần 11','Tuần 11','11'),(8172,841,'Nột dung tuần 12','Tuần 12','12'),(8173,841,'Nột dung tuần 13','Tuần 13','13'),(8174,841,'Nột dung tuần 14','Tuần 14','14'),(8175,841,'Nột dung tuần 15','Tuần 15','15'),(8176,842,'Nột dung tuần 1','Tuần 1','1'),(8177,842,'Nột dung tuần 2','Tuần 2','2'),(8178,842,'Nột dung tuần 3','Tuần 3','3'),(8179,842,'Nột dung tuần 4','Tuần 4','4'),(8180,842,'Nột dung tuần 5','Tuần 5','5'),(8181,842,'Nột dung tuần 6','Tuần 6','6'),(8182,842,'Nột dung tuần 7','Tuần 7','7'),(8183,842,'Nột dung tuần 8','Tuần 8','8'),(8184,842,'Nột dung tuần 9','Tuần 9','9'),(8185,842,'Nột dung tuần 10','Tuần 10','10'),(8186,842,'Nột dung tuần 11','Tuần 11','11'),(8187,842,'Nột dung tuần 12','Tuần 12','12'),(8188,842,'Nột dung tuần 13','Tuần 13','13'),(8189,842,'Nột dung tuần 14','Tuần 14','14'),(8190,842,'Nột dung tuần 15','Tuần 15','15'),(8191,843,'Nột dung tuần 1','Tuần 1','1'),(8192,843,'Nột dung tuần 2','Tuần 2','2'),(8193,843,'Nột dung tuần 3','Tuần 3','3'),(8194,843,'Nột dung tuần 4','Tuần 4','4'),(8195,843,'Nột dung tuần 5','Tuần 5','5'),(8196,843,'Nột dung tuần 6','Tuần 6','6'),(8197,843,'Nột dung tuần 7','Tuần 7','7'),(8198,843,'Nột dung tuần 8','Tuần 8','8'),(8199,843,'Nột dung tuần 9','Tuần 9','9'),(8200,843,'Nột dung tuần 10','Tuần 10','10'),(8201,843,'Nột dung tuần 11','Tuần 11','11'),(8202,843,'Nột dung tuần 12','Tuần 12','12'),(8203,843,'Nột dung tuần 13','Tuần 13','13'),(8204,843,'Nột dung tuần 14','Tuần 14','14'),(8205,843,'Nột dung tuần 15','Tuần 15','15'),(8206,844,'Nột dung tuần 1','Tuần 1','1'),(8207,844,'Nột dung tuần 2','Tuần 2','2'),(8208,844,'Nột dung tuần 3','Tuần 3','3'),(8209,844,'Nột dung tuần 4','Tuần 4','4'),(8210,844,'Nột dung tuần 5','Tuần 5','5'),(8211,844,'Nột dung tuần 6','Tuần 6','6'),(8212,844,'Nột dung tuần 7','Tuần 7','7'),(8213,844,'Nột dung tuần 8','Tuần 8','8'),(8214,844,'Nột dung tuần 9','Tuần 9','9'),(8215,844,'Nột dung tuần 10','Tuần 10','10'),(8216,844,'Nột dung tuần 11','Tuần 11','11'),(8217,844,'Nột dung tuần 12','Tuần 12','12'),(8218,844,'Nột dung tuần 13','Tuần 13','13'),(8219,844,'Nột dung tuần 14','Tuần 14','14'),(8220,844,'Nột dung tuần 15','Tuần 15','15'),(8221,845,'Nột dung tuần 1','Tuần 1','1'),(8222,845,'Nột dung tuần 2','Tuần 2','2'),(8223,845,'Nột dung tuần 3','Tuần 3','3'),(8224,845,'Nột dung tuần 4','Tuần 4','4'),(8225,845,'Nột dung tuần 5','Tuần 5','5'),(8226,845,'Nột dung tuần 6','Tuần 6','6'),(8227,845,'Nột dung tuần 7','Tuần 7','7'),(8228,845,'Nột dung tuần 8','Tuần 8','8'),(8229,845,'Nột dung tuần 9','Tuần 9','9'),(8230,845,'Nột dung tuần 10','Tuần 10','10'),(8231,845,'Nột dung tuần 11','Tuần 11','11'),(8232,845,'Nột dung tuần 12','Tuần 12','12'),(8233,845,'Nột dung tuần 13','Tuần 13','13'),(8234,845,'Nột dung tuần 14','Tuần 14','14'),(8235,845,'Nột dung tuần 15','Tuần 15','15'),(8236,846,'Nột dung tuần 1','Tuần 1','1'),(8237,846,'Nột dung tuần 2','Tuần 2','2'),(8238,846,'Nột dung tuần 3','Tuần 3','3'),(8239,846,'Nột dung tuần 4','Tuần 4','4'),(8240,846,'Nột dung tuần 5','Tuần 5','5'),(8241,846,'Nột dung tuần 6','Tuần 6','6'),(8242,846,'Nột dung tuần 7','Tuần 7','7'),(8243,846,'Nột dung tuần 8','Tuần 8','8'),(8244,846,'Nột dung tuần 9','Tuần 9','9'),(8245,846,'Nột dung tuần 10','Tuần 10','10'),(8246,846,'Nột dung tuần 11','Tuần 11','11'),(8247,846,'Nột dung tuần 12','Tuần 12','12'),(8248,846,'Nột dung tuần 13','Tuần 13','13'),(8249,846,'Nột dung tuần 14','Tuần 14','14'),(8250,846,'Nột dung tuần 15','Tuần 15','15'),(8251,847,'Nột dung tuần 1','Tuần 1','1'),(8252,847,'Nột dung tuần 2','Tuần 2','2'),(8253,847,'Nột dung tuần 3','Tuần 3','3'),(8254,847,'Nột dung tuần 4','Tuần 4','4'),(8255,847,'Nột dung tuần 5','Tuần 5','5'),(8256,847,'Nột dung tuần 6','Tuần 6','6'),(8257,847,'Nột dung tuần 7','Tuần 7','7'),(8258,847,'Nột dung tuần 8','Tuần 8','8'),(8259,847,'Nột dung tuần 9','Tuần 9','9'),(8260,847,'Nột dung tuần 10','Tuần 10','10'),(8261,847,'Nột dung tuần 11','Tuần 11','11'),(8262,847,'Nột dung tuần 12','Tuần 12','12'),(8263,847,'Nột dung tuần 13','Tuần 13','13'),(8264,847,'Nột dung tuần 14','Tuần 14','14'),(8265,847,'Nột dung tuần 15','Tuần 15','15'),(8266,848,'Nột dung tuần 1','Tuần 1','1'),(8267,848,'Nột dung tuần 2','Tuần 2','2'),(8268,848,'Nột dung tuần 3','Tuần 3','3'),(8269,848,'Nột dung tuần 4','Tuần 4','4'),(8270,848,'Nột dung tuần 5','Tuần 5','5'),(8271,848,'Nột dung tuần 6','Tuần 6','6'),(8272,848,'Nột dung tuần 7','Tuần 7','7'),(8273,848,'Nột dung tuần 8','Tuần 8','8'),(8274,848,'Nột dung tuần 9','Tuần 9','9'),(8275,848,'Nột dung tuần 10','Tuần 10','10'),(8276,848,'Nột dung tuần 11','Tuần 11','11'),(8277,848,'Nột dung tuần 12','Tuần 12','12'),(8278,848,'Nột dung tuần 13','Tuần 13','13'),(8279,848,'Nột dung tuần 14','Tuần 14','14'),(8280,848,'Nột dung tuần 15','Tuần 15','15'),(8281,849,'Nột dung tuần 1','Tuần 1','1'),(8282,849,'Nột dung tuần 2','Tuần 2','2'),(8283,849,'Nột dung tuần 3','Tuần 3','3'),(8284,849,'Nột dung tuần 4','Tuần 4','4'),(8285,849,'Nột dung tuần 5','Tuần 5','5'),(8286,849,'Nột dung tuần 6','Tuần 6','6'),(8287,849,'Nột dung tuần 7','Tuần 7','7'),(8288,849,'Nột dung tuần 8','Tuần 8','8'),(8289,849,'Nột dung tuần 9','Tuần 9','9'),(8290,849,'Nột dung tuần 10','Tuần 10','10'),(8291,849,'Nột dung tuần 11','Tuần 11','11'),(8292,849,'Nột dung tuần 12','Tuần 12','12'),(8293,849,'Nột dung tuần 13','Tuần 13','13'),(8294,849,'Nột dung tuần 14','Tuần 14','14'),(8295,849,'Nột dung tuần 15','Tuần 15','15'),(8296,850,'Nột dung tuần 1','Tuần 1','1'),(8297,850,'Nột dung tuần 2','Tuần 2','2'),(8298,850,'Nột dung tuần 3','Tuần 3','3'),(8299,850,'Nột dung tuần 4','Tuần 4','4'),(8300,850,'Nột dung tuần 5','Tuần 5','5'),(8301,850,'Nột dung tuần 6','Tuần 6','6'),(8302,850,'Nột dung tuần 7','Tuần 7','7'),(8303,850,'Nột dung tuần 8','Tuần 8','8'),(8304,850,'Nột dung tuần 9','Tuần 9','9'),(8305,850,'Nột dung tuần 10','Tuần 10','10'),(8306,850,'Nột dung tuần 11','Tuần 11','11'),(8307,850,'Nột dung tuần 12','Tuần 12','12'),(8308,850,'Nột dung tuần 13','Tuần 13','13'),(8309,850,'Nột dung tuần 14','Tuần 14','14'),(8310,850,'Nột dung tuần 15','Tuần 15','15'),(8311,851,'Nột dung tuần 1','Tuần 1','1'),(8312,851,'Nột dung tuần 2','Tuần 2','2'),(8313,851,'Nột dung tuần 3','Tuần 3','3'),(8314,851,'Nột dung tuần 4','Tuần 4','4'),(8315,851,'Nột dung tuần 5','Tuần 5','5'),(8316,851,'Nột dung tuần 6','Tuần 6','6'),(8317,851,'Nột dung tuần 7','Tuần 7','7'),(8318,851,'Nột dung tuần 8','Tuần 8','8'),(8319,851,'Nột dung tuần 9','Tuần 9','9'),(8320,851,'Nột dung tuần 10','Tuần 10','10'),(8321,851,'Nột dung tuần 11','Tuần 11','11'),(8322,851,'Nột dung tuần 12','Tuần 12','12'),(8323,851,'Nột dung tuần 13','Tuần 13','13'),(8324,851,'Nột dung tuần 14','Tuần 14','14'),(8325,851,'Nột dung tuần 15','Tuần 15','15'),(8326,852,'Nột dung tuần 1','Tuần 1','1'),(8327,852,'Nột dung tuần 2','Tuần 2','2'),(8328,852,'Nột dung tuần 3','Tuần 3','3'),(8329,852,'Nột dung tuần 4','Tuần 4','4'),(8330,852,'Nột dung tuần 5','Tuần 5','5'),(8331,852,'Nột dung tuần 6','Tuần 6','6'),(8332,852,'Nột dung tuần 7','Tuần 7','7'),(8333,852,'Nột dung tuần 8','Tuần 8','8'),(8334,852,'Nột dung tuần 9','Tuần 9','9'),(8335,852,'Nột dung tuần 10','Tuần 10','10'),(8336,852,'Nột dung tuần 11','Tuần 11','11'),(8337,852,'Nột dung tuần 12','Tuần 12','12'),(8338,852,'Nột dung tuần 13','Tuần 13','13'),(8339,852,'Nột dung tuần 14','Tuần 14','14'),(8340,852,'Nột dung tuần 15','Tuần 15','15'),(8341,853,'Nột dung tuần 1','Tuần 1','1'),(8342,853,'Nột dung tuần 2','Tuần 2','2'),(8343,853,'Nột dung tuần 3','Tuần 3','3'),(8344,853,'Nột dung tuần 4','Tuần 4','4'),(8345,853,'Nột dung tuần 5','Tuần 5','5'),(8346,853,'Nột dung tuần 6','Tuần 6','6'),(8347,853,'Nột dung tuần 7','Tuần 7','7'),(8348,853,'Nột dung tuần 8','Tuần 8','8'),(8349,853,'Nột dung tuần 9','Tuần 9','9'),(8350,853,'Nột dung tuần 10','Tuần 10','10'),(8351,853,'Nột dung tuần 11','Tuần 11','11'),(8352,853,'Nột dung tuần 12','Tuần 12','12'),(8353,853,'Nột dung tuần 13','Tuần 13','13'),(8354,853,'Nột dung tuần 14','Tuần 14','14'),(8355,853,'Nột dung tuần 15','Tuần 15','15'),(8356,854,'Nột dung tuần 1','Tuần 1','1'),(8357,854,'Nột dung tuần 2','Tuần 2','2'),(8358,854,'Nột dung tuần 3','Tuần 3','3'),(8359,854,'Nột dung tuần 4','Tuần 4','4'),(8360,854,'Nột dung tuần 5','Tuần 5','5'),(8361,854,'Nột dung tuần 6','Tuần 6','6'),(8362,854,'Nột dung tuần 7','Tuần 7','7'),(8363,854,'Nột dung tuần 8','Tuần 8','8'),(8364,854,'Nột dung tuần 9','Tuần 9','9'),(8365,854,'Nột dung tuần 10','Tuần 10','10'),(8366,854,'Nột dung tuần 11','Tuần 11','11'),(8367,854,'Nột dung tuần 12','Tuần 12','12'),(8368,854,'Nột dung tuần 13','Tuần 13','13'),(8369,854,'Nột dung tuần 14','Tuần 14','14'),(8370,854,'Nột dung tuần 15','Tuần 15','15'),(8371,855,'Nột dung tuần 1','Tuần 1','1'),(8372,855,'Nột dung tuần 2','Tuần 2','2'),(8373,855,'Nột dung tuần 3','Tuần 3','3'),(8374,855,'Nột dung tuần 4','Tuần 4','4'),(8375,855,'Nột dung tuần 5','Tuần 5','5'),(8376,855,'Nột dung tuần 6','Tuần 6','6'),(8377,855,'Nột dung tuần 7','Tuần 7','7'),(8378,855,'Nột dung tuần 8','Tuần 8','8'),(8379,855,'Nột dung tuần 9','Tuần 9','9'),(8380,855,'Nột dung tuần 10','Tuần 10','10'),(8381,855,'Nột dung tuần 11','Tuần 11','11'),(8382,855,'Nột dung tuần 12','Tuần 12','12'),(8383,855,'Nột dung tuần 13','Tuần 13','13'),(8384,855,'Nột dung tuần 14','Tuần 14','14'),(8385,855,'Nột dung tuần 15','Tuần 15','15'),(8386,856,'Nột dung tuần 1','Tuần 1','1'),(8387,856,'Nột dung tuần 2','Tuần 2','2'),(8388,856,'Nột dung tuần 3','Tuần 3','3'),(8389,856,'Nột dung tuần 4','Tuần 4','4'),(8390,856,'Nột dung tuần 5','Tuần 5','5'),(8391,856,'Nột dung tuần 6','Tuần 6','6'),(8392,856,'Nột dung tuần 7','Tuần 7','7'),(8393,856,'Nột dung tuần 8','Tuần 8','8'),(8394,856,'Nột dung tuần 9','Tuần 9','9'),(8395,856,'Nột dung tuần 10','Tuần 10','10'),(8396,856,'Nột dung tuần 11','Tuần 11','11'),(8397,856,'Nột dung tuần 12','Tuần 12','12'),(8398,856,'Nột dung tuần 13','Tuần 13','13'),(8399,856,'Nột dung tuần 14','Tuần 14','14'),(8400,856,'Nột dung tuần 15','Tuần 15','15'),(8401,857,'Nột dung tuần 1','Tuần 1','1'),(8402,857,'Nột dung tuần 2','Tuần 2','2'),(8403,857,'Nột dung tuần 3','Tuần 3','3'),(8404,857,'Nột dung tuần 4','Tuần 4','4'),(8405,857,'Nột dung tuần 5','Tuần 5','5'),(8406,857,'Nột dung tuần 6','Tuần 6','6'),(8407,857,'Nột dung tuần 7','Tuần 7','7'),(8408,857,'Nột dung tuần 8','Tuần 8','8'),(8409,857,'Nột dung tuần 9','Tuần 9','9'),(8410,857,'Nột dung tuần 10','Tuần 10','10'),(8411,857,'Nột dung tuần 11','Tuần 11','11'),(8412,857,'Nột dung tuần 12','Tuần 12','12'),(8413,857,'Nột dung tuần 13','Tuần 13','13'),(8414,857,'Nột dung tuần 14','Tuần 14','14'),(8415,857,'Nột dung tuần 15','Tuần 15','15'),(8416,858,'Nột dung tuần 1','Tuần 1','1'),(8417,858,'Nột dung tuần 2','Tuần 2','2'),(8418,858,'Nột dung tuần 3','Tuần 3','3'),(8419,858,'Nột dung tuần 4','Tuần 4','4'),(8420,858,'Nột dung tuần 5','Tuần 5','5'),(8421,858,'Nột dung tuần 6','Tuần 6','6'),(8422,858,'Nột dung tuần 7','Tuần 7','7'),(8423,858,'Nột dung tuần 8','Tuần 8','8'),(8424,858,'Nột dung tuần 9','Tuần 9','9'),(8425,858,'Nột dung tuần 10','Tuần 10','10'),(8426,858,'Nột dung tuần 11','Tuần 11','11'),(8427,858,'Nột dung tuần 12','Tuần 12','12'),(8428,858,'Nột dung tuần 13','Tuần 13','13'),(8429,858,'Nột dung tuần 14','Tuần 14','14'),(8430,858,'Nột dung tuần 15','Tuần 15','15'),(8431,859,'Nột dung tuần 1','Tuần 1','1'),(8432,859,'Nột dung tuần 2','Tuần 2','2'),(8433,859,'Nột dung tuần 3','Tuần 3','3'),(8434,859,'Nột dung tuần 4','Tuần 4','4'),(8435,859,'Nột dung tuần 5','Tuần 5','5'),(8436,859,'Nột dung tuần 6','Tuần 6','6'),(8437,859,'Nột dung tuần 7','Tuần 7','7'),(8438,859,'Nột dung tuần 8','Tuần 8','8'),(8439,859,'Nột dung tuần 9','Tuần 9','9'),(8440,859,'Nột dung tuần 10','Tuần 10','10'),(8441,859,'Nột dung tuần 11','Tuần 11','11'),(8442,859,'Nột dung tuần 12','Tuần 12','12'),(8443,859,'Nột dung tuần 13','Tuần 13','13'),(8444,859,'Nột dung tuần 14','Tuần 14','14'),(8445,859,'Nột dung tuần 15','Tuần 15','15'),(8446,860,'Nột dung tuần 1','Tuần 1','1'),(8447,860,'Nột dung tuần 2','Tuần 2','2'),(8448,860,'Nột dung tuần 3','Tuần 3','3'),(8449,860,'Nột dung tuần 4','Tuần 4','4'),(8450,860,'Nột dung tuần 5','Tuần 5','5'),(8451,860,'Nột dung tuần 6','Tuần 6','6'),(8452,860,'Nột dung tuần 7','Tuần 7','7'),(8453,860,'Nột dung tuần 8','Tuần 8','8'),(8454,860,'Nột dung tuần 9','Tuần 9','9'),(8455,860,'Nột dung tuần 10','Tuần 10','10'),(8456,860,'Nột dung tuần 11','Tuần 11','11'),(8457,860,'Nột dung tuần 12','Tuần 12','12'),(8458,860,'Nột dung tuần 13','Tuần 13','13'),(8459,860,'Nột dung tuần 14','Tuần 14','14'),(8460,860,'Nột dung tuần 15','Tuần 15','15'),(8461,861,'Nột dung tuần 1','Tuần 1','1'),(8462,861,'Nột dung tuần 2','Tuần 2','2'),(8463,861,'Nột dung tuần 3','Tuần 3','3'),(8464,861,'Nột dung tuần 4','Tuần 4','4'),(8465,861,'Nột dung tuần 5','Tuần 5','5'),(8466,861,'Nột dung tuần 6','Tuần 6','6'),(8467,861,'Nột dung tuần 7','Tuần 7','7'),(8468,861,'Nột dung tuần 8','Tuần 8','8'),(8469,861,'Nột dung tuần 9','Tuần 9','9'),(8470,861,'Nột dung tuần 10','Tuần 10','10'),(8471,861,'Nột dung tuần 11','Tuần 11','11'),(8472,861,'Nột dung tuần 12','Tuần 12','12'),(8473,861,'Nột dung tuần 13','Tuần 13','13'),(8474,861,'Nột dung tuần 14','Tuần 14','14'),(8475,861,'Nột dung tuần 15','Tuần 15','15'),(8476,862,'Nột dung tuần 1','Tuần 1','1'),(8477,862,'Nột dung tuần 2','Tuần 2','2'),(8478,862,'Nột dung tuần 3','Tuần 3','3'),(8479,862,'Nột dung tuần 4','Tuần 4','4'),(8480,862,'Nột dung tuần 5','Tuần 5','5'),(8481,862,'Nột dung tuần 6','Tuần 6','6'),(8482,862,'Nột dung tuần 7','Tuần 7','7'),(8483,862,'Nột dung tuần 8','Tuần 8','8'),(8484,862,'Nột dung tuần 9','Tuần 9','9'),(8485,862,'Nột dung tuần 10','Tuần 10','10'),(8486,862,'Nột dung tuần 11','Tuần 11','11'),(8487,862,'Nột dung tuần 12','Tuần 12','12'),(8488,862,'Nột dung tuần 13','Tuần 13','13'),(8489,862,'Nột dung tuần 14','Tuần 14','14'),(8490,862,'Nột dung tuần 15','Tuần 15','15'),(8491,863,'Nột dung tuần 1','Tuần 1','1'),(8492,863,'Nột dung tuần 2','Tuần 2','2'),(8493,863,'Nột dung tuần 3','Tuần 3','3'),(8494,863,'Nột dung tuần 4','Tuần 4','4'),(8495,863,'Nột dung tuần 5','Tuần 5','5'),(8496,863,'Nột dung tuần 6','Tuần 6','6'),(8497,863,'Nột dung tuần 7','Tuần 7','7'),(8498,863,'Nột dung tuần 8','Tuần 8','8'),(8499,863,'Nột dung tuần 9','Tuần 9','9'),(8500,863,'Nột dung tuần 10','Tuần 10','10'),(8501,863,'Nột dung tuần 11','Tuần 11','11'),(8502,863,'Nột dung tuần 12','Tuần 12','12'),(8503,863,'Nột dung tuần 13','Tuần 13','13'),(8504,863,'Nột dung tuần 14','Tuần 14','14'),(8505,863,'Nột dung tuần 15','Tuần 15','15'),(8506,864,'Nột dung tuần 1','Tuần 1','1'),(8507,864,'Nột dung tuần 2','Tuần 2','2'),(8508,864,'Nột dung tuần 3','Tuần 3','3'),(8509,864,'Nột dung tuần 4','Tuần 4','4'),(8510,864,'Nột dung tuần 5','Tuần 5','5'),(8511,864,'Nột dung tuần 6','Tuần 6','6'),(8512,864,'Nột dung tuần 7','Tuần 7','7'),(8513,864,'Nột dung tuần 8','Tuần 8','8'),(8514,864,'Nột dung tuần 9','Tuần 9','9'),(8515,864,'Nột dung tuần 10','Tuần 10','10'),(8516,864,'Nột dung tuần 11','Tuần 11','11'),(8517,864,'Nột dung tuần 12','Tuần 12','12'),(8518,864,'Nột dung tuần 13','Tuần 13','13'),(8519,864,'Nột dung tuần 14','Tuần 14','14'),(8520,864,'Nột dung tuần 15','Tuần 15','15'),(8521,865,'Nột dung tuần 1','Tuần 1','1'),(8522,865,'Nột dung tuần 2','Tuần 2','2'),(8523,865,'Nột dung tuần 3','Tuần 3','3'),(8524,865,'Nột dung tuần 4','Tuần 4','4'),(8525,865,'Nột dung tuần 5','Tuần 5','5'),(8526,865,'Nột dung tuần 6','Tuần 6','6'),(8527,865,'Nột dung tuần 7','Tuần 7','7'),(8528,865,'Nột dung tuần 8','Tuần 8','8'),(8529,865,'Nột dung tuần 9','Tuần 9','9'),(8530,865,'Nột dung tuần 10','Tuần 10','10'),(8531,865,'Nột dung tuần 11','Tuần 11','11'),(8532,865,'Nột dung tuần 12','Tuần 12','12'),(8533,865,'Nột dung tuần 13','Tuần 13','13'),(8534,865,'Nột dung tuần 14','Tuần 14','14'),(8535,865,'Nột dung tuần 15','Tuần 15','15'),(8536,866,'Nột dung tuần 1','Tuần 1','1'),(8537,866,'Nột dung tuần 2','Tuần 2','2'),(8538,866,'Nột dung tuần 3','Tuần 3','3'),(8539,866,'Nột dung tuần 4','Tuần 4','4'),(8540,866,'Nột dung tuần 5','Tuần 5','5'),(8541,866,'Nột dung tuần 6','Tuần 6','6'),(8542,866,'Nột dung tuần 7','Tuần 7','7'),(8543,866,'Nột dung tuần 8','Tuần 8','8'),(8544,866,'Nột dung tuần 9','Tuần 9','9'),(8545,866,'Nột dung tuần 10','Tuần 10','10'),(8546,866,'Nột dung tuần 11','Tuần 11','11'),(8547,866,'Nột dung tuần 12','Tuần 12','12'),(8548,866,'Nột dung tuần 13','Tuần 13','13'),(8549,866,'Nột dung tuần 14','Tuần 14','14'),(8550,866,'Nột dung tuần 15','Tuần 15','15'),(8551,867,'Nột dung tuần 1','Tuần 1','1'),(8552,867,'Nột dung tuần 2','Tuần 2','2'),(8553,867,'Nột dung tuần 3','Tuần 3','3'),(8554,867,'Nột dung tuần 4','Tuần 4','4'),(8555,867,'Nột dung tuần 5','Tuần 5','5'),(8556,867,'Nột dung tuần 6','Tuần 6','6'),(8557,867,'Nột dung tuần 7','Tuần 7','7'),(8558,867,'Nột dung tuần 8','Tuần 8','8'),(8559,867,'Nột dung tuần 9','Tuần 9','9'),(8560,867,'Nột dung tuần 10','Tuần 10','10'),(8561,867,'Nột dung tuần 11','Tuần 11','11'),(8562,867,'Nột dung tuần 12','Tuần 12','12'),(8563,867,'Nột dung tuần 13','Tuần 13','13'),(8564,867,'Nột dung tuần 14','Tuần 14','14'),(8565,867,'Nột dung tuần 15','Tuần 15','15'),(8566,868,'Nột dung tuần 1','Tuần 1','1'),(8567,868,'Nột dung tuần 2','Tuần 2','2'),(8568,868,'Nột dung tuần 3','Tuần 3','3'),(8569,868,'Nột dung tuần 4','Tuần 4','4'),(8570,868,'Nột dung tuần 5','Tuần 5','5'),(8571,868,'Nột dung tuần 6','Tuần 6','6'),(8572,868,'Nột dung tuần 7','Tuần 7','7'),(8573,868,'Nột dung tuần 8','Tuần 8','8'),(8574,868,'Nột dung tuần 9','Tuần 9','9'),(8575,868,'Nột dung tuần 10','Tuần 10','10'),(8576,868,'Nột dung tuần 11','Tuần 11','11'),(8577,868,'Nột dung tuần 12','Tuần 12','12'),(8578,868,'Nột dung tuần 13','Tuần 13','13'),(8579,868,'Nột dung tuần 14','Tuần 14','14'),(8580,868,'Nột dung tuần 15','Tuần 15','15'),(8581,869,'Nột dung tuần 1','Tuần 1','1'),(8582,869,'Nột dung tuần 2','Tuần 2','2'),(8583,869,'Nột dung tuần 3','Tuần 3','3'),(8584,869,'Nột dung tuần 4','Tuần 4','4'),(8585,869,'Nột dung tuần 5','Tuần 5','5'),(8586,869,'Nột dung tuần 6','Tuần 6','6'),(8587,869,'Nột dung tuần 7','Tuần 7','7'),(8588,869,'Nột dung tuần 8','Tuần 8','8'),(8589,869,'Nột dung tuần 9','Tuần 9','9'),(8590,869,'Nột dung tuần 10','Tuần 10','10'),(8591,869,'Nột dung tuần 11','Tuần 11','11'),(8592,869,'Nột dung tuần 12','Tuần 12','12'),(8593,869,'Nột dung tuần 13','Tuần 13','13'),(8594,869,'Nột dung tuần 14','Tuần 14','14'),(8595,869,'Nột dung tuần 15','Tuần 15','15'),(8596,870,'Nột dung tuần 1','Tuần 1','1'),(8597,870,'Nột dung tuần 2','Tuần 2','2'),(8598,870,'Nột dung tuần 3','Tuần 3','3'),(8599,870,'Nột dung tuần 4','Tuần 4','4'),(8600,870,'Nột dung tuần 5','Tuần 5','5'),(8601,870,'Nột dung tuần 6','Tuần 6','6'),(8602,870,'Nột dung tuần 7','Tuần 7','7'),(8603,870,'Nột dung tuần 8','Tuần 8','8'),(8604,870,'Nột dung tuần 9','Tuần 9','9'),(8605,870,'Nột dung tuần 10','Tuần 10','10'),(8606,870,'Nột dung tuần 11','Tuần 11','11'),(8607,870,'Nột dung tuần 12','Tuần 12','12'),(8608,870,'Nột dung tuần 13','Tuần 13','13'),(8609,870,'Nột dung tuần 14','Tuần 14','14'),(8610,870,'Nột dung tuần 15','Tuần 15','15'),(8611,871,'Nột dung tuần 1','Tuần 1','1'),(8612,871,'Nột dung tuần 2','Tuần 2','2'),(8613,871,'Nột dung tuần 3','Tuần 3','3'),(8614,871,'Nột dung tuần 4','Tuần 4','4'),(8615,871,'Nột dung tuần 5','Tuần 5','5'),(8616,871,'Nột dung tuần 6','Tuần 6','6'),(8617,871,'Nột dung tuần 7','Tuần 7','7'),(8618,871,'Nột dung tuần 8','Tuần 8','8'),(8619,871,'Nột dung tuần 9','Tuần 9','9'),(8620,871,'Nột dung tuần 10','Tuần 10','10'),(8621,871,'Nột dung tuần 11','Tuần 11','11'),(8622,871,'Nột dung tuần 12','Tuần 12','12'),(8623,871,'Nột dung tuần 13','Tuần 13','13'),(8624,871,'Nột dung tuần 14','Tuần 14','14'),(8625,871,'Nột dung tuần 15','Tuần 15','15'),(8626,872,'Nột dung tuần 1','Tuần 1','1'),(8627,872,'Nột dung tuần 2','Tuần 2','2'),(8628,872,'Nột dung tuần 3','Tuần 3','3'),(8629,872,'Nột dung tuần 4','Tuần 4','4'),(8630,872,'Nột dung tuần 5','Tuần 5','5'),(8631,872,'Nột dung tuần 6','Tuần 6','6'),(8632,872,'Nột dung tuần 7','Tuần 7','7'),(8633,872,'Nột dung tuần 8','Tuần 8','8'),(8634,872,'Nột dung tuần 9','Tuần 9','9'),(8635,872,'Nột dung tuần 10','Tuần 10','10'),(8636,872,'Nột dung tuần 11','Tuần 11','11'),(8637,872,'Nột dung tuần 12','Tuần 12','12'),(8638,872,'Nột dung tuần 13','Tuần 13','13'),(8639,872,'Nột dung tuần 14','Tuần 14','14'),(8640,872,'Nột dung tuần 15','Tuần 15','15'),(8641,873,'Nột dung tuần 1','Tuần 1','1'),(8642,873,'Nột dung tuần 2','Tuần 2','2'),(8643,873,'Nột dung tuần 3','Tuần 3','3'),(8644,873,'Nột dung tuần 4','Tuần 4','4'),(8645,873,'Nột dung tuần 5','Tuần 5','5'),(8646,873,'Nột dung tuần 6','Tuần 6','6'),(8647,873,'Nột dung tuần 7','Tuần 7','7'),(8648,873,'Nột dung tuần 8','Tuần 8','8'),(8649,873,'Nột dung tuần 9','Tuần 9','9'),(8650,873,'Nột dung tuần 10','Tuần 10','10'),(8651,873,'Nột dung tuần 11','Tuần 11','11'),(8652,873,'Nột dung tuần 12','Tuần 12','12'),(8653,873,'Nột dung tuần 13','Tuần 13','13'),(8654,873,'Nột dung tuần 14','Tuần 14','14'),(8655,873,'Nột dung tuần 15','Tuần 15','15'),(8656,874,'Nột dung tuần 1','Tuần 1','1'),(8657,874,'Nột dung tuần 2','Tuần 2','2'),(8658,874,'Nột dung tuần 3','Tuần 3','3'),(8659,874,'Nột dung tuần 4','Tuần 4','4'),(8660,874,'Nột dung tuần 5','Tuần 5','5'),(8661,874,'Nột dung tuần 6','Tuần 6','6'),(8662,874,'Nột dung tuần 7','Tuần 7','7'),(8663,874,'Nột dung tuần 8','Tuần 8','8'),(8664,874,'Nột dung tuần 9','Tuần 9','9'),(8665,874,'Nột dung tuần 10','Tuần 10','10'),(8666,874,'Nột dung tuần 11','Tuần 11','11'),(8667,874,'Nột dung tuần 12','Tuần 12','12'),(8668,874,'Nột dung tuần 13','Tuần 13','13'),(8669,874,'Nột dung tuần 14','Tuần 14','14'),(8670,874,'Nột dung tuần 15','Tuần 15','15'),(8671,875,'Nột dung tuần 1','Tuần 1','1'),(8672,875,'Nột dung tuần 2','Tuần 2','2'),(8673,875,'Nột dung tuần 3','Tuần 3','3'),(8674,875,'Nột dung tuần 4','Tuần 4','4'),(8675,875,'Nột dung tuần 5','Tuần 5','5'),(8676,875,'Nột dung tuần 6','Tuần 6','6'),(8677,875,'Nột dung tuần 7','Tuần 7','7'),(8678,875,'Nột dung tuần 8','Tuần 8','8'),(8679,875,'Nột dung tuần 9','Tuần 9','9'),(8680,875,'Nột dung tuần 10','Tuần 10','10'),(8681,875,'Nột dung tuần 11','Tuần 11','11'),(8682,875,'Nột dung tuần 12','Tuần 12','12'),(8683,875,'Nột dung tuần 13','Tuần 13','13'),(8684,875,'Nột dung tuần 14','Tuần 14','14'),(8685,875,'Nột dung tuần 15','Tuần 15','15'),(8686,876,'Nột dung tuần 1','Tuần 1','1'),(8687,876,'Nột dung tuần 2','Tuần 2','2'),(8688,876,'Nột dung tuần 3','Tuần 3','3'),(8689,876,'Nột dung tuần 4','Tuần 4','4'),(8690,876,'Nột dung tuần 5','Tuần 5','5'),(8691,876,'Nột dung tuần 6','Tuần 6','6'),(8692,876,'Nột dung tuần 7','Tuần 7','7'),(8693,876,'Nột dung tuần 8','Tuần 8','8'),(8694,876,'Nột dung tuần 9','Tuần 9','9'),(8695,876,'Nột dung tuần 10','Tuần 10','10'),(8696,876,'Nột dung tuần 11','Tuần 11','11'),(8697,876,'Nột dung tuần 12','Tuần 12','12'),(8698,876,'Nột dung tuần 13','Tuần 13','13'),(8699,876,'Nột dung tuần 14','Tuần 14','14'),(8700,876,'Nột dung tuần 15','Tuần 15','15'),(8701,877,'Nột dung tuần 1','Tuần 1','1'),(8702,877,'Nột dung tuần 2','Tuần 2','2'),(8703,877,'Nột dung tuần 3','Tuần 3','3'),(8704,877,'Nột dung tuần 4','Tuần 4','4'),(8705,877,'Nột dung tuần 5','Tuần 5','5'),(8706,877,'Nột dung tuần 6','Tuần 6','6'),(8707,877,'Nột dung tuần 7','Tuần 7','7'),(8708,877,'Nột dung tuần 8','Tuần 8','8'),(8709,877,'Nột dung tuần 9','Tuần 9','9'),(8710,877,'Nột dung tuần 10','Tuần 10','10'),(8711,877,'Nột dung tuần 11','Tuần 11','11'),(8712,877,'Nột dung tuần 12','Tuần 12','12'),(8713,877,'Nột dung tuần 13','Tuần 13','13'),(8714,877,'Nột dung tuần 14','Tuần 14','14'),(8715,877,'Nột dung tuần 15','Tuần 15','15'),(8716,878,'Nột dung tuần 1','Tuần 1','1'),(8717,878,'Nột dung tuần 2','Tuần 2','2'),(8718,878,'Nột dung tuần 3','Tuần 3','3'),(8719,878,'Nột dung tuần 4','Tuần 4','4'),(8720,878,'Nột dung tuần 5','Tuần 5','5'),(8721,878,'Nột dung tuần 6','Tuần 6','6'),(8722,878,'Nột dung tuần 7','Tuần 7','7'),(8723,878,'Nột dung tuần 8','Tuần 8','8'),(8724,878,'Nột dung tuần 9','Tuần 9','9'),(8725,878,'Nột dung tuần 10','Tuần 10','10'),(8726,878,'Nột dung tuần 11','Tuần 11','11'),(8727,878,'Nột dung tuần 12','Tuần 12','12'),(8728,878,'Nột dung tuần 13','Tuần 13','13'),(8729,878,'Nột dung tuần 14','Tuần 14','14'),(8730,878,'Nột dung tuần 15','Tuần 15','15'),(8731,879,'Nột dung tuần 1','Tuần 1','1'),(8732,879,'Nột dung tuần 2','Tuần 2','2'),(8733,879,'Nột dung tuần 3','Tuần 3','3'),(8734,879,'Nột dung tuần 4','Tuần 4','4'),(8735,879,'Nột dung tuần 5','Tuần 5','5'),(8736,879,'Nột dung tuần 6','Tuần 6','6'),(8737,879,'Nột dung tuần 7','Tuần 7','7'),(8738,879,'Nột dung tuần 8','Tuần 8','8'),(8739,879,'Nột dung tuần 9','Tuần 9','9'),(8740,879,'Nột dung tuần 10','Tuần 10','10'),(8741,879,'Nột dung tuần 11','Tuần 11','11'),(8742,879,'Nột dung tuần 12','Tuần 12','12'),(8743,879,'Nột dung tuần 13','Tuần 13','13'),(8744,879,'Nột dung tuần 14','Tuần 14','14'),(8745,879,'Nột dung tuần 15','Tuần 15','15'),(8746,880,'Nột dung tuần 1','Tuần 1','1'),(8747,880,'Nột dung tuần 2','Tuần 2','2'),(8748,880,'Nột dung tuần 3','Tuần 3','3'),(8749,880,'Nột dung tuần 4','Tuần 4','4'),(8750,880,'Nột dung tuần 5','Tuần 5','5'),(8751,880,'Nột dung tuần 6','Tuần 6','6'),(8752,880,'Nột dung tuần 7','Tuần 7','7'),(8753,880,'Nột dung tuần 8','Tuần 8','8'),(8754,880,'Nột dung tuần 9','Tuần 9','9'),(8755,880,'Nột dung tuần 10','Tuần 10','10'),(8756,880,'Nột dung tuần 11','Tuần 11','11'),(8757,880,'Nột dung tuần 12','Tuần 12','12'),(8758,880,'Nột dung tuần 13','Tuần 13','13'),(8759,880,'Nột dung tuần 14','Tuần 14','14'),(8760,880,'Nột dung tuần 15','Tuần 15','15'),(8761,881,'Nột dung tuần 1','Tuần 1','1'),(8762,881,'Nột dung tuần 2','Tuần 2','2'),(8763,881,'Nột dung tuần 3','Tuần 3','3'),(8764,881,'Nột dung tuần 4','Tuần 4','4'),(8765,881,'Nột dung tuần 5','Tuần 5','5'),(8766,881,'Nột dung tuần 6','Tuần 6','6'),(8767,881,'Nột dung tuần 7','Tuần 7','7'),(8768,881,'Nột dung tuần 8','Tuần 8','8'),(8769,881,'Nột dung tuần 9','Tuần 9','9'),(8770,881,'Nột dung tuần 10','Tuần 10','10'),(8771,881,'Nột dung tuần 11','Tuần 11','11'),(8772,881,'Nột dung tuần 12','Tuần 12','12'),(8773,881,'Nột dung tuần 13','Tuần 13','13'),(8774,881,'Nột dung tuần 14','Tuần 14','14'),(8775,881,'Nột dung tuần 15','Tuần 15','15'),(8776,882,'Nột dung tuần 1','Tuần 1','1'),(8777,882,'Nột dung tuần 2','Tuần 2','2'),(8778,882,'Nột dung tuần 3','Tuần 3','3'),(8779,882,'Nột dung tuần 4','Tuần 4','4'),(8780,882,'Nột dung tuần 5','Tuần 5','5'),(8781,882,'Nột dung tuần 6','Tuần 6','6'),(8782,882,'Nột dung tuần 7','Tuần 7','7'),(8783,882,'Nột dung tuần 8','Tuần 8','8'),(8784,882,'Nột dung tuần 9','Tuần 9','9'),(8785,882,'Nột dung tuần 10','Tuần 10','10'),(8786,882,'Nột dung tuần 11','Tuần 11','11'),(8787,882,'Nột dung tuần 12','Tuần 12','12'),(8788,882,'Nột dung tuần 13','Tuần 13','13'),(8789,882,'Nột dung tuần 14','Tuần 14','14'),(8790,882,'Nột dung tuần 15','Tuần 15','15'),(8791,883,'Nột dung tuần 1','Tuần 1','1'),(8792,883,'Nột dung tuần 2','Tuần 2','2'),(8793,883,'Nột dung tuần 3','Tuần 3','3'),(8794,883,'Nột dung tuần 4','Tuần 4','4'),(8795,883,'Nột dung tuần 5','Tuần 5','5'),(8796,883,'Nột dung tuần 6','Tuần 6','6'),(8797,883,'Nột dung tuần 7','Tuần 7','7'),(8798,883,'Nột dung tuần 8','Tuần 8','8'),(8799,883,'Nột dung tuần 9','Tuần 9','9'),(8800,883,'Nột dung tuần 10','Tuần 10','10'),(8801,883,'Nột dung tuần 11','Tuần 11','11'),(8802,883,'Nột dung tuần 12','Tuần 12','12'),(8803,883,'Nột dung tuần 13','Tuần 13','13'),(8804,883,'Nột dung tuần 14','Tuần 14','14'),(8805,883,'Nột dung tuần 15','Tuần 15','15'),(8806,884,'Nột dung tuần 1','Tuần 1','1'),(8807,884,'Nột dung tuần 2','Tuần 2','2'),(8808,884,'Nột dung tuần 3','Tuần 3','3'),(8809,884,'Nột dung tuần 4','Tuần 4','4'),(8810,884,'Nột dung tuần 5','Tuần 5','5'),(8811,884,'Nột dung tuần 6','Tuần 6','6'),(8812,884,'Nột dung tuần 7','Tuần 7','7'),(8813,884,'Nột dung tuần 8','Tuần 8','8'),(8814,884,'Nột dung tuần 9','Tuần 9','9'),(8815,884,'Nột dung tuần 10','Tuần 10','10'),(8816,884,'Nột dung tuần 11','Tuần 11','11'),(8817,884,'Nột dung tuần 12','Tuần 12','12'),(8818,884,'Nột dung tuần 13','Tuần 13','13'),(8819,884,'Nột dung tuần 14','Tuần 14','14'),(8820,884,'Nột dung tuần 15','Tuần 15','15'),(8821,885,'Nột dung tuần 1','Tuần 1','1'),(8822,885,'Nột dung tuần 2','Tuần 2','2'),(8823,885,'Nột dung tuần 3','Tuần 3','3'),(8824,885,'Nột dung tuần 4','Tuần 4','4'),(8825,885,'Nột dung tuần 5','Tuần 5','5'),(8826,885,'Nột dung tuần 6','Tuần 6','6'),(8827,885,'Nột dung tuần 7','Tuần 7','7'),(8828,885,'Nột dung tuần 8','Tuần 8','8'),(8829,885,'Nột dung tuần 9','Tuần 9','9'),(8830,885,'Nột dung tuần 10','Tuần 10','10'),(8831,885,'Nột dung tuần 11','Tuần 11','11'),(8832,885,'Nột dung tuần 12','Tuần 12','12'),(8833,885,'Nột dung tuần 13','Tuần 13','13'),(8834,885,'Nột dung tuần 14','Tuần 14','14'),(8835,885,'Nột dung tuần 15','Tuần 15','15'),(8836,886,'Nột dung tuần 1','Tuần 1','1'),(8837,886,'Nột dung tuần 2','Tuần 2','2'),(8838,886,'Nột dung tuần 3','Tuần 3','3'),(8839,886,'Nột dung tuần 4','Tuần 4','4'),(8840,886,'Nột dung tuần 5','Tuần 5','5'),(8841,886,'Nột dung tuần 6','Tuần 6','6'),(8842,886,'Nột dung tuần 7','Tuần 7','7'),(8843,886,'Nột dung tuần 8','Tuần 8','8'),(8844,886,'Nột dung tuần 9','Tuần 9','9'),(8845,886,'Nột dung tuần 10','Tuần 10','10'),(8846,886,'Nột dung tuần 11','Tuần 11','11'),(8847,886,'Nột dung tuần 12','Tuần 12','12'),(8848,886,'Nột dung tuần 13','Tuần 13','13'),(8849,886,'Nột dung tuần 14','Tuần 14','14'),(8850,886,'Nột dung tuần 15','Tuần 15','15'),(8851,887,'Nột dung tuần 1','Tuần 1','1'),(8852,887,'Nột dung tuần 2','Tuần 2','2'),(8853,887,'Nột dung tuần 3','Tuần 3','3'),(8854,887,'Nột dung tuần 4','Tuần 4','4'),(8855,887,'Nột dung tuần 5','Tuần 5','5'),(8856,887,'Nột dung tuần 6','Tuần 6','6'),(8857,887,'Nột dung tuần 7','Tuần 7','7'),(8858,887,'Nột dung tuần 8','Tuần 8','8'),(8859,887,'Nột dung tuần 9','Tuần 9','9'),(8860,887,'Nột dung tuần 10','Tuần 10','10'),(8861,887,'Nột dung tuần 11','Tuần 11','11'),(8862,887,'Nột dung tuần 12','Tuần 12','12'),(8863,887,'Nột dung tuần 13','Tuần 13','13'),(8864,887,'Nột dung tuần 14','Tuần 14','14'),(8865,887,'Nột dung tuần 15','Tuần 15','15'),(8866,888,'Nột dung tuần 1','Tuần 1','1'),(8867,888,'Nột dung tuần 2','Tuần 2','2'),(8868,888,'Nột dung tuần 3','Tuần 3','3'),(8869,888,'Nột dung tuần 4','Tuần 4','4'),(8870,888,'Nột dung tuần 5','Tuần 5','5'),(8871,888,'Nột dung tuần 6','Tuần 6','6'),(8872,888,'Nột dung tuần 7','Tuần 7','7'),(8873,888,'Nột dung tuần 8','Tuần 8','8'),(8874,888,'Nột dung tuần 9','Tuần 9','9'),(8875,888,'Nột dung tuần 10','Tuần 10','10'),(8876,888,'Nột dung tuần 11','Tuần 11','11'),(8877,888,'Nột dung tuần 12','Tuần 12','12'),(8878,888,'Nột dung tuần 13','Tuần 13','13'),(8879,888,'Nột dung tuần 14','Tuần 14','14'),(8880,888,'Nột dung tuần 15','Tuần 15','15'),(8911,890,'Nột dung tuần 1','Tuần 1','1'),(8912,890,'Nột dung tuần 2','Tuần 2','2'),(8913,890,'Nột dung tuần 3','Tuần 3','3'),(8914,890,'Nột dung tuần 4','Tuần 4','4'),(8915,890,'Nột dung tuần 5','Tuần 5','5'),(8916,890,'Nột dung tuần 6','Tuần 6','6'),(8917,890,'Nột dung tuần 7','Tuần 7','7'),(8918,890,'Nột dung tuần 8','Tuần 8','8'),(8919,890,'Nột dung tuần 9','Tuần 9','9'),(8920,890,'Nột dung tuần 10','Tuần 10','10'),(8921,890,'Nột dung tuần 11','Tuần 11','11'),(8922,890,'Nột dung tuần 12','Tuần 12','12'),(8923,890,'Nột dung tuần 13','Tuần 13','13'),(8924,890,'Nột dung tuần 14','Tuần 14','14'),(8925,890,'Nột dung tuần 15','Tuần 15','15');
/*!40000 ALTER TABLE `syllabus` ENABLE KEYS */;
UNLOCK TABLES;

--
-- Table structure for table `syllabus_template`
--

DROP TABLE IF EXISTS `syllabus_template`;
/*!40101 SET @saved_cs_client     = @@character_set_client */;
/*!40101 SET character_set_client = utf8 */;
CREATE TABLE `syllabus_template` (
  `id` int(11) NOT NULL AUTO_INCREMENT,
  `own_class_id` int(11) DEFAULT NULL,
  PRIMARY KEY (`id`),
  KEY `syllbus_template_own_class_id_8bdcd116_fk_class_id` (`own_class_id`),
  CONSTRAINT `syllbus_template_own_class_id_8bdcd116_fk_class_id` FOREIGN KEY (`own_class_id`) REFERENCES `class` (`id`)
) ENGINE=InnoDB AUTO_INCREMENT=4 DEFAULT CHARSET=utf8mb4 COLLATE=utf8mb4_bin;
/*!40101 SET character_set_client = @saved_cs_client */;

--
-- Dumping data for table `syllabus_template`
--

LOCK TABLES `syllabus_template` WRITE;
/*!40000 ALTER TABLE `syllabus_template` DISABLE KEYS */;
INSERT INTO `syllabus_template` VALUES (1,816),(3,890);
/*!40000 ALTER TABLE `syllabus_template` ENABLE KEYS */;
UNLOCK TABLES;

--
-- Table structure for table `user`
--

DROP TABLE IF EXISTS `user`;
/*!40101 SET @saved_cs_client     = @@character_set_client */;
/*!40101 SET character_set_client = utf8 */;
CREATE TABLE `user` (
  `id` int(11) NOT NULL AUTO_INCREMENT,
  `password` varchar(128) COLLATE utf8mb4_bin NOT NULL,
  `last_login` datetime(6) DEFAULT NULL,
  `is_superuser` tinyint(1) NOT NULL,
  `username` varchar(150) COLLATE utf8mb4_bin NOT NULL,
  `first_name` varchar(30) COLLATE utf8mb4_bin NOT NULL,
  `last_name` varchar(150) COLLATE utf8mb4_bin NOT NULL,
  `email` varchar(254) COLLATE utf8mb4_bin NOT NULL,
  `is_staff` tinyint(1) NOT NULL,
  `is_active` tinyint(1) NOT NULL,
  `date_joined` datetime(6) NOT NULL,
  `code` varchar(15) COLLATE utf8mb4_bin DEFAULT NULL,
  `avatar` varchar(100) COLLATE utf8mb4_bin DEFAULT NULL,
  `phone_number` varchar(20) COLLATE utf8mb4_bin DEFAULT NULL,
  `gender` varchar(10) COLLATE utf8mb4_bin DEFAULT NULL,
  `unit` varchar(20) COLLATE utf8mb4_bin DEFAULT NULL,
  `group_id` int(11) DEFAULT NULL,
  `address` longtext COLLATE utf8mb4_bin,
  `birthday` date DEFAULT NULL,
  PRIMARY KEY (`id`),
  UNIQUE KEY `username` (`username`),
  UNIQUE KEY `code` (`code`),
  KEY `user_group_id_50ce08ac_fk_auth_group_id` (`group_id`),
  CONSTRAINT `user_group_id_50ce08ac_fk_auth_group_id` FOREIGN KEY (`group_id`) REFERENCES `auth_group` (`id`)
) ENGINE=InnoDB AUTO_INCREMENT=5110 DEFAULT CHARSET=utf8mb4 COLLATE=utf8mb4_bin;
/*!40101 SET character_set_client = @saved_cs_client */;

--
-- Dumping data for table `user`
--

LOCK TABLES `user` WRITE;
/*!40000 ALTER TABLE `user` DISABLE KEYS */;
INSERT INTO `user` VALUES (4507,'pbkdf2_sha256$120000$J6PgpPyMReZ7$KUGIoc24gF+LgSslg0lCguVCmok3DXCauxfrQ03NrgA=','2018-12-10 11:00:15.000000',1,'tuan','','','',1,1,'2018-12-10 11:00:08.000000','2134545','',NULL,NULL,NULL,4,'',NULL),(4508,'pbkdf2_sha256$120000$eYxcyqSwsd5n$iizfROQsENK0967NPGtPExya2gUhJN2KioPHp+89GAU=',NULL,0,'100','Hiên','Huỳnh Trần','100@vnu.edu.vn',0,1,'2018-12-10 11:00:48.000000','100','',NULL,NULL,NULL,6,'',NULL),(4509,'pbkdf2_sha256$120000$lDjLhBfHcJYo$DqrujAN5npXJFEF2lbJJ5D6bcQcl3PjTfM7856cMP2A=',NULL,0,'101','Hiếu','Vũ Văn','101@vnu.edu.vn',1,1,'2018-12-10 11:00:49.317136',NULL,'',NULL,NULL,NULL,5,NULL,NULL),(4510,'pbkdf2_sha256$120000$N5zUkEw0dII5$aL3pHFBsmh5/cQFY3PCFhNiTNBL8CJv4oNTsfgeLfFQ=',NULL,0,'102','Dương','Chu Thuỷ','102@vnu.edu.vn',1,1,'2018-12-10 11:00:49.749462',NULL,'',NULL,NULL,NULL,5,NULL,NULL),(4511,'pbkdf2_sha256$120000$QcrxgCVM5zWj$qHqLut7PZ7dsOlXGrzGY0KPmb2IgJ9n6Gr0vAbP0I9I=',NULL,0,'103','Phương','Ngô Thị Quỳnh','103@vnu.edu.vn',1,1,'2018-12-10 11:00:50.115321',NULL,'',NULL,NULL,NULL,5,NULL,NULL),(4512,'pbkdf2_sha256$120000$EWBfvnEVmB94$pwYVoH6meN0Ae9AJu3dFZ3nfXfw9PLiI08FQ7WS4THQ=',NULL,0,'104','Thành','Đặng Phước','104@vnu.edu.vn',1,1,'2018-12-10 11:00:50.452465',NULL,'',NULL,NULL,NULL,5,NULL,NULL),(4513,'pbkdf2_sha256$120000$oCIgBDmEES4g$MYVJVaQw886WMMMoftHyupBEME73LLu3nIU0PNljqVs=',NULL,0,'105','Trâm','Nguyễn Thị Ngọc','105@vnu.edu.vn',1,1,'2018-12-10 11:00:50.941364',NULL,'',NULL,NULL,NULL,5,NULL,NULL),(4514,'pbkdf2_sha256$120000$51Na217G1JUH$UC2u+1mKmbj/u6nOymd/uhJMQ36FuztVNla/Xo4Sw3Q=',NULL,0,'106','Thanh','Lê Thị','106@vnu.edu.vn',1,1,'2018-12-10 11:00:51.336525',NULL,'',NULL,NULL,NULL,5,NULL,NULL),(4515,'pbkdf2_sha256$120000$xUNvBDjx4T0F$Jk+0El/mEyt72B63WL2x8rYri8DmszeNmBw9AKBi5Gc=',NULL,0,'107','Linh','Đỗ Nhị','107@vnu.edu.vn',1,1,'2018-12-10 11:00:51.804078',NULL,'',NULL,NULL,NULL,5,NULL,NULL),(4516,'pbkdf2_sha256$120000$wTD4lP5DtA9a$gwhTMOAJp47O3JNQVP9yFngzPaJP/5weaQiL7mIm13I=',NULL,0,'108','Hà','Nguyễn Cảnh','108@vnu.edu.vn',1,1,'2018-12-10 11:00:52.204716',NULL,'',NULL,NULL,NULL,5,NULL,NULL),(4517,'pbkdf2_sha256$120000$0vizXms5rj3u$mhoS5DU5/0LMM1waxQOXQpMNWfFwRtLvvSnAv9QbkZk=',NULL,0,'109','Ý','Huỳnh Thiện','109@vnu.edu.vn',1,1,'2018-12-10 11:00:52.652516',NULL,'',NULL,NULL,NULL,5,NULL,NULL),(4518,'pbkdf2_sha256$120000$8gDbCaIxYEix$leUyAj2+lSeHjk3IqAF+dDk9tcYR1aOi4dMN70T+8t4=',NULL,0,'110','Thành','Hồ Công','110@vnu.edu.vn',1,1,'2018-12-10 11:00:53.022865',NULL,'',NULL,NULL,NULL,5,NULL,NULL),(4519,'pbkdf2_sha256$120000$WABiRIG6nUQl$YqM3tEx1LCU0iKVgTFgCVji59OVmLWib766b9Vctl2U=',NULL,0,'111','Cương','Trần Văn','111@vnu.edu.vn',1,1,'2018-12-10 11:00:53.432743',NULL,'',NULL,NULL,NULL,5,NULL,NULL),(4520,'pbkdf2_sha256$120000$OUgWM1yRvPte$f9H3vooK/GSQdiaUOR1vsrZpjy/bJtbiUOZfd0FJIoM=',NULL,0,'112','Thảo','Trần Thị','112@vnu.edu.vn',1,1,'2018-12-10 11:00:53.927569',NULL,'',NULL,NULL,NULL,5,NULL,NULL),(4521,'pbkdf2_sha256$120000$2GLEH49uVYsg$djGhDf53Ls5sdXQD/NekkAF4FvpAXSmcPmGKSup0Sa4=',NULL,0,'113','An','Hoàng Văn','113@vnu.edu.vn',1,1,'2018-12-10 11:00:54.288492',NULL,'',NULL,NULL,NULL,5,NULL,NULL),(4522,'pbkdf2_sha256$120000$naXW7oZxHbpl$PZssWvHNz52Z2kqmiqsupD6t2iDG/55KP/NLKBoCifE=',NULL,0,'114','Quốc','Bùi Huy','114@vnu.edu.vn',1,1,'2018-12-10 11:00:54.675829',NULL,'',NULL,NULL,NULL,5,NULL,NULL),(4523,'pbkdf2_sha256$120000$BcY2XNw3w2Fo$ALAbWsv/4x+9Fc46n05zJFpyLgS+keifPIUZCUCXLCg=',NULL,0,'115','Thanh','Hồ Nguyễn Xuân','115@vnu.edu.vn',1,1,'2018-12-10 11:00:55.023061',NULL,'',NULL,NULL,NULL,5,NULL,NULL),(4524,'pbkdf2_sha256$120000$AiMNuUs5GvmY$NiVl0kyajJ8pOHsxa8xwssCM58Ro8x/7DrOM+LhSSIA=',NULL,0,'116','Chinh','Trần Hữu','116@vnu.edu.vn',1,1,'2018-12-10 11:00:55.377284',NULL,'',NULL,NULL,NULL,5,NULL,NULL),(4525,'pbkdf2_sha256$120000$IbXmXUltmsR7$HD4JCRuNAHXOVAQDWdeZTl/EQK/Gt6rx7ngOyb4PVKw=',NULL,0,'117','Khánh','Nguyễn Hữu','117@vnu.edu.vn',1,1,'2018-12-10 11:00:56.040355',NULL,'',NULL,NULL,NULL,5,NULL,NULL),(4526,'pbkdf2_sha256$120000$qsoF6JdtWdTC$40ULYAK8IYbGm4bejv57vY61isBPetZkr3ITjFdnvbw=',NULL,0,'118','Thiện','Nguyễn Tấn','118@vnu.edu.vn',1,1,'2018-12-10 11:00:56.415528',NULL,'',NULL,NULL,NULL,5,NULL,NULL),(4527,'pbkdf2_sha256$120000$r8ObJHZEbDCS$vLpql99/VI60E+FqOWo12Yv0AZZ3k8XNXMjfAyntOqk=',NULL,0,'119','Khánh','Phạm Quốc','119@vnu.edu.vn',1,1,'2018-12-10 11:00:56.831740',NULL,'',NULL,NULL,NULL,5,NULL,NULL),(4528,'pbkdf2_sha256$120000$tE9Mz1roRfb3$GFIVbDio/wmzi0Z3lWL4slkaATp2zLNLQYoNS/V2JPQ=',NULL,0,'120','Nga','Bùi Thị Hằng','120@vnu.edu.vn',1,1,'2018-12-10 11:00:57.192911',NULL,'',NULL,NULL,NULL,5,NULL,NULL),(4529,'pbkdf2_sha256$120000$3T6O20Or3FaK$5HvcNMyFquVpb6ZeCEKaC6BKDMM66kVMYdbclFpxL6k=',NULL,0,'121','An','Nguyễn Lê Phú','121@vnu.edu.vn',1,1,'2018-12-10 11:00:57.629579',NULL,'',NULL,NULL,NULL,5,NULL,NULL),(4530,'pbkdf2_sha256$120000$0lqjsVaLXcYK$QhLkAPS/jV5eLmdB8Zk9OtAxu+E5fxKoP1XtW8BXO7k=',NULL,0,'122','Thịnh','Nguyễn Văn','122@vnu.edu.vn',1,1,'2018-12-10 11:00:58.015981',NULL,'',NULL,NULL,NULL,5,NULL,NULL),(4531,'pbkdf2_sha256$120000$DbAI6Z08hPjQ$YHmT+dz8o5EDY8FXoeFDWE8FABXIPEBWOh0fyVM+VqQ=',NULL,0,'123','Bình','Ngô Thanh','123@vnu.edu.vn',1,1,'2018-12-10 11:00:58.415556',NULL,'',NULL,NULL,NULL,5,NULL,NULL),(4532,'pbkdf2_sha256$120000$8UHsGCaBtWVG$zD2ive9tgog446ymb5VTkuJ7Mm6gPPI72QRkB/By400=',NULL,0,'124','Hiếu','Đoàn Thế','124@vnu.edu.vn',1,1,'2018-12-10 11:00:59.012170',NULL,'',NULL,NULL,NULL,5,NULL,NULL),(4533,'pbkdf2_sha256$120000$4vdzAkYOR8Vx$jq13tUZxkQzziyJdmTz3sLSVDCh3p8rZA28TV+MY55U=',NULL,0,'125','Thuận','Huỳnh Minh','125@vnu.edu.vn',1,1,'2018-12-10 11:00:59.443884',NULL,'',NULL,NULL,NULL,5,NULL,NULL),(4534,'pbkdf2_sha256$120000$h9YOOlU1NEKy$RHpG8UDwKs1kuZx6tzuyucTacGQ7h0fabR5p0IoqToo=',NULL,0,'126','Huy','Nguyễn Văn','126@vnu.edu.vn',1,1,'2018-12-10 11:01:00.084311',NULL,'',NULL,NULL,NULL,5,NULL,NULL),(4535,'pbkdf2_sha256$120000$NEc3qnGBl7Hn$znSntJ4KPNSWfneUsmpE1BMz+UxS3qX4z/Rif8RpL+k=',NULL,0,'127','Trinh','Lê Nguyễn Ngọc','127@vnu.edu.vn',1,1,'2018-12-10 11:01:00.493312',NULL,'',NULL,NULL,NULL,5,NULL,NULL),(4536,'pbkdf2_sha256$120000$JyLQv2O23XJI$0UsEaVCdQPo0HP2/VvI+NsvC5ctE64OyVv3TZcEVfvo=',NULL,0,'128','Hùng','Hà Thanh','128@vnu.edu.vn',1,1,'2018-12-10 11:01:01.197475',NULL,'',NULL,NULL,NULL,5,NULL,NULL),(4537,'pbkdf2_sha256$120000$8lSifK4jKtvo$CLIcYpBdw2NcaYs9PFg/hQSyflrLKs8WhzzYpWVlQyc=',NULL,0,'129','Nam','Nguyễn Thanh','129@vnu.edu.vn',1,1,'2018-12-10 11:01:01.626771',NULL,'',NULL,NULL,NULL,5,NULL,NULL),(4538,'pbkdf2_sha256$120000$o3jAMQZJWC1I$M8fNl67agJtAj9AMq9UlZOM4D+N3DWwkndNP+2x5JX8=',NULL,0,'130','Hưng','Nguyễn Phúc','130@vnu.edu.vn',1,1,'2018-12-10 11:01:01.991654',NULL,'',NULL,NULL,NULL,5,NULL,NULL),(4539,'pbkdf2_sha256$120000$lN9tCkHj2eGn$NHfjw997aya59XwnArkub2PsrcDr5P6bniiR68WUkYU=',NULL,0,'131','Quang','Cao Nhật','131@vnu.edu.vn',1,1,'2018-12-10 11:01:02.357847',NULL,'',NULL,NULL,NULL,5,NULL,NULL),(4540,'pbkdf2_sha256$120000$1FNPjrip6TZm$2ghax0jyWYMfmPqqe4uSuUWDEbuTjWUw3CzF10QIGNw=',NULL,0,'132','Student','','132@vnu.edu.vn',1,1,'2018-12-10 11:01:02.823245',NULL,'',NULL,NULL,NULL,5,NULL,NULL),(4541,'pbkdf2_sha256$120000$7SZUERdGW4Er$dV+7ZBlNQ25xH05Afvesi+XW19el5ZusegfhU+O7M24=',NULL,0,'133','Thắng','Trần Minh','133@vnu.edu.vn',1,1,'2018-12-10 11:01:03.280085',NULL,'',NULL,NULL,NULL,5,NULL,NULL),(4542,'pbkdf2_sha256$120000$HqOH9y83KRXP$f5Fbeg9Fp5H7hShFnUJxqKwmw8d8OBVZDY+6GFoN264=',NULL,0,'134','Tiến','Đỗ Văn','134@vnu.edu.vn',1,1,'2018-12-10 11:01:03.659891',NULL,'',NULL,NULL,NULL,5,NULL,NULL),(4543,'pbkdf2_sha256$120000$g6InLyZgQQaK$NRAkD+buvca5Gp6Uz8YADCJNthnYqEPDwBKxih4NfdE=',NULL,0,'135','Long','Nguyễn Hoàng','135@vnu.edu.vn',1,1,'2018-12-10 11:01:04.032128',NULL,'',NULL,NULL,NULL,5,NULL,NULL),(4544,'pbkdf2_sha256$120000$DbhMouwMBnRM$5FbYzyTID96I/obZwW5MVAz/WzGSjF+xp/SfltxSOIg=',NULL,0,'136','Dư','Bùi Thành','136@vnu.edu.vn',1,1,'2018-12-10 11:01:04.438034',NULL,'',NULL,NULL,NULL,5,NULL,NULL),(4545,'pbkdf2_sha256$120000$VW6BxKMIfP2Y$StESfsR3pujHjrlIiL45lsCpku4sfoeDl6zyb8DQKpM=',NULL,0,'137','Chương','Nguyễn Hưng','137@vnu.edu.vn',1,1,'2018-12-10 11:01:04.950267',NULL,'',NULL,NULL,NULL,5,NULL,NULL),(4546,'pbkdf2_sha256$120000$dILqSH0o6clS$QAc5Gl5QG/5y6o+AIXDSovM9Tnnhw9j6goo/fNZa+fY=',NULL,0,'138','Thắng','Huỳnh Trọng','138@vnu.edu.vn',1,1,'2018-12-10 11:01:05.362502',NULL,'',NULL,NULL,NULL,5,NULL,NULL),(4547,'pbkdf2_sha256$120000$qnrKyHGZd3DS$PKjuR9bhDUeVJTiuNl4+vEbbBhNg8bOr/xTTjH8gsRI=',NULL,0,'139','Tuấn','Nguyễn Anh','139@vnu.edu.vn',1,1,'2018-12-10 11:01:05.824199',NULL,'',NULL,NULL,NULL,5,NULL,NULL),(4548,'pbkdf2_sha256$120000$0x5YpDtxfaPe$Rr+L6W/RGJCeL0lINYFF3sPTo/3Npq7INV97zuCwZw0=',NULL,0,'140','Duy','Nguyễn Khánh','140@vnu.edu.vn',1,1,'2018-12-10 11:01:06.218363',NULL,'',NULL,NULL,NULL,5,NULL,NULL),(4549,'pbkdf2_sha256$120000$jajbhJdcPitr$S9NNy/F5iaIXobIvV5GKNlfGZPsntifbq8Fi4dD8uQI=',NULL,0,'141','Mảnh','Trịnh Khiết','141@vnu.edu.vn',1,1,'2018-12-10 11:01:06.696822',NULL,'',NULL,NULL,NULL,5,NULL,NULL),(4550,'pbkdf2_sha256$120000$6I3Jky2u8tS9$uRjQhMg0BZ6qRKCRyL9MCF4gmn5VVJvbSUiKmPixw5E=',NULL,0,'142','Thắm','Bùi Thị','142@vnu.edu.vn',1,1,'2018-12-10 11:01:07.076952',NULL,'',NULL,NULL,NULL,5,NULL,NULL),(4551,'pbkdf2_sha256$120000$I7IwC0rXeHSF$3sjqd7buITJQ1JtyvH64SK/zcUOh0lrj+UhyupDrUBc=',NULL,0,'143','Thông','Lê Trọng','143@vnu.edu.vn',1,1,'2018-12-10 11:01:07.618578',NULL,'',NULL,NULL,NULL,5,NULL,NULL),(4552,'pbkdf2_sha256$120000$xnjTQUmYYxNR$AowMZIg1Hlr4V5crlgWuR/VqMcA5i5RAhpB9ij/OpgA=',NULL,0,'144','Vũ','Nguyễn Minh','144@vnu.edu.vn',1,1,'2018-12-10 11:01:07.996068',NULL,'',NULL,NULL,NULL,5,NULL,NULL),(4553,'pbkdf2_sha256$120000$6HU9Y2HDWXdA$w9yZfz9DiUgNgIAFjescGsnV2x8giy5sJ4dVvlhvQh0=',NULL,0,'145','Lãm','Lê Quang','145@vnu.edu.vn',1,1,'2018-12-10 11:01:08.342719',NULL,'',NULL,NULL,NULL,5,NULL,NULL),(4554,'pbkdf2_sha256$120000$hVhflGW3RM4C$7KRug1iArdwfE9vNJtIzLl5eI33eSlFPyJazl2uDJPc=',NULL,0,'146','mới','Thành viên','146@vnu.edu.vn',1,1,'2018-12-10 11:01:08.778371',NULL,'',NULL,NULL,NULL,5,NULL,NULL),(4555,'pbkdf2_sha256$120000$9unNONB5F9jT$gTShN2rcrnR6ZUbcNDyKSwKK7o8tDF+CKeAcyrVgPHM=',NULL,0,'147','Yến','Mai Trần Hồng','147@vnu.edu.vn',1,1,'2018-12-10 11:01:09.094951',NULL,'',NULL,NULL,NULL,5,NULL,NULL),(4556,'pbkdf2_sha256$120000$9i5dwY9G9eOt$uhkcLntqrKGGm8VebEam5nh6sREUDCYErxX+QORmvKY=',NULL,0,'148','Phúc','Nguyễn Đình','148@vnu.edu.vn',1,1,'2018-12-10 11:01:09.504537',NULL,'',NULL,NULL,NULL,5,NULL,NULL),(4557,'pbkdf2_sha256$120000$y3CPlFfNNZqc$J6UIsbGSpLiXqi6OED9SiisyXZLXdHpokIhWbsn+zhQ=',NULL,0,'149','Đức','Đỗ Minh','149@vnu.edu.vn',1,1,'2018-12-10 11:01:09.878941',NULL,'',NULL,NULL,NULL,5,NULL,NULL),(4558,'pbkdf2_sha256$120000$99eXkcA9Y3NB$apTXnmCl2lulFik9k1y5ITSDHgqeI7Ohb2VHP//t1kM=',NULL,0,'150','Hường','Trần Thị','150@vnu.edu.vn',1,1,'2018-12-10 11:01:10.289652',NULL,'',NULL,NULL,NULL,5,NULL,NULL),(4559,'pbkdf2_sha256$120000$RzKHZRI92LFB$0DSSaT4vVyyHq+ERhZTonQ8hyWMrJfDeOv1J18JYzqM=',NULL,0,'151','Sơn','Hoàng','151@vnu.edu.vn',1,1,'2018-12-10 11:01:10.683673',NULL,'',NULL,NULL,NULL,5,NULL,NULL),(4560,'pbkdf2_sha256$120000$yBz1oOmyqUQy$lfMTZ6//1WQ9FrnhokwH3m8xiImMOCUnmp+6vzK75xg=',NULL,0,'152','mới','Thành viên','152@vnu.edu.vn',1,1,'2018-12-10 11:01:11.157926',NULL,'',NULL,NULL,NULL,5,NULL,NULL),(4561,'pbkdf2_sha256$120000$MKfrv3oSff5L$Lr5nZHRc6r/v7SSup8hDyMKKqfpBZaq7wxKCmNj5Gr4=',NULL,0,'153','Thuý','Nguyễn Thị','153@vnu.edu.vn',1,1,'2018-12-10 11:01:11.626300',NULL,'',NULL,NULL,NULL,5,NULL,NULL),(4562,'pbkdf2_sha256$120000$dYFDrJr9crK3$sXV185v0OXAhChwGJio+bn6VIcI+sgYw+BCCEuu4cPo=',NULL,0,'154','Đăng','Nguyễn Hải','154@vnu.edu.vn',1,1,'2018-12-10 11:01:12.108009',NULL,'',NULL,NULL,NULL,5,NULL,NULL),(4563,'pbkdf2_sha256$120000$3J0rmcpLfHLM$iGidEX2xerzyp4L3dYMgcsCCRXxGFwUabd+9PMJWYPY=',NULL,0,'155','Đại','Bùi Thế','155@vnu.edu.vn',1,1,'2018-12-10 11:01:12.486149',NULL,'',NULL,NULL,NULL,5,NULL,NULL),(4564,'pbkdf2_sha256$120000$ev820bU2y05L$NmcO/rEfwRc6DMly89Gax+pLVjQFuni5S1AArz9pYPU=',NULL,0,'156','Cường','Phạm Anh','156@vnu.edu.vn',1,1,'2018-12-10 11:01:12.896409',NULL,'',NULL,NULL,NULL,5,NULL,NULL),(4565,'pbkdf2_sha256$120000$EVwYntFbEmEi$IsnZ/9DRCy9BF3R6eHVzDU1ddapB5ht6mnxcJYLZNaY=',NULL,0,'157','Anh','Hoàng Tuấn','157@vnu.edu.vn',1,1,'2018-12-10 11:01:13.300783',NULL,'',NULL,NULL,NULL,5,NULL,NULL),(4566,'pbkdf2_sha256$120000$cgsXVPJUvsbp$nGIfZW1wef1PFtKhnVIHB3BFVeXS81bjT1ycgj3rVIU=',NULL,0,'158','Tuấn','Bùi Văn','158@vnu.edu.vn',1,1,'2018-12-10 11:01:13.702984',NULL,'',NULL,NULL,NULL,5,NULL,NULL),(4567,'pbkdf2_sha256$120000$c7yPjmXNh6IX$WIQn8exFAhGZyfmBM9OXDkhK6dswbr52H/UKIjwv5uQ=',NULL,0,'159','Phong','Hà Thanh','159@vnu.edu.vn',1,1,'2018-12-10 11:01:14.155439',NULL,'',NULL,NULL,NULL,5,NULL,NULL),(4568,'pbkdf2_sha256$120000$3jLs3j8xwX05$AeAya+LIrxE4f1MzOwUPyyg1k4nvWlsrFgxlPfZxtOM=',NULL,0,'160','Khương','Nguyễn Hữu','160@vnu.edu.vn',1,1,'2018-12-10 11:01:14.533725',NULL,'',NULL,NULL,NULL,5,NULL,NULL),(4569,'pbkdf2_sha256$120000$vMskMJyO0Xxh$c8cmVFVJSoCDmxt0oU0kbua1STTjJ81No7o9rnEpGDo=',NULL,0,'161','Khang','Mai Nguyên','161@vnu.edu.vn',1,1,'2018-12-10 11:01:14.917097',NULL,'',NULL,NULL,NULL,5,NULL,NULL),(4570,'pbkdf2_sha256$120000$LxYieHR1Syzj$zYw+g0Rfq+xn1mTIS7L8wKBt2qAlBkfGjArth2p4sos=',NULL,0,'162','Cường','Đỗ Mạnh','162@vnu.edu.vn',1,1,'2018-12-10 11:01:15.315117',NULL,'',NULL,NULL,NULL,5,NULL,NULL),(4571,'pbkdf2_sha256$120000$VbIn9hFTw64j$jyqio+iEdvmWH1nZYaFb9lCI8cVdJIyhI+zA50j1AG0=',NULL,0,'163','Bình','Vũ Hải','163@vnu.edu.vn',1,1,'2018-12-10 11:01:15.823732',NULL,'',NULL,NULL,NULL,5,NULL,NULL),(4572,'pbkdf2_sha256$120000$3roqJR7BlLjs$j+DVjKcd98SNxu7jPwiPq33vDZqrk+jJoiUKOdv8tAk=',NULL,0,'164','Dũng','Nguyễn Chí','164@vnu.edu.vn',1,1,'2018-12-10 11:01:16.214856',NULL,'',NULL,NULL,NULL,5,NULL,NULL),(4573,'pbkdf2_sha256$120000$vj9teN5deHAJ$m+88VRlnBtDzqXcXzhYv9KkDzW3iiatDLuKVomxt5pE=',NULL,0,'165','Phát','Nguyễn Đặng','165@vnu.edu.vn',1,1,'2018-12-10 11:01:16.692926',NULL,'',NULL,NULL,NULL,5,NULL,NULL),(4574,'pbkdf2_sha256$120000$UiyZupZndjQ1$nOuXJXBmejIhijeXUKWEFgQ+X1G9K1hiV2LoA2Rf5Qw=',NULL,0,'166','Nhật','Thái Minh','166@vnu.edu.vn',1,1,'2018-12-10 11:01:17.075690',NULL,'',NULL,NULL,NULL,5,NULL,NULL),(4575,'pbkdf2_sha256$120000$rKTifqjxgy1D$8tSRbPH3Va5wyoQXsnQJYv2PQzcjgAj3KIOz6jst86M=',NULL,0,'167','Huy','Nguyễn Quốc','167@vnu.edu.vn',1,1,'2018-12-10 11:01:17.464182',NULL,'',NULL,NULL,NULL,5,NULL,NULL),(4576,'pbkdf2_sha256$120000$WrWn2LbaEWla$Ma2hbiIpAmEsz4Nw5PMuhyb3sxE9ZVC9j45nP4TZh2o=',NULL,0,'168','Tuấn','Nguyễn Minh','168@vnu.edu.vn',1,1,'2018-12-10 11:01:17.836503',NULL,'',NULL,NULL,NULL,5,NULL,NULL),(4577,'pbkdf2_sha256$120000$SeKSjvLZlDie$DiPUizDWGxo1/WQpJBqSAxzHmep3jlqFsJDoFSaAHtQ=',NULL,0,'169','Anh','Lê Đức','169@vnu.edu.vn',1,1,'2018-12-10 11:01:18.227832',NULL,'',NULL,NULL,NULL,5,NULL,NULL),(4578,'pbkdf2_sha256$120000$H1qUq7z2GhuB$rLhiTP6ixkT3okTlPVF52ukKX/YNHHt0KCOvdDE/4aw=',NULL,0,'170','Đạt','Nguyễn Tuấn','170@vnu.edu.vn',1,1,'2018-12-10 11:01:18.697940',NULL,'',NULL,NULL,NULL,5,NULL,NULL),(4579,'pbkdf2_sha256$120000$BLaeXtwUPKGi$PxokZFnvgySd43Bkad4GZ/6dDEjK0N9SflRIhFHwuDw=',NULL,0,'171','Anh','Phạm Hoàng Ngọc','171@vnu.edu.vn',1,1,'2018-12-10 11:01:19.070205',NULL,'',NULL,NULL,NULL,5,NULL,NULL),(4580,'pbkdf2_sha256$120000$yRfXbCod0wOc$bjQlfEJ+WyjTIHkRxdyHWQdjFdcIvmDXyIPl1LiL4lY=',NULL,0,'172','Tấn','Nguyễn Minh','172@vnu.edu.vn',1,1,'2018-12-10 11:01:19.477059',NULL,'',NULL,NULL,NULL,5,NULL,NULL),(4581,'pbkdf2_sha256$120000$p1Scq2RxqVWj$oKm8QKQRjkp1/LRkqlSuvff+ldUUFkk2vx7idiW8284=',NULL,0,'173','Kiên','Đỗ Trung','173@vnu.edu.vn',1,1,'2018-12-10 11:01:19.811211',NULL,'',NULL,NULL,NULL,5,NULL,NULL),(4582,'pbkdf2_sha256$120000$54RSK7IMn9a1$oNo3Etyr8MZqA4D7jrBEzJua0kzn+RUUEpMQAbcpkdM=',NULL,0,'174','Long','Đặng Nhật Hải','174@vnu.edu.vn',1,1,'2018-12-10 11:01:20.189063',NULL,'',NULL,NULL,NULL,5,NULL,NULL),(4583,'pbkdf2_sha256$120000$nklLP4ezEvZF$L1JsJxroKB2NaEECNf/Cxgqoec81UUl8jSIqfXd6n2A=',NULL,0,'175','Quốc','Trần Hữu','175@vnu.edu.vn',1,1,'2018-12-10 11:01:20.652669',NULL,'',NULL,NULL,NULL,5,NULL,NULL),(4584,'pbkdf2_sha256$120000$sXJnQOcV2mWw$SAPa5/Wr/EOPP3NSYDQVDNWOuYO7Dh09hyF3/yKKSrk=',NULL,0,'176','Lâm','Phạm Văn','176@vnu.edu.vn',1,1,'2018-12-10 11:01:21.093870',NULL,'',NULL,NULL,NULL,5,NULL,NULL),(4585,'pbkdf2_sha256$120000$fLGDf1Loq6WD$FwTlL/tlpw4BazOsxHQCtEqRxXQ+MPKMOIILT58t44Q=',NULL,0,'177','Văn','Ngô Gia','177@vnu.edu.vn',1,1,'2018-12-10 11:01:21.432845',NULL,'',NULL,NULL,NULL,5,NULL,NULL),(4586,'pbkdf2_sha256$120000$2K7Jz5k9yfG1$cY06cKn58gZaXJ5AFFlH2xvxiT1DCK7UDPf87WtfkDE=',NULL,0,'178','Tuấn','Trần Đức Anh','178@vnu.edu.vn',1,1,'2018-12-10 11:01:21.807088',NULL,'',NULL,NULL,NULL,5,NULL,NULL),(4587,'pbkdf2_sha256$120000$OIMjuHSQW72K$JmL2QA+1ivYN06fZCRZppt+XIede8iAAdnHcKEoBbxY=',NULL,0,'179','Phương','Nguyễn Duy','179@vnu.edu.vn',1,1,'2018-12-10 11:01:22.158446',NULL,'',NULL,NULL,NULL,5,NULL,NULL),(4588,'pbkdf2_sha256$120000$wEU6KNs4Ly6t$n5UuUUGSwln9IBKcMZdMIr8UoTPsL8QNj193xVSwwAA=',NULL,0,'180','Hoàng','Đặng Phan Xuân','180@vnu.edu.vn',1,1,'2018-12-10 11:01:22.659359',NULL,'',NULL,NULL,NULL,5,NULL,NULL),(4589,'pbkdf2_sha256$120000$2ehSECoTqHxR$ryyIUkAsKVLIFAIPKZqW/p6PoUKRMgY/HHzC6kiaynQ=',NULL,0,'181','TrĆ°áťng','NgĂ´ Hiáşżu','181@vnu.edu.vn',1,1,'2018-12-10 11:01:23.175729',NULL,'',NULL,NULL,NULL,5,NULL,NULL),(4590,'pbkdf2_sha256$120000$sgM92aGMw5Ns$P1QOMAyv3Ct5KyfIPDOdWQNFR5X+/1+yayDwHinWlKY=',NULL,0,'182','Đạt','Nguyễn Thành','182@vnu.edu.vn',1,1,'2018-12-10 11:01:23.613358',NULL,'',NULL,NULL,NULL,5,NULL,NULL),(4591,'pbkdf2_sha256$120000$4YBbrz9FtK6A$DYah00Fiw646bxaDdXOYJzHmOP2XDFhSCP48BYetjrg=',NULL,0,'183','Khôi','Lê Nguyên','183@vnu.edu.vn',1,1,'2018-12-10 11:01:23.992055',NULL,'',NULL,NULL,NULL,5,NULL,NULL),(4592,'pbkdf2_sha256$120000$pfIcgsipFzCT$5ZArh9ATzITMy+z6OBccIStt/ccICT0g/WQ3dyDe8/s=',NULL,0,'184','Hữu','Lê Phú','184@vnu.edu.vn',1,1,'2018-12-10 11:01:24.344030',NULL,'',NULL,NULL,NULL,5,NULL,NULL),(4593,'pbkdf2_sha256$120000$N5o0yV8vhr1x$W9WXfClPa9+3X1Xx0bQlkEixjRLSDuBfAPrHS5iuvDU=',NULL,0,'185','Truờng','Phạm Nam','185@vnu.edu.vn',1,1,'2018-12-10 11:01:24.819499',NULL,'',NULL,NULL,NULL,5,NULL,NULL),(4594,'pbkdf2_sha256$120000$KvF0x0IHRYSj$Wk1/Iim7f2W+1uuJ7eB4cyl5CVHtEEQFs2vG1NMT4ZA=',NULL,0,'186','Đăng','Đặng Lâm Hải','186@vnu.edu.vn',1,1,'2018-12-10 11:01:25.219687',NULL,'',NULL,NULL,NULL,5,NULL,NULL),(4595,'pbkdf2_sha256$120000$CycaSun2vFTQ$EO8/nFuokYArSA53RLtVamd+HfuMNnyVdA5VU9vXJOQ=',NULL,0,'187','Huy','Nguyễn Quốc','187@vnu.edu.vn',1,1,'2018-12-10 11:01:25.653449',NULL,'',NULL,NULL,NULL,5,NULL,NULL),(4596,'pbkdf2_sha256$120000$t2VQ77fwFAxv$EBRvP7d+4NaJxfx2ewTcH40pS757FfXYVMu2IXThahM=',NULL,0,'188','Cường','Ngô Quốc','188@vnu.edu.vn',1,1,'2018-12-10 11:01:26.043341',NULL,'',NULL,NULL,NULL,5,NULL,NULL),(4597,'pbkdf2_sha256$120000$qpK8XHCEvs04$F29Qw251zsNxRSRA7ibXfGEDtjvzym9vTA2Aesz/irU=',NULL,0,'189','Ngân','Lê Đình','189@vnu.edu.vn',1,1,'2018-12-10 11:01:26.493937',NULL,'',NULL,NULL,NULL,5,NULL,NULL),(4598,'pbkdf2_sha256$120000$SxQYT6wTI2oy$W+0xH8uMjk/bz0ELX3jppizboDZhnCRxlQEjtVMIjGk=',NULL,0,'190','An','Lương Thái Võ Việt','190@vnu.edu.vn',1,1,'2018-12-10 11:01:26.877728',NULL,'',NULL,NULL,NULL,5,NULL,NULL),(4599,'pbkdf2_sha256$120000$aBvCSMrif7N9$kD0p0+y0v2n3efBnpRT2Pc5f748IYZJbY56yifBcjas=',NULL,0,'191','Minh','Lương Hữu','191@vnu.edu.vn',1,1,'2018-12-10 11:01:27.284089',NULL,'',NULL,NULL,NULL,5,NULL,NULL),(4600,'pbkdf2_sha256$120000$zzFXcD5tjGR7$IFY8jDMEx75Gkaodnp/h8xqgKfG1qXLcfFRWRKFEw8M=',NULL,0,'192','Việt','Nguyễn Hữu','192@vnu.edu.vn',1,1,'2018-12-10 11:01:27.673943',NULL,'',NULL,NULL,NULL,5,NULL,NULL),(4601,'pbkdf2_sha256$120000$NosYAQEv3vnU$MkcmU8Rc/DqAdTiUpOvXhs86Gq9oqew4rZbMc8Yfhto=',NULL,0,'193','Vinh','Lê Quang','193@vnu.edu.vn',1,1,'2018-12-10 11:01:28.059975',NULL,'',NULL,NULL,NULL,5,NULL,NULL),(4602,'pbkdf2_sha256$120000$I7U4l8AsgPbh$lPpacMK8hOGQGjX34/6IQXsHYnsTO3wNdSfpMb2gPrw=',NULL,0,'194','Huy','Tráş§n KháşŻc','194@vnu.edu.vn',1,1,'2018-12-10 11:01:28.480359',NULL,'',NULL,NULL,NULL,5,NULL,NULL),(4603,'pbkdf2_sha256$120000$hS85xLXr9VtJ$ScAHGb6v1fYa0EYEsnktLESrnA25EaDKummqVLHOdEg=',NULL,0,'195','Hạnh','Trần Tuyết','195@vnu.edu.vn',1,1,'2018-12-10 11:01:28.860928',NULL,'',NULL,NULL,NULL,5,NULL,NULL),(4604,'pbkdf2_sha256$120000$6BdDxDpdS8xf$3+9J3iBJN9VqEVVShyCee1L78WJESColb3TI/1AIC4w=',NULL,0,'196','Tuấn','Nguyễn Anh','196@vnu.edu.vn',1,1,'2018-12-10 11:01:29.250933',NULL,'',NULL,NULL,NULL,5,NULL,NULL),(4605,'pbkdf2_sha256$120000$JJVHMaUcw3BF$GRt+PQPwnhJWMPdrXDDJDdxRMm98K5bj+0Sd/VI+aYk=',NULL,0,'197','Luân','Nguyễn Thành','197@vnu.edu.vn',1,1,'2018-12-10 11:01:29.653503',NULL,'',NULL,NULL,NULL,5,NULL,NULL),(4606,'pbkdf2_sha256$120000$296KOa6BzkI3$tEfoMESbTBYq5DLWx6p0x4ZJTxFNzIfXI3aowplfpEo=',NULL,0,'198','Anh','Hoàng Trần Tuấn','198@vnu.edu.vn',1,1,'2018-12-10 11:01:30.098633',NULL,'',NULL,NULL,NULL,5,NULL,NULL),(4607,'pbkdf2_sha256$120000$xLVE9LHqEi8P$g6gmnELwSLeJ8dkAftnT05ThK6/1xqWR2GKpDXCOybo=',NULL,0,'199','Thắng','Bùi Tiến','199@vnu.edu.vn',1,1,'2018-12-10 11:01:30.470819',NULL,'',NULL,NULL,NULL,5,NULL,NULL),(4608,'pbkdf2_sha256$120000$1JlpZrbt8u4Z$7HPEKBFRJEL01PXyPvNyueSac3VxFGEGUQaEQ4JQA3w=',NULL,0,'1000','Khánh','Phạm Quốc','1000@vnu.edu.vn',0,1,'2018-12-10 11:02:04.010142',NULL,'',NULL,NULL,NULL,6,NULL,NULL),(4609,'pbkdf2_sha256$120000$K837CuwzDlcW$JWwAidoL6/w8RYjWBbODFuF6Cq3qoAZnYO5lxf/oubM=',NULL,0,'1001','Tùng','Nguyễn Thanh','1001@vnu.edu.vn',0,1,'2018-12-10 11:02:04.457939',NULL,'',NULL,NULL,NULL,6,NULL,NULL),(4610,'pbkdf2_sha256$120000$Vv5Rx1mNvYwx$w9Fd64zX3X2EfGOFih/2BgpwSuwyIVo1s2D7LPS2gvY=',NULL,0,'1002','Dũng','Mai Việt','1002@vnu.edu.vn',0,1,'2018-12-10 11:02:04.903175',NULL,'',NULL,NULL,NULL,6,NULL,NULL),(4611,'pbkdf2_sha256$120000$9DnbDSYkKm4s$u+jptkfKByz+zkDrPqn4TCEmFp+wH2Vcy9PLY7efWo4=',NULL,0,'1003','Huy','Lê','1003@vnu.edu.vn',0,1,'2018-12-10 11:02:05.203275',NULL,'',NULL,NULL,NULL,6,NULL,NULL),(4612,'pbkdf2_sha256$120000$7PIscT1FQs1g$YPlklk6h8GDmicII/dTq/Q93pNYFl5xLD6A4KCrmVEU=',NULL,0,'1004','Cường','Phạm Quốc','1004@vnu.edu.vn',0,1,'2018-12-10 11:02:05.539655',NULL,'',NULL,NULL,NULL,6,NULL,NULL),(4613,'pbkdf2_sha256$120000$cMTq97pUdwWF$wlBz5OkjD/yWdwZ6T8h5pQLPBA59Rbc3pJ1+AEzKto4=',NULL,0,'1005','Tùng','Nguyễn Thanh','1005@vnu.edu.vn',0,1,'2018-12-10 11:02:05.842302',NULL,'',NULL,NULL,NULL,6,NULL,NULL),(4614,'pbkdf2_sha256$120000$MAKte31NpFL1$ibTbSKQuLThZt3yqGmeMhyWYerCkRp8LA5J6uMn6u38=',NULL,0,'1006','Đức','Lê Tấn','1006@vnu.edu.vn',0,1,'2018-12-10 11:02:06.157164',NULL,'',NULL,NULL,NULL,6,NULL,NULL),(4615,'pbkdf2_sha256$120000$AprsruBC1lMv$rKwnWZasEvebgWaxZT4qCZ5lBbyfjwh9VCUolb0y6bA=',NULL,0,'1007','Liêm','Bùi Thanh','1007@vnu.edu.vn',0,1,'2018-12-10 11:02:06.522737',NULL,'',NULL,NULL,NULL,6,NULL,NULL),(4616,'pbkdf2_sha256$120000$R7jiDMLYYsjz$ICT8ECtkD4RHg+ookimuh8CLQrA8buV5+50YJTv+07I=',NULL,0,'1008','Đạt','Phan Tấn','1008@vnu.edu.vn',0,1,'2018-12-10 11:02:06.892570',NULL,'',NULL,NULL,NULL,6,NULL,NULL),(4617,'pbkdf2_sha256$120000$HwzoGql7zJfC$xumWMRDVNrYktjd1U8L4nXS8iqye8TBu5zT5SSilHOk=',NULL,0,'1009','Huy','Nguyễn Đình','1009@vnu.edu.vn',0,1,'2018-12-10 11:02:07.224749',NULL,'',NULL,NULL,NULL,6,NULL,NULL),(4618,'pbkdf2_sha256$120000$I7dhMBbTinjE$WVniqGkhsNdxpwPmUg4DKAIa/fhtvHT7n34Mk55BQMU=',NULL,0,'1010','Vũ','Nguyễn Anh','1010@vnu.edu.vn',0,1,'2018-12-10 11:02:07.537336',NULL,'',NULL,NULL,NULL,6,NULL,NULL),(4619,'pbkdf2_sha256$120000$dVaDz3zfx0nv$Oh+HNSIlxE440tEtH34Cs3eC9x8dSegYjdU0+QlacnI=',NULL,0,'1011','Thương','Dương Thị Thanh','1011@vnu.edu.vn',0,1,'2018-12-10 11:02:07.919701',NULL,'',NULL,NULL,NULL,6,NULL,NULL),(4620,'pbkdf2_sha256$120000$1rulXL6sCabD$MC0vwMcedL+N89qcvgNOpniE5IsJLQqn3KDqwqLNKyo=',NULL,0,'1012','Nghiệp','Trần Hưng','1012@vnu.edu.vn',0,1,'2018-12-10 11:02:08.242184',NULL,'',NULL,NULL,NULL,6,NULL,NULL),(4621,'pbkdf2_sha256$120000$gZb4OLmiPef8$1yqWztzdkjrMuAG7Zqaj+OA+z3ZbK/K2MIvKIH4vngM=',NULL,0,'1013','Kiệt','Huỳnh Anh','1013@vnu.edu.vn',0,1,'2018-12-10 11:02:08.736106',NULL,'',NULL,NULL,NULL,6,NULL,NULL),(4622,'pbkdf2_sha256$120000$6DWMkfUIGOGR$fLAgIMdxP0WjugawcvH7C51sQnS29myswiQPKbPetM8=',NULL,0,'1014','Quân','Đặng Quốc','1014@vnu.edu.vn',0,1,'2018-12-10 11:02:09.093317',NULL,'',NULL,NULL,NULL,6,NULL,NULL),(4623,'pbkdf2_sha256$120000$SlZ0jBMThahj$UyH7fj7TbC4Tvdzqk+oDwJzZlNzUTo48S9TZbTuGlP8=',NULL,0,'1015','Student','','1015@vnu.edu.vn',0,1,'2018-12-10 11:02:09.437853',NULL,'',NULL,NULL,NULL,6,NULL,NULL),(4624,'pbkdf2_sha256$120000$Hvib9Vi9CuhI$pAK7TwdgRZa9VovW6iRFgYWx90pDmBD2uHvH2NR818c=',NULL,0,'1016','Tú','Bùi Nguyễn Diệp','1016@vnu.edu.vn',0,1,'2018-12-10 11:02:09.802060',NULL,'',NULL,NULL,NULL,6,NULL,NULL),(4625,'pbkdf2_sha256$120000$v5uuVqinNlLW$5AJu+c3PCAd/ehmfQ7W1TJFhMV++3v4Hh/wWGMu9tq0=',NULL,0,'1017','Công','Nguyễn Chí','1017@vnu.edu.vn',0,1,'2018-12-10 11:02:10.124573',NULL,'',NULL,NULL,NULL,6,NULL,NULL),(4626,'pbkdf2_sha256$120000$AtdFBr32rbEx$lf2XWjrFxijbsxFemX9Vvyzxb8ZFeiIC0L6VgX+IfGY=',NULL,0,'1018','Bảo','Hoàng Trọng Quốc','1018@vnu.edu.vn',0,1,'2018-12-10 11:02:10.439952',NULL,'',NULL,NULL,NULL,6,NULL,NULL),(4627,'pbkdf2_sha256$120000$UaaHm6bh2aVb$d5LuxB2aQLgoZvd9UYxobZRwQVCTkU+VB0dXtKh6rH8=',NULL,0,'1019','Hiền','Huỳnh Văn','1019@vnu.edu.vn',0,1,'2018-12-10 11:02:10.802504',NULL,'',NULL,NULL,NULL,6,NULL,NULL),(4628,'pbkdf2_sha256$120000$aRwuNpUjCE8p$eMVlKcDXBFqQJepT/ZsaVYg+QrzdT5PJ2crchPOp4BY=',NULL,0,'1020','Danh','Tráş§n HáťŻu','1020@vnu.edu.vn',0,1,'2018-12-10 11:02:11.124646',NULL,'',NULL,NULL,NULL,6,NULL,NULL),(4629,'pbkdf2_sha256$120000$x27PSG0yFVy8$CE1p6FMYbYj9sRdF2B1ncbTn2LWUvbOKevWyY4JdRWE=',NULL,0,'1021','Trung','Đào Văn','1021@vnu.edu.vn',0,1,'2018-12-10 11:02:11.415665',NULL,'',NULL,NULL,NULL,6,NULL,NULL),(4630,'pbkdf2_sha256$120000$TS023kfEPuSv$+8IK7UIo2kLXChZd9Kgl9Y/glNejXZfVJrCei8nB5Vc=',NULL,0,'1022','Dương','Mạc Đỗ Hoàng','1022@vnu.edu.vn',0,1,'2018-12-10 11:02:11.850378',NULL,'',NULL,NULL,NULL,6,NULL,NULL),(4631,'pbkdf2_sha256$120000$0BEb4LXJ9NzW$l8rh/qNwH952/Mo12RLIMsPmvd861QSHVw7lHL5ajy8=',NULL,0,'1023','Nhân','Diệp Quang','1023@vnu.edu.vn',0,1,'2018-12-10 11:02:12.161126',NULL,'',NULL,NULL,NULL,6,NULL,NULL),(4632,'pbkdf2_sha256$120000$Q2SIkNfdWzc4$sJnBmUuSU4Ry5rJPH93IHyGyFQyjKAm63kVON42qaTQ=',NULL,0,'1024','Đạt','Nguyễn Lê Thành','1024@vnu.edu.vn',0,1,'2018-12-10 11:02:12.460098',NULL,'',NULL,NULL,NULL,6,NULL,NULL),(4633,'pbkdf2_sha256$120000$88BNwiWOfWdK$iINAq+Tgx4Jtnj7kE2scCL8ADkEHhtBQ5N3kO106+oY=',NULL,0,'1025','Phước','Trần Thiện','1025@vnu.edu.vn',0,1,'2018-12-10 11:02:12.839659',NULL,'',NULL,NULL,NULL,6,NULL,NULL),(4634,'pbkdf2_sha256$120000$BS5VJFFU6jHm$Wa85UIQSnL5YMZ7cIJiroBCaP/5GoGCzRN9AIxEqIwg=',NULL,0,'1026','Trang','Chu Thị','1026@vnu.edu.vn',0,1,'2018-12-10 11:02:13.160232',NULL,'',NULL,NULL,NULL,6,NULL,NULL),(4635,'pbkdf2_sha256$120000$J3VGpnlelTQB$B+R504eCs5UQePsiT7KWa+ZXPpwu9HnesfyiO7cDxSg=',NULL,0,'1027','Hùng','Nguyễn Anh','1027@vnu.edu.vn',0,1,'2018-12-10 11:02:13.449389',NULL,'',NULL,NULL,NULL,6,NULL,NULL),(4636,'pbkdf2_sha256$120000$64ldFXTYF47F$TcMBS9aYlAaZnLIwXu7av7GPpTforA5nClly4uSPp1Q=',NULL,0,'1028','Tiến','Trần Khắc','1028@vnu.edu.vn',0,1,'2018-12-10 11:02:13.813977',NULL,'',NULL,NULL,NULL,6,NULL,NULL),(4637,'pbkdf2_sha256$120000$4ymni83mDgZq$M838AnQkBjHmcPaZxxqmxHJ6aO0xyKC6bVQ5bfEYDuY=',NULL,0,'1029','Hưng','Lê Quốc','1029@vnu.edu.vn',0,1,'2018-12-10 11:02:14.178871',NULL,'',NULL,NULL,NULL,6,NULL,NULL),(4638,'pbkdf2_sha256$120000$dtnvlwsHDFiI$AJR3rchgIHzgu/AJq8sEktQl4LmWomuKQyhLef0avng=',NULL,0,'1030','Trieàu','Ñinh Ngoïc','1030@vnu.edu.vn',0,1,'2018-12-10 11:02:14.523281',NULL,'',NULL,NULL,NULL,6,NULL,NULL),(4639,'pbkdf2_sha256$120000$8ZyhjDexL1wM$uaPB27RC7ff7oG+Mkb/spa/w3s3N6WiUdeP3CgvmcOo=',NULL,0,'1031','Khoa','Võ Tấn','1031@vnu.edu.vn',0,1,'2018-12-10 11:02:14.831972',NULL,'',NULL,NULL,NULL,6,NULL,NULL),(4640,'pbkdf2_sha256$120000$nZsjz1BahGdz$9bAUKh6v4Arzxa5gstzJMPlcmN9gSVQ1fWkdF60Nalg=',NULL,0,'1032','Đạt','Quách Hữu','1032@vnu.edu.vn',0,1,'2018-12-10 11:02:15.155223',NULL,'',NULL,NULL,NULL,6,NULL,NULL),(4641,'pbkdf2_sha256$120000$aLo7blDmXlzf$5dPEv9XFR/KhgknREWbtlf6sy5VsqxBx8VVj7zOf7tY=',NULL,0,'1033','Lộc','Trần Hoàng','1033@vnu.edu.vn',0,1,'2018-12-10 11:02:15.450903',NULL,'',NULL,NULL,NULL,6,NULL,NULL),(4642,'pbkdf2_sha256$120000$4vmgaD3pFiFx$1RM8efVrMklTCOpQs6S8NSfGxg0NJHVl/s2SI1d0tFI=',NULL,0,'1034','Khánh','Nguyễn Đức','1034@vnu.edu.vn',0,1,'2018-12-10 11:02:15.798762',NULL,'',NULL,NULL,NULL,6,NULL,NULL),(4643,'pbkdf2_sha256$120000$xqmXWeP0INFQ$UaGnQKIT8Kw3gnYIdkgDD0nUHmb1HcmYp+W14dRxgzc=',NULL,0,'1035','Sơn','Vũ Hoàng','1035@vnu.edu.vn',0,1,'2018-12-10 11:02:16.136982',NULL,'',NULL,NULL,NULL,6,NULL,NULL),(4644,'pbkdf2_sha256$120000$Jbdb7GPJo6Jr$j5aE5yzYEEiaipl8f+2R4jfs4FQpUfHvmu04oWqnS3I=',NULL,0,'1036','Nhân','Vũ Thế','1036@vnu.edu.vn',0,1,'2018-12-10 11:02:16.456857',NULL,'',NULL,NULL,NULL,6,NULL,NULL),(4645,'pbkdf2_sha256$120000$ajo5UQMxv1G4$oYWof+uUWXC6gB/syBKIukxRQqrhoSCIqqWHL3w2q68=',NULL,0,'1037','Hoàng','Nguyễn Nhật','1037@vnu.edu.vn',0,1,'2018-12-10 11:02:16.817403',NULL,'',NULL,NULL,NULL,6,NULL,NULL),(4646,'pbkdf2_sha256$120000$KtSz3SfgoeCG$9mDLy/hqE4yoeQt6umdPH0XNI8w+vLYZdlQp2PA9auY=',NULL,0,'1038','Anh','Phạm Hoàng','1038@vnu.edu.vn',0,1,'2018-12-10 11:02:17.182324',NULL,'',NULL,NULL,NULL,6,NULL,NULL),(4647,'pbkdf2_sha256$120000$5SAmnYxVfQSb$tNT6T1fSx13nHkiBGCXIwcsb1re9XRqlOD8V9FNVnGU=',NULL,0,'1039','Thông','Bùi Hữu','1039@vnu.edu.vn',0,1,'2018-12-10 11:02:17.475402',NULL,'',NULL,NULL,NULL,6,NULL,NULL),(4648,'pbkdf2_sha256$120000$yEmXii8UTnih$AetsHxnboYhvt8nOkm8K0ov90YySZ4ptSEp8Md6epZ4=',NULL,0,'1040','Sôn','Laâm Tröôøng','1040@vnu.edu.vn',0,1,'2018-12-10 11:02:17.827390',NULL,'',NULL,NULL,NULL,6,NULL,NULL),(4649,'pbkdf2_sha256$120000$kNRdkjzAg3L6$W2YJXs8OhpUK10wO3G8FfpZIIVslaAacO6CZ9bykcf4=',NULL,0,'1041','Phong','Ngô Quốc','1041@vnu.edu.vn',0,1,'2018-12-10 11:02:18.148245',NULL,'',NULL,NULL,NULL,6,NULL,NULL),(4650,'pbkdf2_sha256$120000$99ntfVgBA212$3kDSvNLmucAA1d584cJhNRqolfvee0baYURGvsg+aUw=',NULL,0,'1042','Đắc','Nguyễn Hữu','1042@vnu.edu.vn',0,1,'2018-12-10 11:02:18.439342',NULL,'',NULL,NULL,NULL,6,NULL,NULL),(4651,'pbkdf2_sha256$120000$cFTyh3mMiC83$BEwuH/VbuUQCaOXul1xzy6PTDlBElQ+4T69kguQ2NnY=',NULL,0,'1043','Hưng','Dương Phước','1043@vnu.edu.vn',0,1,'2018-12-10 11:02:18.822284',NULL,'',NULL,NULL,NULL,6,NULL,NULL),(4652,'pbkdf2_sha256$120000$ywdiJIrjbsyD$hrTHkHg7IN2uaC3nBuhI8QOhVEBxaAND1BjLBobnimA=',NULL,0,'1044','Tâm','Nguyễn Minh','1044@vnu.edu.vn',0,1,'2018-12-10 11:02:19.152250',NULL,'',NULL,NULL,NULL,6,NULL,NULL),(4653,'pbkdf2_sha256$120000$6bHgCeP1Ec15$qEaKXXCyCOaVcGTbaRc7VCi8z65rkmr3o+4gSoN6VUU=',NULL,0,'1045','Quang','Nguyễn Ngọc','1045@vnu.edu.vn',0,1,'2018-12-10 11:02:19.444509',NULL,'',NULL,NULL,NULL,6,NULL,NULL),(4654,'pbkdf2_sha256$120000$XlCjBxPc312i$r+xuc0oLZeZJQNTwujiYrukh12BnMLU2SBIPPJfeNAQ=',NULL,0,'1046','Phong','Trương Vĩ','1046@vnu.edu.vn',0,1,'2018-12-10 11:02:19.843546',NULL,'',NULL,NULL,NULL,6,NULL,NULL),(4655,'pbkdf2_sha256$120000$snTVojhKj7sL$vnFPQWh6a+aoKK6BoyS6gU1ItzUIWDr4gE/T+8eVWqo=',NULL,0,'1047','Đức','Đỗ Minh','1047@vnu.edu.vn',0,1,'2018-12-10 11:02:20.153611',NULL,'',NULL,NULL,NULL,6,NULL,NULL),(4656,'pbkdf2_sha256$120000$IdjomrkGnFeK$9BssxLXT187gcgG1zSwosZLJpIlAocnzX7GS9s6f/Jk=',NULL,0,'1048','SĆĄn','PháşĄm Thanh','1048@vnu.edu.vn',0,1,'2018-12-10 11:02:20.477918',NULL,'',NULL,NULL,NULL,6,NULL,NULL),(4657,'pbkdf2_sha256$120000$sXIqWcd9KDS0$+65qUdFGSnv64p+pMCgGSsOMQNtw8Vt/uPFsbmzoXyA=',NULL,0,'1049','Hoàng','Nguyễn Huy','1049@vnu.edu.vn',0,1,'2018-12-10 11:02:20.807000',NULL,'',NULL,NULL,NULL,6,NULL,NULL),(4658,'pbkdf2_sha256$120000$LrlWWQb89Mzl$qw8g8aY3rN6++rcjp3LVFncwtcoO/WGLPjxnyU5pUSo=',NULL,0,'1050','Phát','Lương Tấn','1050@vnu.edu.vn',0,1,'2018-12-10 11:02:21.150529',NULL,'',NULL,NULL,NULL,6,NULL,NULL),(4659,'pbkdf2_sha256$120000$lFEm6ihMmYB9$V08ADxjz6mbcfLMRFG/BtmIZD1KwtyMcszbmYZzTmt8=',NULL,0,'1051','Toàn','Trần Khánh','1051@vnu.edu.vn',0,1,'2018-12-10 11:02:21.472180',NULL,'',NULL,NULL,NULL,6,NULL,NULL),(4660,'pbkdf2_sha256$120000$YxvzPSLPMo5T$ICDska3390G7SolkS92RfE303vyXu5mh7JW/m8JkJfQ=',NULL,0,'1052','Thức','Nguyễn Chánh','1052@vnu.edu.vn',0,1,'2018-12-10 11:02:21.847366',NULL,'',NULL,NULL,NULL,6,NULL,NULL),(4661,'pbkdf2_sha256$120000$4cB4PPIJWZuC$cJ6rsdnx7VsCH8PlhIOSDEYm5ho/jrHPFQIik6bZkf8=',NULL,0,'1053','Anh','Nguyễn Tuấn','1053@vnu.edu.vn',0,1,'2018-12-10 11:02:22.174649',NULL,'',NULL,NULL,NULL,6,NULL,NULL),(4662,'pbkdf2_sha256$120000$Xop2ARV1KVVE$8gAAs5Iu7uFV6wiHAmZgn6kUHIKevO1b6RNvhOBoXFw=',NULL,0,'1054','Phát','Lê Tiến','1054@vnu.edu.vn',0,1,'2018-12-10 11:02:22.501266',NULL,'',NULL,NULL,NULL,6,NULL,NULL),(4663,'pbkdf2_sha256$120000$xoGq9o3Ppx0X$lgo0eW1uNBgwlY6nOuRJWg9jV86HT0Y23G2JozAkDsw=',NULL,0,'1055','Thành','Bùi Tiến','1055@vnu.edu.vn',0,1,'2018-12-10 11:02:22.818866',NULL,'',NULL,NULL,NULL,6,NULL,NULL),(4664,'pbkdf2_sha256$120000$zO9IbzLD3hkV$XwwVHya5Kp5niHM3C1sP3yHC2SSAlniEQhG0eUHWIO4=',NULL,0,'1056','Trí','Nguyễn Đức','1056@vnu.edu.vn',0,1,'2018-12-10 11:02:23.109283',NULL,'',NULL,NULL,NULL,6,NULL,NULL),(4665,'pbkdf2_sha256$120000$tpfxmTPVjCUN$UGVRmN5ZSKfYcKQLJPlXs5UPa812Rx/JrhN9Grz/itk=',NULL,0,'1057','Trung','Phạm Bá','1057@vnu.edu.vn',0,1,'2018-12-10 11:02:23.474386',NULL,'',NULL,NULL,NULL,6,NULL,NULL),(4666,'pbkdf2_sha256$120000$qLl7ufva6uBU$fx/C0k1vZFpp+GL90zhLI2TvFen5+PDuDcVarY00iZs=',NULL,0,'1058','Toàn','Lương Thiện','1058@vnu.edu.vn',0,1,'2018-12-10 11:02:23.805805',NULL,'',NULL,NULL,NULL,6,NULL,NULL),(4667,'pbkdf2_sha256$120000$oN9nNBTPVUjK$IIDeA0YILlng/AlVWNGWqd1Ix3giI44VLP+XFriktfw=',NULL,0,'1059','Như','Huỳnh Bích','1059@vnu.edu.vn',0,1,'2018-12-10 11:02:24.137373',NULL,'',NULL,NULL,NULL,6,NULL,NULL),(4668,'pbkdf2_sha256$120000$JKEmvok82Vy9$a2HH8Kl34E4qP6PCwesxJTDXtSK+VbwiPwROQWLujaA=',NULL,0,'1060','Quân','Nguyễn Thành','1060@vnu.edu.vn',0,1,'2018-12-10 11:02:24.466226',NULL,'',NULL,NULL,NULL,6,NULL,NULL),(4669,'pbkdf2_sha256$120000$uAhHtMaNcwVw$BxciyLxiV7bnCBSYfo94Spt/Y0MI4aeGOWaQerc4cNw=',NULL,0,'1061','Thành','Nguyễn Đình Hoàng','1061@vnu.edu.vn',0,1,'2018-12-10 11:02:25.063664',NULL,'',NULL,NULL,NULL,6,NULL,NULL),(4670,'pbkdf2_sha256$120000$umYM7gec4HqN$US42oPvC4gTK4prJxc5qRbE5rizmbwmTcXQjVB1i/1k=',NULL,0,'1062','An','Chu Đức','1062@vnu.edu.vn',0,1,'2018-12-10 11:02:25.397453',NULL,'',NULL,NULL,NULL,6,NULL,NULL),(4671,'pbkdf2_sha256$120000$BYcn7BEeAYmM$UMYZ1KM0H8nX170cZvbG4d3hEfOvf8HSqjzjzhpSTNk=',NULL,0,'1063','Lộc','Võ Bá','1063@vnu.edu.vn',0,1,'2018-12-10 11:02:25.798571',NULL,'',NULL,NULL,NULL,6,NULL,NULL),(4672,'pbkdf2_sha256$120000$4cPkjYZS4vhS$criLl0Vm7QV7QznPzYz4mxUeGsS4rMBoATjA6OnKXDE=',NULL,0,'1064','Thịnh','Trần Vũ Đức','1064@vnu.edu.vn',0,1,'2018-12-10 11:02:26.136281',NULL,'',NULL,NULL,NULL,6,NULL,NULL),(4673,'pbkdf2_sha256$120000$rRRxiP2ABGs9$+G6DKdJoaxhGKHasv67poTpPRDD0PDtQC+M+puuTh1E=',NULL,0,'1065','Chiến','Nguyễn Khắc','1065@vnu.edu.vn',0,1,'2018-12-10 11:02:26.439636',NULL,'',NULL,NULL,NULL,6,NULL,NULL),(4674,'pbkdf2_sha256$120000$KdQPstCFngi8$nTdZ9WJYSBmARygnDHUrQuTbYR4+kY7Uld2xMxCZC6k=',NULL,0,'1066','Dũng','Mai Tiến','1066@vnu.edu.vn',0,1,'2018-12-10 11:02:26.873657',NULL,'',NULL,NULL,NULL,6,NULL,NULL),(4675,'pbkdf2_sha256$120000$9BdbP8hSmdXA$z4c5lOO+EKQ0B1vB+9TF8LOxmW8Zc1o5z22dftJG8kQ=',NULL,0,'1067','Phú','Nguyễn Thành','1067@vnu.edu.vn',0,1,'2018-12-10 11:02:27.187612',NULL,'',NULL,NULL,NULL,6,NULL,NULL),(4676,'pbkdf2_sha256$120000$uJVvzo1TpcED$85kKpjSgsMon525xB1lNxP3LOC9+J/djHJ1z1POntiI=',NULL,0,'1068','Phát','Nguyễn Thành','1068@vnu.edu.vn',0,1,'2018-12-10 11:02:27.499949',NULL,'',NULL,NULL,NULL,6,NULL,NULL),(4677,'pbkdf2_sha256$120000$ngkfyLwSDXYc$h9RsgbXbK06riM61y5n3En1CqMlLTu/TG91dZDejf58=',NULL,0,'1069','Kha','Đỗ Nhật','1069@vnu.edu.vn',0,1,'2018-12-10 11:02:27.858901',NULL,'',NULL,NULL,NULL,6,NULL,NULL),(4678,'pbkdf2_sha256$120000$dD8003nhq3ZT$EnJ7D7+xei671FWxPZ9AGrORMJO+n1xlbI7/Z9nZPws=',NULL,0,'1070','Minh','Trần Nguyễn Anh','1070@vnu.edu.vn',0,1,'2018-12-10 11:02:28.157360',NULL,'',NULL,NULL,NULL,6,NULL,NULL),(4679,'pbkdf2_sha256$120000$U2Vv5Pe2yPZ3$FcA5D3u4zg3XXgH7ranruQLTG/VT2xFyvA0Y9y47DuM=',NULL,0,'1071','Tuấn','Nguyễn Văn','1071@vnu.edu.vn',0,1,'2018-12-10 11:02:28.473981',NULL,'',NULL,NULL,NULL,6,NULL,NULL),(4680,'pbkdf2_sha256$120000$5r7NJnmhKZZo$khf4LgZob5srKjdG7GYYgm1Md8s+TJ/xNkvPJ9H17TU=',NULL,0,'1072','Chiến','Phạm Minh','1072@vnu.edu.vn',0,1,'2018-12-10 11:02:28.827602',NULL,'',NULL,NULL,NULL,6,NULL,NULL),(4681,'pbkdf2_sha256$120000$z045uxNtDEyv$i99Buu2TFxrO8DWnfxUkYaC9d31SI9hGGKg3RMlwTc4=',NULL,0,'1073','Nhất','Dương Minh','1073@vnu.edu.vn',0,1,'2018-12-10 11:02:29.167471',NULL,'',NULL,NULL,NULL,6,NULL,NULL),(4682,'pbkdf2_sha256$120000$WxQkFjI6jDVf$WmMNSYJBzWB7CIpC3ESv4+ou0XdbOs6Zki5OJwvGq6Q=',NULL,0,'1074','Anh','Ngô Tuấn','1074@vnu.edu.vn',0,1,'2018-12-10 11:02:29.476846',NULL,'',NULL,NULL,NULL,6,NULL,NULL),(4683,'pbkdf2_sha256$120000$mpYc1XJXNBZa$4gJvEx4Wbd4vy0nIeb6yPHXACpYZVGINHCQzzuLaAGc=',NULL,0,'1075','Hải','Lê Ngọc','1075@vnu.edu.vn',0,1,'2018-12-10 11:02:29.877814',NULL,'',NULL,NULL,NULL,6,NULL,NULL),(4684,'pbkdf2_sha256$120000$wJvqbAKutN3h$gKkpqPWZnUxdfXYV13RO56GT+lg3bqzRIo6ElaOZXhc=',NULL,0,'1076','Định','Nguyễn Thị','1076@vnu.edu.vn',0,1,'2018-12-10 11:02:30.217336',NULL,'',NULL,NULL,NULL,6,NULL,NULL),(4685,'pbkdf2_sha256$120000$qpPd1mJjKMJi$8VfGR7ZoLw1ZoXGdAfCWntZwMR6bVQpmIcq3GVLkg5Q=',NULL,0,'1077','Quỳnh','Phạm Tuấn','1077@vnu.edu.vn',0,1,'2018-12-10 11:02:30.650618',NULL,'',NULL,NULL,NULL,6,NULL,NULL),(4686,'pbkdf2_sha256$120000$cHBY3LyHlDbS$RLTBcN34IIvb58794xyLIrViIwPZ0skmjUCnXyBXXxU=',NULL,0,'1078','Tuấn','Nguyễn Anh','1078@vnu.edu.vn',0,1,'2018-12-10 11:02:30.986392',NULL,'',NULL,NULL,NULL,6,NULL,NULL),(4687,'pbkdf2_sha256$120000$uVaZS9OS26mQ$tFvswC+C3nBmbit+1HKi3M1yjxvHEOUqWrdFGApEg4Y=',NULL,0,'1079','Tiên','Lê Thị Cẩm','1079@vnu.edu.vn',0,1,'2018-12-10 11:02:31.311067',NULL,'',NULL,NULL,NULL,6,NULL,NULL),(4688,'pbkdf2_sha256$120000$U2p244Hfoxzy$EqmTaZ2C5pqOtP4A5+2PQ+FtcpHh1u0kb/UpWbxwJM8=',NULL,0,'1080','Dũng','Lê Văn','1080@vnu.edu.vn',0,1,'2018-12-10 11:02:31.647052',NULL,'',NULL,NULL,NULL,6,NULL,NULL),(4689,'pbkdf2_sha256$120000$Wp4g9fYxvH11$S0PfxZ9ndfbQzPMooM3p14vRSTXnXckJoa15btZIth8=',NULL,0,'1081','Đạo','Lâm Vinh','1081@vnu.edu.vn',0,1,'2018-12-10 11:02:31.985195',NULL,'',NULL,NULL,NULL,6,NULL,NULL),(4690,'pbkdf2_sha256$120000$1EEN1H0ZAgOX$1mfq3OpTj9PLfq/uobghWFXl3TlcFw/Fi7oczR9cnHw=',NULL,0,'1082','Hoàng','Phạm Đăng','1082@vnu.edu.vn',0,1,'2018-12-10 11:02:32.362440',NULL,'',NULL,NULL,NULL,6,NULL,NULL),(4691,'pbkdf2_sha256$120000$PTsfKjdqP40o$mM31bnXvcicgJP0FkiVXUzBbb9HRVIg64QY5AT1POJg=',NULL,0,'1083','Tuấn','Đặng Minh','1083@vnu.edu.vn',0,1,'2018-12-10 11:02:32.679673',NULL,'',NULL,NULL,NULL,6,NULL,NULL),(4692,'pbkdf2_sha256$120000$TSSekCZ0Wxks$JoG10+ZMd7abwGUTIfsYwfeh/O1JOr6Quab7W0XHECI=',NULL,0,'1084','Vân','Nguyễn Thùy','1084@vnu.edu.vn',0,1,'2018-12-10 11:02:33.086776',NULL,'',NULL,NULL,NULL,6,NULL,NULL),(4693,'pbkdf2_sha256$120000$Q2T2R3mWw0Il$4V5sbHbaVc+fSofLOANTX5v3VI2+r3D1ji23RPgm4xM=',NULL,0,'1085','Kiên','Lưu Hoàng','1085@vnu.edu.vn',0,1,'2018-12-10 11:02:33.437161',NULL,'',NULL,NULL,NULL,6,NULL,NULL),(4694,'pbkdf2_sha256$120000$5gfkdKbfZLWG$rVXynXujqJRQLPWcnbbLfmq7KqhiD5A7ZRQKNBWMCMk=',NULL,0,'1086','Khang','Đinh Hoàng','1086@vnu.edu.vn',0,1,'2018-12-10 11:02:33.931531',NULL,'',NULL,NULL,NULL,6,NULL,NULL),(4695,'pbkdf2_sha256$120000$POnCD0o1rFTc$zjE8N/ryODGjp+Il+76Tp6JTLWPd0ig5gFHnrgqqLF8=',NULL,0,'1087','Văn','Ngô Gia','1087@vnu.edu.vn',0,1,'2018-12-10 11:02:34.292465',NULL,'',NULL,NULL,NULL,6,NULL,NULL),(4696,'pbkdf2_sha256$120000$lgabKps34Wey$UQEwpHxSZRFAmCWBHuA5U7BiFA89IdCtnBVz9Rkpwmw=',NULL,0,'1088','Hoa','Phạm Yến','1088@vnu.edu.vn',0,1,'2018-12-10 11:02:34.780754',NULL,'',NULL,NULL,NULL,6,NULL,NULL),(4697,'pbkdf2_sha256$120000$7yn134uLkpWM$/c0uEdpiIN9P/dlfUCoSw9MkxEiNOGBYSQ3Re8Xyt90=',NULL,0,'1089','Mạnh','Phạm','1089@vnu.edu.vn',0,1,'2018-12-10 11:02:35.071577',NULL,'',NULL,NULL,NULL,6,NULL,NULL),(4698,'pbkdf2_sha256$120000$SIPItlHVgxuT$2yZsKzwsnSYq6Rqn5Eww25GZl0SZZvEtcjs8ZmZLosU=',NULL,0,'1090','Tuấn','Nguyễn Lê Hoàng','1090@vnu.edu.vn',0,1,'2018-12-10 11:02:35.362593',NULL,'',NULL,NULL,NULL,6,NULL,NULL),(4699,'pbkdf2_sha256$120000$OuA2NgAbYdwq$J0CIuSc8sXvCczid60L9emhsmGjqiSsgTGVCGUgeR00=',NULL,0,'1091','Chi','Võ Thị Minh','1091@vnu.edu.vn',0,1,'2018-12-10 11:02:35.669649',NULL,'',NULL,NULL,NULL,6,NULL,NULL),(4700,'pbkdf2_sha256$120000$ftTMxQQcOMMr$uog6D/TgbHVXr3/LFrnU0IvY4GEkJRZfaBRHhF3Qfcw=',NULL,0,'1092','Hiển','Nguyễn Hồ Vỹ','1092@vnu.edu.vn',0,1,'2018-12-10 11:02:35.954582',NULL,'',NULL,NULL,NULL,6,NULL,NULL),(4701,'pbkdf2_sha256$120000$ZmQayvvbXiiP$kzNiVOzOA59hNTCfhLDKMvVxPgKmF5wKduqRbD1RVbw=',NULL,0,'1093','Tính','Leâ Trung','1093@vnu.edu.vn',0,1,'2018-12-10 11:02:36.293662',NULL,'',NULL,NULL,NULL,6,NULL,NULL),(4702,'pbkdf2_sha256$120000$4IBrWv19A7Nt$s7PLszDGwo9YS+BDFINmJ9IcLzGLItstixqsu4SGMEA=',NULL,0,'1094','Lan','Âu Thị','1094@vnu.edu.vn',0,1,'2018-12-10 11:02:36.701021',NULL,'',NULL,NULL,NULL,6,NULL,NULL),(4703,'pbkdf2_sha256$120000$EYVM6BkBgKzn$ME3wAbZr/T29SJF35Kasc9HwFOgfDKuk8spmnHwzdOA=',NULL,0,'1095','Nhân','Quản Trọng','1095@vnu.edu.vn',0,1,'2018-12-10 11:02:37.141111',NULL,'',NULL,NULL,NULL,6,NULL,NULL),(4704,'pbkdf2_sha256$120000$3o7jAGdjTvDe$MhgGogct3JDB4nG+sZjhUJRv1HFCpkL2i0oluFSILl0=',NULL,0,'1096','Ngự','Lê Quang','1096@vnu.edu.vn',0,1,'2018-12-10 11:02:37.446351',NULL,'',NULL,NULL,NULL,6,NULL,NULL),(4705,'pbkdf2_sha256$120000$Aeut8ee2KSzs$WCRm2RWQQhs0ZJeKP5QVgE8dr6R4oTJQKmWQhQXYcyM=',NULL,0,'1097','Luân','Nguyễn Tăng','1097@vnu.edu.vn',0,1,'2018-12-10 11:02:37.810057',NULL,'',NULL,NULL,NULL,6,NULL,NULL),(4706,'pbkdf2_sha256$120000$iKJG9gKVJv6J$IAaAkqD/bVtk/VEfJ2d+8Mr6lz352qd16jix/70DSD0=',NULL,0,'1098','Tiến','Nguyễn Ngọc','1098@vnu.edu.vn',0,1,'2018-12-10 11:02:38.198109',NULL,'',NULL,NULL,NULL,6,NULL,NULL),(4707,'pbkdf2_sha256$120000$rR7zhTMuY7m1$5nuTnAOy3pJibmBW8mHwFNvD9fJUR+Ir46fAuahVhsU=',NULL,0,'1099','Thi','Trần Đình','1099@vnu.edu.vn',0,1,'2018-12-10 11:02:38.489582',NULL,'',NULL,NULL,NULL,6,NULL,NULL),(4708,'pbkdf2_sha256$120000$JFR9ZqPcI65d$l13O/4sF409bIMWSilSSG/SpSSCzd9Vw71t0Za58JQ0=',NULL,0,'1100','Ngọc','Trần Lê Tuấn','1100@vnu.edu.vn',0,1,'2018-12-10 11:02:38.912356',NULL,'',NULL,NULL,NULL,6,NULL,NULL),(4709,'pbkdf2_sha256$120000$KgmQth9uQh4S$Rryc4sfQ4/xdHnvh0r1Ov4YAICLD02IDXOzfWXf2tes=',NULL,0,'1101','Quyết','Nguyễn Ngọc','1101@vnu.edu.vn',0,1,'2018-12-10 11:02:39.250508',NULL,'',NULL,NULL,NULL,6,NULL,NULL),(4710,'pbkdf2_sha256$120000$BtxE2lyJPBhk$8iXzfRTz1c0n3+AzYiIaCWnAnygErtKQr0l5PY8UCe0=',NULL,0,'1102','Thuật','Nguyễn Khánh','1102@vnu.edu.vn',0,1,'2018-12-10 11:02:39.626419',NULL,'',NULL,NULL,NULL,6,NULL,NULL),(4711,'pbkdf2_sha256$120000$VFxbQNhFOYYH$5F92LYigo1sRfFQPZUgay9SeIaG7/9eXbw7qaNThl5g=',NULL,0,'1103','Bảo','Đặng Thiên','1103@vnu.edu.vn',0,1,'2018-12-10 11:02:39.949492',NULL,'',NULL,NULL,NULL,6,NULL,NULL),(4712,'pbkdf2_sha256$120000$zI7mH1PFR31m$bECh75k8e0JLeqa5Mj9GOE+o7/3XYCTLfpXmH50LtNY=',NULL,0,'1104','Định','Trương Khai','1104@vnu.edu.vn',0,1,'2018-12-10 11:02:40.324511',NULL,'',NULL,NULL,NULL,6,NULL,NULL),(4713,'pbkdf2_sha256$120000$EBMtj766iH5j$p/U+P/i9FEITMmrFzT+HfNhc8Nd2skxGvR+/WMBEWlg=',NULL,0,'1105','Điệp','Phạm Khắc','1105@vnu.edu.vn',0,1,'2018-12-10 11:02:40.665549',NULL,'',NULL,NULL,NULL,6,NULL,NULL),(4714,'pbkdf2_sha256$120000$6agy23lLRBSv$Q7BX6d0EJJvPWzfXzZzh6QlHD8vjFI38cOK78GZOWoQ=',NULL,0,'1106','Hùng','Ngô Mạnh','1106@vnu.edu.vn',0,1,'2018-12-10 11:02:40.984423',NULL,'',NULL,NULL,NULL,6,NULL,NULL),(4715,'pbkdf2_sha256$120000$dIuajV2ydFGK$dZ29IdikGAKHMYycywMKN9hqRhqMnEZUnUpJEPJKdyg=',NULL,0,'1107','Vũ','Phan Văn','1107@vnu.edu.vn',0,1,'2018-12-10 11:02:41.288545',NULL,'',NULL,NULL,NULL,6,NULL,NULL),(4716,'pbkdf2_sha256$120000$j4nKov8DVFZ5$7ZsHQkN1y0lcWk0cBrfFjaOiX1rfgWJmI4aUqKEm+lo=',NULL,0,'1108','Nam','Lương Nguyễn Việt','1108@vnu.edu.vn',0,1,'2018-12-10 11:02:41.670667',NULL,'',NULL,NULL,NULL,6,NULL,NULL),(4717,'pbkdf2_sha256$120000$iXF34d6xltLl$WWe5fQm2mDNIWJfubukU+LfpeGldHt8PgC7NPcXa8DM=',NULL,0,'1109','Hồng','Nguyễn Thị Thu','1109@vnu.edu.vn',0,1,'2018-12-10 11:02:41.984942',NULL,'',NULL,NULL,NULL,6,NULL,NULL),(4718,'pbkdf2_sha256$120000$L2TIe3Bx1UrY$mCrFZhP2u29KDWQWju6Vsqo2h3Azbt7gllepB1C9PuM=',NULL,0,'1110','Đạt','Đỗ Quang','1110@vnu.edu.vn',0,1,'2018-12-10 11:02:42.287192',NULL,'',NULL,NULL,NULL,6,NULL,NULL),(4719,'pbkdf2_sha256$120000$Iu3pqFqdRhPi$A/T6H8OskjT9Oo7VdghzM/eIWm97z8kz/USo6Dp3SiU=',NULL,0,'1111','Phương','Nguyễn Thanh','1111@vnu.edu.vn',0,1,'2018-12-10 11:02:42.727116',NULL,'',NULL,NULL,NULL,6,NULL,NULL),(4720,'pbkdf2_sha256$120000$wUOOLjGlLNxz$ZZuYdzGtZxDp98zzPXJ6dHj/CrOkweI2Ht+gTNwZqNg=',NULL,0,'1112','Hoàng','Trần Đình Vĩnh','1112@vnu.edu.vn',0,1,'2018-12-10 11:02:43.026675',NULL,'',NULL,NULL,NULL,6,NULL,NULL),(4721,'pbkdf2_sha256$120000$dTfYwIIzHIjv$Pfzf02M4t+YaGDXCqbOObytgqcrkDEHRZu48tVb7YlU=',NULL,0,'1113','Thắng','Nguyễn Quốc','1113@vnu.edu.vn',0,1,'2018-12-10 11:02:43.295102',NULL,'',NULL,NULL,NULL,6,NULL,NULL),(4722,'pbkdf2_sha256$120000$CnSPWcU3JeZB$reI5kzXf+NXz1v9wuu+k+HvB0VA1fSI6YaRzn0kEjWQ=',NULL,0,'1114','Trực','Trần Minh','1114@vnu.edu.vn',0,1,'2018-12-10 11:02:43.841910',NULL,'',NULL,NULL,NULL,6,NULL,NULL),(4723,'pbkdf2_sha256$120000$E8CrltAS7bl8$qYQ3jcfkQdQ+D//mhzqQS2QVJbcxSDoxUAZ1JOsGsAw=',NULL,0,'1115','Vin','Phạm Nhất','1115@vnu.edu.vn',0,1,'2018-12-10 11:02:44.135453',NULL,'',NULL,NULL,NULL,6,NULL,NULL),(4724,'pbkdf2_sha256$120000$4Pmr4cRgrb9x$UJ8gv3+e6xT1Re0kfx206iuXeUSkQ6iytmEIZOaiHAs=',NULL,0,'1116','Dũng','Nguyễn Minh','1116@vnu.edu.vn',0,1,'2018-12-10 11:02:44.467280',NULL,'',NULL,NULL,NULL,6,NULL,NULL),(4725,'pbkdf2_sha256$120000$iTvL4qJ0Aote$Ii9RHJfwWkdDQXYBaFEj9bllHzQco2XhCcx3QnknbA8=',NULL,0,'1117','Hậu','Đồng Phúc','1117@vnu.edu.vn',0,1,'2018-12-10 11:02:44.915881',NULL,'',NULL,NULL,NULL,6,NULL,NULL),(4726,'pbkdf2_sha256$120000$EqpzimSnEEWk$h4sFvWNOKwGpyA27mJEZNSCTL/zMHv/Xgv5OKi61ODw=',NULL,0,'1118','Dũng','Vũ Ngọc','1118@vnu.edu.vn',0,1,'2018-12-10 11:02:45.220730',NULL,'',NULL,NULL,NULL,6,NULL,NULL),(4727,'pbkdf2_sha256$120000$sNcNu9THlB0U$myHC8Uazy7bUD7Oe2m07X6ycvfYO9xLHNJMstfyY3uo=',NULL,0,'1119','Tiệp','Nguyễn Duy','1119@vnu.edu.vn',0,1,'2018-12-10 11:02:45.553893',NULL,'',NULL,NULL,NULL,6,NULL,NULL),(4728,'pbkdf2_sha256$120000$LHoMnauKojh7$Y2hN6PWAkvzVHNQIsvSUfBPfP9FctmDzB3xefqGHEgs=',NULL,0,'1120','Phúc','Nguyễn Hữu','1120@vnu.edu.vn',0,1,'2018-12-10 11:02:45.871602',NULL,'',NULL,NULL,NULL,6,NULL,NULL),(4729,'pbkdf2_sha256$120000$vAuZpjDpvH51$rDkGt3EwEy641+M6EdeVOJVuJz3hu8pk47L/jJPMAV8=',NULL,0,'1121','Tâm','Nguyễn Thanh','1121@vnu.edu.vn',0,1,'2018-12-10 11:02:46.225769',NULL,'',NULL,NULL,NULL,6,NULL,NULL),(4730,'pbkdf2_sha256$120000$FCrtHlNAvdYs$fN7QPkbqUxf6jVWyzBGvKIBQ9zJqSiiFI9WtAPC2NWc=',NULL,0,'1122','Hải','Phạm Ngọc','1122@vnu.edu.vn',0,1,'2018-12-10 11:02:46.730410',NULL,'',NULL,NULL,NULL,6,NULL,NULL),(4731,'pbkdf2_sha256$120000$OsiVNedOOAsB$OyvPCBE1iNCX/Ol6k2b+6fKudwsZQTZxuXp98WAwpkI=',NULL,0,'1123','Bảo','Lý Gia','1123@vnu.edu.vn',0,1,'2018-12-10 11:02:47.043564',NULL,'',NULL,NULL,NULL,6,NULL,NULL),(4732,'pbkdf2_sha256$120000$dx2V89SpiYnj$F+nvEJXf9/fCVNyv2YXpwusmr1Pyeby+kMoiRbQ2C0w=',NULL,0,'1124','Dương','Nguyễn Hồng','1124@vnu.edu.vn',0,1,'2018-12-10 11:02:47.353190',NULL,'',NULL,NULL,NULL,6,NULL,NULL),(4733,'pbkdf2_sha256$120000$LmIMPbFPMXdB$AtN1SckOe4gHqMUfSW7RdD10kTSLlujf6Dug4jgzxT8=',NULL,0,'1125','Hàng','Nguyễn Thanh','1125@vnu.edu.vn',0,1,'2018-12-10 11:02:47.716993',NULL,'',NULL,NULL,NULL,6,NULL,NULL),(4734,'pbkdf2_sha256$120000$BxRcZLs7Ck0a$G0PsqKFdJVAYQXD7UbIrGyAFJqVsel8TXZXEOYALh9E=',NULL,0,'1126','Quang','Vũ Huy','1126@vnu.edu.vn',0,1,'2018-12-10 11:02:48.120253',NULL,'',NULL,NULL,NULL,6,NULL,NULL),(4735,'pbkdf2_sha256$120000$hqpNE6sjQxFQ$lgln8KMrXd/FO8o2RqF6o1E7R00Pf2R+dk8+QmwyKXA=',NULL,0,'1127','Hoàng','Trần Duy','1127@vnu.edu.vn',0,1,'2018-12-10 11:02:48.446833',NULL,'',NULL,NULL,NULL,6,NULL,NULL),(4736,'pbkdf2_sha256$120000$S2U40RmjtoDc$IVoX81tSQQxcnqoM45O+u9P/wfyspJxNQlf9e969UxQ=',NULL,0,'1128','Thúy','Nguyễn Thị Thanh','1128@vnu.edu.vn',0,1,'2018-12-10 11:02:48.776678',NULL,'',NULL,NULL,NULL,6,NULL,NULL),(4737,'pbkdf2_sha256$120000$TVfBFtdNHSSP$9BXn9ER+UDNnSSZeQAwCy5X0eOMWVnPlQ5Z76Xxt2RA=',NULL,0,'1129','Khoa','TrĆ°ĆĄng ÄÄng','1129@vnu.edu.vn',0,1,'2018-12-10 11:02:49.141541',NULL,'',NULL,NULL,NULL,6,NULL,NULL),(4738,'pbkdf2_sha256$120000$LO6w8Sofi0b6$HD5X5VLXujEMSqodTAIAj9uVfeOveO/ZHuHPyhF/If8=',NULL,0,'1130','Công','Đặng Sỹ Minh','1130@vnu.edu.vn',0,1,'2018-12-10 11:02:49.546195',NULL,'',NULL,NULL,NULL,6,NULL,NULL),(4739,'pbkdf2_sha256$120000$jc3C5UCOH6NZ$2xAlarivabbiQcYmhU6gun79myaIpi3BXL6d/qxZisk=',NULL,0,'1131','Phúc','Hứa Vĩnh','1131@vnu.edu.vn',0,1,'2018-12-10 11:02:49.848037',NULL,'',NULL,NULL,NULL,6,NULL,NULL),(4740,'pbkdf2_sha256$120000$FZISxnIZbWzg$b6ZO5QW+gh70ejpTfNXljVEnqUypSriWs/mEn4FDChg=',NULL,0,'1132','Mạnh','Lê Văn','1132@vnu.edu.vn',0,1,'2018-12-10 11:02:50.166419',NULL,'',NULL,NULL,NULL,6,NULL,NULL),(4741,'pbkdf2_sha256$120000$TNNoFgznMUmw$OccaPXzAzBwrVoMMGPxTZdMTcNbtmH27pn9at0x9A5w=',NULL,0,'1133','Tài','Bùi Ngọc','1133@vnu.edu.vn',0,1,'2018-12-10 11:02:50.461127',NULL,'',NULL,NULL,NULL,6,NULL,NULL),(4742,'pbkdf2_sha256$120000$s96HSB2HxTxL$ImQdjgqhJeXc+yNlBHAV6sMY1MIoRBc6F7biVc10HSQ=',NULL,0,'1134','Thanh','Huỳnh','1134@vnu.edu.vn',0,1,'2018-12-10 11:02:50.814284',NULL,'',NULL,NULL,NULL,6,NULL,NULL),(4743,'pbkdf2_sha256$120000$DyaAewQ8MxX9$dlDYiCBFJMNHrbexybXZilDtxRmPvslmF6jyTmRzOCg=',NULL,0,'1135','Nhaân','Hoà Hoøang','1135@vnu.edu.vn',0,1,'2018-12-10 11:02:51.155802',NULL,'',NULL,NULL,NULL,6,NULL,NULL),(4744,'pbkdf2_sha256$120000$UJnT5hU7kGgf$Pm1VTrn5Zpx0aRZub03eCtTzfYgICoxe8+76/kApFGA=',NULL,0,'1136','Dũng','Huỳnh','1136@vnu.edu.vn',0,1,'2018-12-10 11:02:51.467390',NULL,'',NULL,NULL,NULL,6,NULL,NULL),(4745,'pbkdf2_sha256$120000$Ygree2KyhNBG$2gaT1/9TA2EPM21I9WuvxyZJo5/q5or9F3hbdXiJCow=',NULL,0,'1137','Toàn','Nguyễn Đức','1137@vnu.edu.vn',0,1,'2018-12-10 11:02:51.849232',NULL,'',NULL,NULL,NULL,6,NULL,NULL),(4746,'pbkdf2_sha256$120000$DAFQNc8CWsgg$g0BUbSIECrfQcehn9rNfqL3521wXVpsmZ0WxqAjuGiw=',NULL,0,'1138','Anh','Nguyeãn Thò Vaân','1138@vnu.edu.vn',0,1,'2018-12-10 11:02:52.175754',NULL,'',NULL,NULL,NULL,6,NULL,NULL),(4747,'pbkdf2_sha256$120000$FN6wSMpallxA$n+jBCmpbdweF801mZjy9lxkXftCZppDtssC+xt4tR+U=',NULL,0,'1139','Phát','Phạm Minh','1139@vnu.edu.vn',0,1,'2018-12-10 11:02:52.497854',NULL,'',NULL,NULL,NULL,6,NULL,NULL),(4748,'pbkdf2_sha256$120000$e4bWh8BDhwIj$zxbMiuFb5+d631DIZyEwQTKJFpvfmC6npNBPdtCkJbg=',NULL,0,'1140','Tân','Hoàng Ngọc','1140@vnu.edu.vn',0,1,'2018-12-10 11:02:52.892386',NULL,'',NULL,NULL,NULL,6,NULL,NULL),(4749,'pbkdf2_sha256$120000$qmQsfqdKrT4n$HG61isXsIUHcY7aflcEzgnbQQ1xVfN7Rz+bHeRt+WXU=',NULL,0,'1141','Quân','Nguyễn Phan Hoàng','1141@vnu.edu.vn',0,1,'2018-12-10 11:02:53.225999',NULL,'',NULL,NULL,NULL,6,NULL,NULL),(4750,'pbkdf2_sha256$120000$2iYrbUZ3J5ei$r9SSxJZLUTWmv48W6UXpMS6ltOHJ4ws5Z5+/IxEFlaA=',NULL,0,'1142','Cường','Nguyễn Ngọc Duy','1142@vnu.edu.vn',0,1,'2018-12-10 11:02:53.585005',NULL,'',NULL,NULL,NULL,6,NULL,NULL),(4751,'pbkdf2_sha256$120000$0KxMUuH2Xikp$PIepMnT8DwojJkLpjDKYdmOiBnq0cACrkNCt9SWwk2g=',NULL,0,'1143','mới','Thành viên','1143@vnu.edu.vn',0,1,'2018-12-10 11:02:53.926272',NULL,'',NULL,NULL,NULL,6,NULL,NULL),(4752,'pbkdf2_sha256$120000$qhzySgnoJvcR$gIcKz56K9uNkaO9y4uppkg3D3cg0SzZJTsxDJwFsR4I=',NULL,0,'1144','Sang','Nguyễn Kim','1144@vnu.edu.vn',0,1,'2018-12-10 11:02:54.253961',NULL,'',NULL,NULL,NULL,6,NULL,NULL),(4753,'pbkdf2_sha256$120000$f3g7e9eweCEz$Mgl+0ROyJKBxWkUtRtts0P2ihC5eRjP+i5+tJ8TlgvA=',NULL,0,'1145','Sinh','Nguyễn Đình','1145@vnu.edu.vn',0,1,'2018-12-10 11:02:54.615727',NULL,'',NULL,NULL,NULL,6,NULL,NULL),(4754,'pbkdf2_sha256$120000$uytwNAOoMuC7$hvpoRdqAcbVdRS3dk1JxmYtcPfJ6aDzDHiADi91VVbs=',NULL,0,'1146','Khánh','Nguyễn Quang','1146@vnu.edu.vn',0,1,'2018-12-10 11:02:54.899394',NULL,'',NULL,NULL,NULL,6,NULL,NULL),(4755,'pbkdf2_sha256$120000$aWTLzzsvE9eH$AY1bgW2u/kokEqLR8Jf6+5rtKutYmp5l0WqV93UmN8w=',NULL,0,'1147','Hoàn','Nguyễn Công','1147@vnu.edu.vn',0,1,'2018-12-10 11:02:55.202000',NULL,'',NULL,NULL,NULL,6,NULL,NULL),(4756,'pbkdf2_sha256$120000$wEx6SWoa3Bj2$Qf3I6IWnEhiTgBfqiID8ARabl2VJE0z7JYBUHg3ThMU=',NULL,0,'1148','Hoàng','Châu Nhật','1148@vnu.edu.vn',0,1,'2018-12-10 11:02:55.711457',NULL,'',NULL,NULL,NULL,6,NULL,NULL),(4757,'pbkdf2_sha256$120000$Ff9rRaHGnO2C$yqZac1sREHbTL2E9/32eENPnSUkX6grgR6BN6oC9ThE=',NULL,0,'1149','Trí','Nguyễn Lê','1149@vnu.edu.vn',0,1,'2018-12-10 11:02:56.076553',NULL,'',NULL,NULL,NULL,6,NULL,NULL),(4758,'pbkdf2_sha256$120000$cfMKloHpswXb$imUVBAClvZEPxlnQK41hDr5tk/z61keAKFfhfRJuW98=',NULL,0,'1150','Vương','Lê Tuấn','1150@vnu.edu.vn',0,1,'2018-12-10 11:02:56.428070',NULL,'',NULL,NULL,NULL,6,NULL,NULL),(4759,'pbkdf2_sha256$120000$aKxwOFd9tVyz$fNuH0L27EdqbB0wknFUvWB3w8ul10tpASWbTfRBIHB8=',NULL,0,'1151','Nam','Dương Hoài','1151@vnu.edu.vn',0,1,'2018-12-10 11:02:56.762045',NULL,'',NULL,NULL,NULL,6,NULL,NULL),(4760,'pbkdf2_sha256$120000$jS8N7WfjSb2K$joz1kWqYe8K4MRSwIKEhmXsbCfbVLNFFl5vlVHmizQM=',NULL,0,'1152','Tâm','Nguyễn Đức','1152@vnu.edu.vn',0,1,'2018-12-10 11:02:57.067350',NULL,'',NULL,NULL,NULL,6,NULL,NULL),(4761,'pbkdf2_sha256$120000$KkJEwl3xMYou$jLHsC30vrhLgSyGroLQF+hznceGdH+8KSwkK4yo2/Lk=',NULL,0,'1153','Hải','Nguyễn Thị Mỹ','1153@vnu.edu.vn',0,1,'2018-12-10 11:02:57.397153',NULL,'',NULL,NULL,NULL,6,NULL,NULL),(4762,'pbkdf2_sha256$120000$gvSbppNTS3cz$J1YfcBJYod14vYAElUmdWjdMELqbTnUgYO8Cc8bKosY=',NULL,0,'1154','Hoàng','Nguyễn Khắc','1154@vnu.edu.vn',0,1,'2018-12-10 11:02:57.828637',NULL,'',NULL,NULL,NULL,6,NULL,NULL),(4763,'pbkdf2_sha256$120000$S7SWUN77cAh0$BeuVk5BAlQJI5Woi7Tk6sgBN238uUihh57duDYXoL+I=',NULL,0,'1155','Tuấn','Lê Anh','1155@vnu.edu.vn',0,1,'2018-12-10 11:02:58.165436',NULL,'',NULL,NULL,NULL,6,NULL,NULL),(4764,'pbkdf2_sha256$120000$3cMXY4hxhkEq$V0n6WYMxrLCihVaXe9+MtxT+BbM7WTSMPhPBtMbEWxY=',NULL,0,'1156','Châu','Lê Thị Quỳnh','1156@vnu.edu.vn',0,1,'2018-12-10 11:02:58.511769',NULL,'',NULL,NULL,NULL,6,NULL,NULL),(4765,'pbkdf2_sha256$120000$CZyqgvsQx2SL$NkD0x/tdlXazJbCBmj/+WQiwB4mHBuYMd2rbGZYmMfw=',NULL,0,'1157','Soái','Nguyễn Ngọc','1157@vnu.edu.vn',0,1,'2018-12-10 11:02:58.827099',NULL,'',NULL,NULL,NULL,6,NULL,NULL),(4766,'pbkdf2_sha256$120000$eVZ2Ptapdwzd$xOI80s0CNk8hD5mg5fbs8ePEXL1iqBVtTnVmMzOt7Jg=',NULL,0,'1158','Phương','Nguyễn Thị Lan','1158@vnu.edu.vn',0,1,'2018-12-10 11:02:59.225996',NULL,'',NULL,NULL,NULL,6,NULL,NULL),(4767,'pbkdf2_sha256$120000$3Gg1s50rZSXB$MQp1Fv40RX5bJ92TLDioE3qkbm4iCTuB11GDWQdzPm0=',NULL,0,'1159','Tuân','Lê Minh','1159@vnu.edu.vn',0,1,'2018-12-10 11:02:59.625143',NULL,'',NULL,NULL,NULL,6,NULL,NULL),(4768,'pbkdf2_sha256$120000$A4WXbVD1rfWJ$UMn/R/FhT37nzGP4s1lBFj/Kat0IENPlStTfKdzOvlI=',NULL,0,'1160','Bình','Huỳnh Quang','1160@vnu.edu.vn',0,1,'2018-12-10 11:02:59.939278',NULL,'',NULL,NULL,NULL,6,NULL,NULL),(4769,'pbkdf2_sha256$120000$jOuZuL2jdBnA$hVh+ydZSTz8GhfFjxorWnMxK0E+E+hSb6s7mUX44KHU=',NULL,0,'1161','Bình','Phạm Thái','1161@vnu.edu.vn',0,1,'2018-12-10 11:03:00.232980',NULL,'',NULL,NULL,NULL,6,NULL,NULL),(4770,'pbkdf2_sha256$120000$lfnKTzU4ngWv$//NTVbdAlwp3khAlpXLbgNUx+xPhwEU0dPgxFlQhg9I=',NULL,0,'1162','Văn','Nguyễn Trọng','1162@vnu.edu.vn',0,1,'2018-12-10 11:03:00.605150',NULL,'',NULL,NULL,NULL,6,NULL,NULL),(4771,'pbkdf2_sha256$120000$0Jspm7p1S52Q$BSZj1o8zqPEbSUh+ATUfy2ZDikWVXM4jAxdQv7z+g7g=',NULL,0,'1163','Huy','Bùi Trần Hoàng','1163@vnu.edu.vn',0,1,'2018-12-10 11:03:00.952866',NULL,'',NULL,NULL,NULL,6,NULL,NULL),(4772,'pbkdf2_sha256$120000$kZyMQ2V7He4i$j2IJXyqQnnjzj2W3s257sYM/oDuXQA2/9ZIptjxo1ck=',NULL,0,'1164','Vương','Nguyễn Lê Đức','1164@vnu.edu.vn',0,1,'2018-12-10 11:03:01.296684',NULL,'',NULL,NULL,NULL,6,NULL,NULL),(4773,'pbkdf2_sha256$120000$A9WDxetiu8dd$yxm+OTUDY5NbWqL44DcFIrtyvPHcjJI+jTy+si2/b9g=',NULL,0,'1165','Nguyên','Phạm Trung','1165@vnu.edu.vn',0,1,'2018-12-10 11:03:01.749507',NULL,'',NULL,NULL,NULL,6,NULL,NULL),(4774,'pbkdf2_sha256$120000$y7fdVWTl6sib$RkZJ4Y+suj4R+B8zuzdlkoxl+5MgpmOQ4FjbuRfx9i0=',NULL,0,'1166','Lập','Hà Thành','1166@vnu.edu.vn',0,1,'2018-12-10 11:03:02.048877',NULL,'',NULL,NULL,NULL,6,NULL,NULL),(4775,'pbkdf2_sha256$120000$2BDqbKwiJ7eq$x80zjiqiCqHTpUvmbGMqXfu1r6i59XiYR73jUdSF70w=',NULL,0,'1167','Thành','Nguyễn Thế','1167@vnu.edu.vn',0,1,'2018-12-10 11:03:02.371511',NULL,'',NULL,NULL,NULL,6,NULL,NULL),(4776,'pbkdf2_sha256$120000$M8Vh9uNIb9Jp$Y8pcOGIotPuhbjXHncQWDpyuJCCGvrsaXjcav4zNalI=',NULL,0,'1168','Liêm','Võ Thanh','1168@vnu.edu.vn',0,1,'2018-12-10 11:03:02.801436',NULL,'',NULL,NULL,NULL,6,NULL,NULL),(4777,'pbkdf2_sha256$120000$ZHt1RWmaPzZt$kxC16NjMScJ7jQSmr86QPDEq1Eze6Liml0q4bOBZAFc=',NULL,0,'1169','Duyên','Nguyễn Thị','1169@vnu.edu.vn',0,1,'2018-12-10 11:03:03.264896',NULL,'',NULL,NULL,NULL,6,NULL,NULL),(4778,'pbkdf2_sha256$120000$fCW6hQD5wgo3$y83ItdN19a933FeV+U6WighlrTRyBNKDdpW1rjNUtig=',NULL,0,'1170','Hùng','Lê Văn','1170@vnu.edu.vn',0,1,'2018-12-10 11:03:03.645419',NULL,'',NULL,NULL,NULL,6,NULL,NULL),(4779,'pbkdf2_sha256$120000$ANTvyUxzb6nX$ZXH/+Iqd60dOTBUFa5nL8lb3ldF+WAzBhtVzYDxStsI=',NULL,0,'1171','Cường','Nguyễn Mạnh','1171@vnu.edu.vn',0,1,'2018-12-10 11:03:04.003409',NULL,'',NULL,NULL,NULL,6,NULL,NULL),(4780,'pbkdf2_sha256$120000$bPjgoeCmuKDV$FgDQoa1zAxxDUrJRYl3FyQY6LN+RR+Cg5qotFeSIlXQ=',NULL,0,'1172','Anh','Lê Văn','1172@vnu.edu.vn',0,1,'2018-12-10 11:03:04.328239',NULL,'',NULL,NULL,NULL,6,NULL,NULL),(4781,'pbkdf2_sha256$120000$WfYJKBGn9nPg$pXGR/q30xT5+vGnusAYB5VyeKvGaIGcAPJKxfDFurD8=',NULL,0,'1173','Hoạch','Nguyễn Kế','1173@vnu.edu.vn',0,1,'2018-12-10 11:03:04.635657',NULL,'',NULL,NULL,NULL,6,NULL,NULL),(4782,'pbkdf2_sha256$120000$0axfWFPUPoAT$b6t2HgcUX/D6tNKQ7Jqv7qt9x4Rt5wkM11Tr88Jh824=',NULL,0,'1174','Cường','Nguyễn Cao','1174@vnu.edu.vn',0,1,'2018-12-10 11:03:04.958190',NULL,'',NULL,NULL,NULL,6,NULL,NULL),(4783,'pbkdf2_sha256$120000$EdcYrDq6ywYA$m/EzZiORw2Wm4D0+KcMYukgQVptb9xMvbnMhWJc+Zuw=',NULL,0,'1175','Sang','Ngô Thị Ngọc','1175@vnu.edu.vn',0,1,'2018-12-10 11:03:05.254175',NULL,'',NULL,NULL,NULL,6,NULL,NULL),(4784,'pbkdf2_sha256$120000$M3gONJqGppdN$f9rDwVxVDO1L/2djp4ocrbdnqt0fAmOSUnMWRjLOdwQ=',NULL,0,'1176','Nghĩa','Nguyễn Tiến','1176@vnu.edu.vn',0,1,'2018-12-10 11:03:05.620467',NULL,'',NULL,NULL,NULL,6,NULL,NULL),(4785,'pbkdf2_sha256$120000$MoxWgnJyQeyP$VBEoHZnho3RrsDA343UCYmS4FfN3E57LQ+IbMzCXmqo=',NULL,0,'1177','Bằng','Lê Công','1177@vnu.edu.vn',0,1,'2018-12-10 11:03:05.920021',NULL,'',NULL,NULL,NULL,6,NULL,NULL),(4786,'pbkdf2_sha256$120000$vCtpyXObFGUe$nsFG1lWsj4ebN6EiTh+QT/xTgmmw7iAhtCnWtgOom/I=',NULL,0,'1178','HĆ°ng','Nguyáťn ThĂ nh','1178@vnu.edu.vn',0,1,'2018-12-10 11:03:06.211786',NULL,'',NULL,NULL,NULL,6,NULL,NULL),(4787,'pbkdf2_sha256$120000$QuzDi8rs06Db$U+EnRIDi4vGvaaydpm9VaBhsEu94eNEah5JTZcdFuJY=',NULL,0,'1179','Bồng','Nguyễn Ngọc','1179@vnu.edu.vn',0,1,'2018-12-10 11:03:06.559696',NULL,'',NULL,NULL,NULL,6,NULL,NULL),(4788,'pbkdf2_sha256$120000$dWbXmypfiHJ5$LaOMh86W4DQtcspKoL2iX5mfJbZ8RLcM8aZnZf6WUAc=',NULL,0,'1180','Huøng','Quaùch Thanh','1180@vnu.edu.vn',0,1,'2018-12-10 11:03:07.007761',NULL,'',NULL,NULL,NULL,6,NULL,NULL),(4789,'pbkdf2_sha256$120000$QUhNzFicFP32$aJgod5UzKRz/AJQ55sDSOC5JuI9V+NMTdiTFUkfC/EU=',NULL,0,'1181','Trí','Trần Minh','1181@vnu.edu.vn',0,1,'2018-12-10 11:03:07.351048',NULL,'',NULL,NULL,NULL,6,NULL,NULL),(4790,'pbkdf2_sha256$120000$RD7AoGLStvtY$/UXNEk+j3VpJsCcKM2UsAgnFLvlVB2CUL1cWx3zYCe0=',NULL,0,'1182','Tiến','Nguyễn Nhật','1182@vnu.edu.vn',0,1,'2018-12-10 11:03:07.820390',NULL,'',NULL,NULL,NULL,6,NULL,NULL),(4791,'pbkdf2_sha256$120000$Hq9bmle8cuIx$aYMY+nnCj1ezIo5Y1nkCzPTibBjs0clkDLzKPAnzMWA=',NULL,0,'1183','Hậu','Lê Trung','1183@vnu.edu.vn',0,1,'2018-12-10 11:03:08.123436',NULL,'',NULL,NULL,NULL,6,NULL,NULL),(4792,'pbkdf2_sha256$120000$Bu4vlcNUdopS$0E1ohn9uRr9KiF9vJwKNqvBmWLGVB3Sz+djEij+xOC0=',NULL,0,'1184','Hùng','Nguyễn Viết','1184@vnu.edu.vn',0,1,'2018-12-10 11:03:08.468992',NULL,'',NULL,NULL,NULL,6,NULL,NULL),(4793,'pbkdf2_sha256$120000$3eoiemsyAxVN$Bvl79bEA18ZzKuZC+hHahDGVg8Ru0EjRsGcd5RjxM8A=',NULL,0,'1185','Huynh','Nguyễn Hoàng','1185@vnu.edu.vn',0,1,'2018-12-10 11:03:08.899043',NULL,'',NULL,NULL,NULL,6,NULL,NULL),(4794,'pbkdf2_sha256$120000$QAVwjttXWUd4$DXohSkvBw+kmBj0taR0Lal+84XxQJwnOyMBzAzqc338=',NULL,0,'1186','Nhựt','Nguyễn Ngọc','1186@vnu.edu.vn',0,1,'2018-12-10 11:03:09.216816',NULL,'',NULL,NULL,NULL,6,NULL,NULL),(4795,'pbkdf2_sha256$120000$pgrFJwTpnOTN$PUcaDe1UrkphlZsBbjqZU+cLwqV8O8rrSElwT+1093Q=',NULL,0,'1187','Hiếu','Huỳnh Trung','1187@vnu.edu.vn',0,1,'2018-12-10 11:03:09.654860',NULL,'',NULL,NULL,NULL,6,NULL,NULL),(4796,'pbkdf2_sha256$120000$R3QsTjUz1v83$fkhNhyLF7SAdR4sBpSzfgPbhYP7wJiZloO5G2WFu4TE=',NULL,0,'1188','An','Phùng Thị Thúy','1188@vnu.edu.vn',0,1,'2018-12-10 11:03:10.005627',NULL,'',NULL,NULL,NULL,6,NULL,NULL),(4797,'pbkdf2_sha256$120000$UYv8QS6xo5u0$M/C7ZwGXiFf/SoGu38D4dDlR3NNSXkYl1ygeA087n1k=',NULL,0,'1189','Nhanh','Đào Công','1189@vnu.edu.vn',0,1,'2018-12-10 11:03:10.348731',NULL,'',NULL,NULL,NULL,6,NULL,NULL),(4798,'pbkdf2_sha256$120000$UkMDghrlPI5k$DJSRw4kg2NkzBAyo7EoaZ/pK8R7a+Tg3muD9j1CQvr4=',NULL,0,'1190','Duyên','Trương Thị Thùy','1190@vnu.edu.vn',0,1,'2018-12-10 11:03:10.681259',NULL,'',NULL,NULL,NULL,6,NULL,NULL),(4799,'pbkdf2_sha256$120000$BSyi5hIOumLE$97KqZm8Zf+ZkkR7/+m5ahwBMOIdqOArIA3inWW6nYYo=',NULL,0,'1191','Minh','Đặng Liên','1191@vnu.edu.vn',0,1,'2018-12-10 11:03:11.045567',NULL,'',NULL,NULL,NULL,6,NULL,NULL),(4800,'pbkdf2_sha256$120000$kSibDEgE0VFF$jMZ9Ze2aPa7U9lIiIz2nEZyG/AW0GRrgOuRLDjfueL4=',NULL,0,'1192','Tài','Nguyễn Hữu','1192@vnu.edu.vn',0,1,'2018-12-10 11:03:11.357436',NULL,'',NULL,NULL,NULL,6,NULL,NULL),(4801,'pbkdf2_sha256$120000$iHnZa65GypXu$+K0X+uUAtOAtghtWj4H3+5zOzkbkNblwOttGyjPWOeg=',NULL,0,'1193','Hùng','Trương Đức','1193@vnu.edu.vn',0,1,'2018-12-10 11:03:11.699493',NULL,'',NULL,NULL,NULL,6,NULL,NULL),(4802,'pbkdf2_sha256$120000$6qpMSM3QSpMt$mKkil47IgPpTthcGftkCHq2vJeDUqqo6dCyNFuin0jM=',NULL,0,'1194','Thành','Trương Trung','1194@vnu.edu.vn',0,1,'2018-12-10 11:03:12.053862',NULL,'',NULL,NULL,NULL,6,NULL,NULL),(4803,'pbkdf2_sha256$120000$mvuyolnuuLLu$hUTYT/gztUTu3emB2UWyEalfzvWpf4W9okkpkYA5vKA=',NULL,0,'1195','Kiện','Nguyễn Quốc','1195@vnu.edu.vn',0,1,'2018-12-10 11:03:12.472371',NULL,'',NULL,NULL,NULL,6,NULL,NULL),(4804,'pbkdf2_sha256$120000$XIVobDgwn55R$wB/usaQM3g8QzKQFkTT9kMmQjvQazOFFPrgJThpEnLo=',NULL,0,'1196','Cường','Phạm Cao','1196@vnu.edu.vn',0,1,'2018-12-10 11:03:12.914427',NULL,'',NULL,NULL,NULL,6,NULL,NULL),(4805,'pbkdf2_sha256$120000$eCQAKNqasBYX$1vp9GedNCeGlatf5dQeiK2XtFO0n5+Ts7J99Kep2JZU=',NULL,0,'1197','Anh','Nguyễn Quốc','1197@vnu.edu.vn',0,1,'2018-12-10 11:03:13.360641',NULL,'',NULL,NULL,NULL,6,NULL,NULL),(4806,'pbkdf2_sha256$120000$bVaTNJVFwBXF$KJAJdemZG0DRags4GxW5qGQFFke8IOG22V6fNoONgUA=',NULL,0,'1198','Hương','Trần Thị Thanh','1198@vnu.edu.vn',0,1,'2018-12-10 11:03:13.720007',NULL,'',NULL,NULL,NULL,6,NULL,NULL),(4807,'pbkdf2_sha256$120000$PefPZprP1dPs$MrN7wia4S7XTQ8qWwsDWY1OvZwOZ55LPwa0EpGsUS7U=',NULL,0,'1199','Tiến','Thái Duy','1199@vnu.edu.vn',0,1,'2018-12-10 11:03:14.033782',NULL,'',NULL,NULL,NULL,6,NULL,NULL),(4808,'pbkdf2_sha256$120000$Y0fOFZC98G8M$BLgC+CP2nR6QihH6ho2Zgn43wc7UngjPzqPzdHFcU/Y=',NULL,0,'1200','Tú','Trần Anh','1200@vnu.edu.vn',0,1,'2018-12-10 11:03:14.360411',NULL,'',NULL,NULL,NULL,6,NULL,NULL),(4809,'pbkdf2_sha256$120000$W5VbKQSsaj1L$IXDeDE7qaLzQ06MSTqDVG4gOPiYxA69nfztjelMktPc=',NULL,0,'1201','Anh','Hồ Tuấn','1201@vnu.edu.vn',0,1,'2018-12-10 11:03:14.690823',NULL,'',NULL,NULL,NULL,6,NULL,NULL),(4810,'pbkdf2_sha256$120000$8GC1ifDUeTd1$78Q31tP602+dfugTW/gVTTxwYKmsWD+luqrz+KLT7jQ=',NULL,0,'1202','Nguyên','Lê Quang','1202@vnu.edu.vn',0,1,'2018-12-10 11:03:14.997165',NULL,'',NULL,NULL,NULL,6,NULL,NULL),(4811,'pbkdf2_sha256$120000$jiuQJQRNU0Kn$YVWWWp85IHOFDeHk02mtNJgEuAhtS1Zl8bcFh4Y1AFw=',NULL,0,'1203','Bằng','Lý Tiểu','1203@vnu.edu.vn',0,1,'2018-12-10 11:03:15.390447',NULL,'',NULL,NULL,NULL,6,NULL,NULL),(4812,'pbkdf2_sha256$120000$Cpm10KfWSY9m$O+oErxSRLOIugYX2wyuriNr4nPPIZleUROh/3MGVHU8=',NULL,0,'1204','Phúc','Phạm Phú','1204@vnu.edu.vn',0,1,'2018-12-10 11:03:15.850168',NULL,'',NULL,NULL,NULL,6,NULL,NULL),(4813,'pbkdf2_sha256$120000$u9FBjluI2gOO$f8oKzVQz2s4ZEQF0cD+5e86qy49kTtU7YWlp9BfTTwo=',NULL,0,'1205','Quyết','Trần Nguyên','1205@vnu.edu.vn',0,1,'2018-12-10 11:03:16.189298',NULL,'',NULL,NULL,NULL,6,NULL,NULL),(4814,'pbkdf2_sha256$120000$v0zM5qVMS1qb$rJ8NULZswGehLODeBG/mQz0OpLc+bCVNrlDLttx6/PI=',NULL,0,'1206','Sung','Tạ Đình','1206@vnu.edu.vn',0,1,'2018-12-10 11:03:16.512637',NULL,'',NULL,NULL,NULL,6,NULL,NULL),(4815,'pbkdf2_sha256$120000$0Kt9yzjDn0Lp$xQ8P8pi0PNCx/AM4HCL1z0YvNOMAwAcO/HV4KiLg3mM=',NULL,0,'1207','Huy','Phạm Quang','1207@vnu.edu.vn',0,1,'2018-12-10 11:03:16.856000',NULL,'',NULL,NULL,NULL,6,NULL,NULL),(4816,'pbkdf2_sha256$120000$cKd8I7yNrYlM$LroiZkM4v0Ks39yRGZibl9qdi+nbYVLONXTYXFkHbok=',NULL,0,'1208','Anh','Nguyễn Đức','1208@vnu.edu.vn',0,1,'2018-12-10 11:03:17.149974',NULL,'',NULL,NULL,NULL,6,NULL,NULL),(4817,'pbkdf2_sha256$120000$uwld14Y79MIe$K0uFXQUIhAhenYGqLvYKQHeKJjU5bgBAs6FPzElMUI8=',NULL,0,'1209','Tuấn','Đỗ Anh','1209@vnu.edu.vn',0,1,'2018-12-10 11:03:17.526675',NULL,'',NULL,NULL,NULL,6,NULL,NULL),(4818,'pbkdf2_sha256$120000$AMhe3AfpfCb9$plRL7GRB13wo9O+iku95fJUT5pGplgJWmMO6Omsavtg=',NULL,0,'1210','Vũ','Nguyễn Quang','1210@vnu.edu.vn',0,1,'2018-12-10 11:03:17.819503',NULL,'',NULL,NULL,NULL,6,NULL,NULL),(4819,'pbkdf2_sha256$120000$GYOsjnFlRvuW$qwwVKtKVr85NX1sRUUmP61260fopQAHhvnevdZDGQp4=',NULL,0,'1211','Nha','Trương Ly','1211@vnu.edu.vn',0,1,'2018-12-10 11:03:18.116345',NULL,'',NULL,NULL,NULL,6,NULL,NULL),(4820,'pbkdf2_sha256$120000$kdcNBaceyXdi$XNODcI9yzXxIySjGKa9PJEXRgtjUctf2jcI1xvtSZTU=',NULL,0,'1212','Quyết','Nguyễn Bá','1212@vnu.edu.vn',0,1,'2018-12-10 11:03:18.472701',NULL,'',NULL,NULL,NULL,6,NULL,NULL),(4821,'pbkdf2_sha256$120000$jmV43LxgfMiW$iqt3uB8yA9J7a/LOnOAcReT94/9z18j4Ww38kZgVdb0=',NULL,0,'1213','Linh','Trần Nguyễn Thảo','1213@vnu.edu.vn',0,1,'2018-12-10 11:03:18.779794',NULL,'',NULL,NULL,NULL,6,NULL,NULL),(4822,'pbkdf2_sha256$120000$m3veMLniBEaR$iGfb+FWr1Z5xOMCI+PqXVjH485GnVinxLhaoBzYPmcQ=',NULL,0,'1214','Tâm','Phạm Văn','1214@vnu.edu.vn',0,1,'2018-12-10 11:03:19.054813',NULL,'',NULL,NULL,NULL,6,NULL,NULL),(4823,'pbkdf2_sha256$120000$Vbqx7pS0izyf$+4wtTXk1g0YW1jVikvqgrlrWY/nKgnRLdjqg2SwlaxM=',NULL,0,'1215','An','Nguyễn Trần Minh','1215@vnu.edu.vn',0,1,'2018-12-10 11:03:19.444934',NULL,'',NULL,NULL,NULL,6,NULL,NULL),(4824,'pbkdf2_sha256$120000$hTsh63EwYm1k$k9erv9SbznagPR6tAfV8HMuDm72VEKKZswaX4g1CODc=',NULL,0,'1216','Giang','Lê Trường','1216@vnu.edu.vn',0,1,'2018-12-10 11:03:19.850824',NULL,'',NULL,NULL,NULL,6,NULL,NULL),(4825,'pbkdf2_sha256$120000$bZXyGK7sd7oa$IQOH3CiudqU4MP2B3YSuQmyLfBR87zefRhpd2zNKgzY=',NULL,0,'1217','Hường','Nguyễn Thị','1217@vnu.edu.vn',0,1,'2018-12-10 11:03:20.173655',NULL,'',NULL,NULL,NULL,6,NULL,NULL),(4826,'pbkdf2_sha256$120000$6E4Aqa2bqTsx$Ga8YZfcy237HfaTaPrAlSQKwaguuEM40S+n4uzJ1wz0=',NULL,0,'1218','Nghĩa','Song Thành','1218@vnu.edu.vn',0,1,'2018-12-10 11:03:20.477842',NULL,'',NULL,NULL,NULL,6,NULL,NULL),(4827,'pbkdf2_sha256$120000$kVGWtVwB3hT0$0psMB0hWlXAgmM/sQ4apcEhwPzGdHfYHzS3EMEfDftE=',NULL,0,'1219','Hưng','Châu Thiện','1219@vnu.edu.vn',0,1,'2018-12-10 11:03:20.771770',NULL,'',NULL,NULL,NULL,6,NULL,NULL),(4828,'pbkdf2_sha256$120000$LfBLjkOZsE83$V0C9DrK6DWe13mcJOLA3zA8d8OfuJNwWFk6S8hTwDJs=',NULL,0,'1220','Myõ','Nguyeãn Vaên','1220@vnu.edu.vn',0,1,'2018-12-10 11:03:21.080077',NULL,'',NULL,NULL,NULL,6,NULL,NULL),(4829,'pbkdf2_sha256$120000$awiFLoBUitTX$XMelKo8pJafQXJhH6ASbtyRV/df9+NBkma0AckCwg8k=',NULL,0,'1221','Trâm','Trần Thị Mai','1221@vnu.edu.vn',0,1,'2018-12-10 11:03:21.406482',NULL,'',NULL,NULL,NULL,6,NULL,NULL),(4830,'pbkdf2_sha256$120000$PRmo75LiuI19$utmGTbYAu/AMHuRJhZboN9icxa/mbxUpBknpiEcPtq8=',NULL,0,'1222','Đạt','Ngô Tiến','1222@vnu.edu.vn',0,1,'2018-12-10 11:03:21.805023',NULL,'',NULL,NULL,NULL,6,NULL,NULL),(4831,'pbkdf2_sha256$120000$SuUdwXGi6QY7$2gSjWjBhPRDIchfX6QJzsmxL+AHZdulQ2yDHrwTOzqA=',NULL,0,'1223','Bảo','Trần Thiên','1223@vnu.edu.vn',0,1,'2018-12-10 11:03:22.112139',NULL,'',NULL,NULL,NULL,6,NULL,NULL),(4832,'pbkdf2_sha256$120000$B4Tx4XgRaqMV$yXSEfhNSYsGNcZuPkY5ppqJHJTJqvrvRA/vVdwN1Q1c=',NULL,0,'1224','Sơn','Hoàng Huy','1224@vnu.edu.vn',0,1,'2018-12-10 11:03:22.446589',NULL,'',NULL,NULL,NULL,6,NULL,NULL),(4833,'pbkdf2_sha256$120000$jeBGqBQvB6TL$lYerEUFMj/Pujw8mmE552v34ZfoAJETyAcq4NklhprQ=',NULL,0,'1225','Phúc','Lâm Vĩnh','1225@vnu.edu.vn',0,1,'2018-12-10 11:03:22.847342',NULL,'',NULL,NULL,NULL,6,NULL,NULL),(4834,'pbkdf2_sha256$120000$OPU2S1o3JmzE$oSz8nLfIF51us1A/muxGyaaGjJp4VRUih46CVctsyEM=',NULL,0,'1226','Trí','Ông Minh','1226@vnu.edu.vn',0,1,'2018-12-10 11:03:23.185370',NULL,'',NULL,NULL,NULL,6,NULL,NULL),(4835,'pbkdf2_sha256$120000$UrLNZ0D0VQNF$Ck69Qq49PG4yLnPPOIsK8fIymi0z9dYH39ymwGt5Y3Q=',NULL,0,'1227','An','Huỳnh Văn','1227@vnu.edu.vn',0,1,'2018-12-10 11:03:23.532487',NULL,'',NULL,NULL,NULL,6,NULL,NULL),(4836,'pbkdf2_sha256$120000$yHhzyT1ohqE8$t5SRsCCZjuWqTMjjBS8aljb4/dHF7etFAIr89hWwOhE=',NULL,0,'1228','Hạo','Nguyễn Văn','1228@vnu.edu.vn',0,1,'2018-12-10 11:03:23.853745',NULL,'',NULL,NULL,NULL,6,NULL,NULL),(4837,'pbkdf2_sha256$120000$kJS0MFvHGKbm$bvBZf0YeH3O9mKNmb0aIu3sb+gmn74av4ZthKaLeNM8=',NULL,0,'1229','Thaéng','Nguyeãn Vieät','1229@vnu.edu.vn',0,1,'2018-12-10 11:03:24.270362',NULL,'',NULL,NULL,NULL,6,NULL,NULL),(4838,'pbkdf2_sha256$120000$F3msfgr7KTxc$TIPwhyxUmLTH2vQN951bknPw4P6KwJLK51yWHdmrB2M=',NULL,0,'1230','Duy','Vũ Văn','1230@vnu.edu.vn',0,1,'2018-12-10 11:03:24.667405',NULL,'',NULL,NULL,NULL,6,NULL,NULL),(4839,'pbkdf2_sha256$120000$2xk41ZjT5fTf$IT3tMrP2arlgoStX0redzamRjZ/pZwOMtP5+gqjhAHY=',NULL,0,'1231','Lâm','Trần Trương Thanh','1231@vnu.edu.vn',0,1,'2018-12-10 11:03:25.032575',NULL,'',NULL,NULL,NULL,6,NULL,NULL),(4840,'pbkdf2_sha256$120000$JYMgy47ZEg3R$is5nxHSyTDFsA9iZy72v1cYZz62Uusudm6vx2JJ2wi8=',NULL,0,'1232','Hậu','Đồng Phúc','1232@vnu.edu.vn',0,1,'2018-12-10 11:03:25.342355',NULL,'',NULL,NULL,NULL,6,NULL,NULL),(4841,'pbkdf2_sha256$120000$366d4sEXK9Ii$kyB2lNLTIq+JbyqyZHB4yqoaVw9x2SOmI3Ch5SbYvpk=',NULL,0,'1233','Ninh','Đoàn Duy','1233@vnu.edu.vn',0,1,'2018-12-10 11:03:25.648727',NULL,'',NULL,NULL,NULL,6,NULL,NULL),(4842,'pbkdf2_sha256$120000$tcrCnIXJXVSL$iULytv5NN6L4z/Q0kY1SFdtQgvjeRMN40lBt2DJdarc=',NULL,0,'1234','Quân','Lê Tiến','1234@vnu.edu.vn',0,1,'2018-12-10 11:03:25.966719',NULL,'',NULL,NULL,NULL,6,NULL,NULL),(4843,'pbkdf2_sha256$120000$R6JjCSGvI2mN$lp3r8jatAzlODjvklFpudJlWaxXCPasdI8VPC9MzEE0=',NULL,0,'1235','Sơn','Nguyễn Tùng','1235@vnu.edu.vn',0,1,'2018-12-10 11:03:26.282843',NULL,'',NULL,NULL,NULL,6,NULL,NULL),(4844,'pbkdf2_sha256$120000$iXH6uCgxlxqb$uqMliST4Rpug4cZtFMQKEfRLCJB1jtaEbpqb0W4eMDA=',NULL,0,'1236','Hoàn','Lê Xuân','1236@vnu.edu.vn',0,1,'2018-12-10 11:03:26.661755',NULL,'',NULL,NULL,NULL,6,NULL,NULL),(4845,'pbkdf2_sha256$120000$QPvtwTFrVqv6$0WYFngsV1EgAQlqwqkJNlJRD82f0zZpSNBorfF4KlzU=',NULL,0,'1237','Chính','Hồ Viết','1237@vnu.edu.vn',0,1,'2018-12-10 11:03:26.935846',NULL,'',NULL,NULL,NULL,6,NULL,NULL),(4846,'pbkdf2_sha256$120000$L09UJf7Ea2wu$4oVFZ/zLccpAf2S1NPRqC3jza1T1CMdrxKPKD1UKhHc=',NULL,0,'1238','Hà','Trần Thị Thu','1238@vnu.edu.vn',0,1,'2018-12-10 11:03:27.228079',NULL,'',NULL,NULL,NULL,6,NULL,NULL),(4847,'pbkdf2_sha256$120000$IosDpXCI7uLf$mPJF3ZdgkRFuhYhmKpq8IVyuBrr7Rs1TCvDfqH+8UUc=',NULL,0,'1239','Bảo','Bùi Ngọc','1239@vnu.edu.vn',0,1,'2018-12-10 11:03:27.626956',NULL,'',NULL,NULL,NULL,6,NULL,NULL),(4848,'pbkdf2_sha256$120000$glDN62TNCd4a$asZ+zY0mlyrtjWGaWW2daZPwBY0U+pb3qinGXF9enIw=',NULL,0,'1240','Hùng','Trương Vũ Ngọc','1240@vnu.edu.vn',0,1,'2018-12-10 11:03:27.960600',NULL,'',NULL,NULL,NULL,6,NULL,NULL),(4849,'pbkdf2_sha256$120000$WOPtdJBznj2g$qGo+wTW7/0XTeCFDsR6YlEtg9EhDlMLI/ec1vWpTY1M=',NULL,0,'1241','Tường','Nguyễn Hoàng Khánh','1241@vnu.edu.vn',0,1,'2018-12-10 11:03:28.276489',NULL,'',NULL,NULL,NULL,6,NULL,NULL),(4850,'pbkdf2_sha256$120000$bh6zQfwBKWfX$ZWyVXohx4qYdwtvPthbu6woi+d6r6ig7fX1W5+HU7t0=',NULL,0,'1242','Kim','Từ Đại','1242@vnu.edu.vn',0,1,'2018-12-10 11:03:28.666144',NULL,'',NULL,NULL,NULL,6,NULL,NULL),(4851,'pbkdf2_sha256$120000$64cpPwUEudhz$MSRieIjAqMorRl7yAb+u1ZR6TC2ps4QPaoJ2rBsHDjI=',NULL,0,'1243','Uyên','Nguyễn Thanh Hoàng','1243@vnu.edu.vn',0,1,'2018-12-10 11:03:29.101059',NULL,'',NULL,NULL,NULL,6,NULL,NULL),(4852,'pbkdf2_sha256$120000$sZp2uBNTXMHW$8x0vhLD3lvvkPnEP9yUWPKS0LQYJOwZtDbg692H2gfA=',NULL,0,'1244','Thuyên','Mai Tân','1244@vnu.edu.vn',0,1,'2018-12-10 11:03:29.392714',NULL,'',NULL,NULL,NULL,6,NULL,NULL),(4853,'pbkdf2_sha256$120000$QsAArTrrTmdT$G5xOKOkG0XhSd97v0R6xeY8YnioCbyrnA135+xikrn0=',NULL,0,'1245','Dương','Mạc Đỗ Hoàng','1245@vnu.edu.vn',0,1,'2018-12-10 11:03:29.766124',NULL,'',NULL,NULL,NULL,6,NULL,NULL),(4854,'pbkdf2_sha256$120000$ArDvq5W5RZZG$s2SAOKu4XSAVelharn+jG38y7I+ZeqXuZphVaqsVFlM=',NULL,0,'1246','Tân','Phan Phước','1246@vnu.edu.vn',0,1,'2018-12-10 11:03:30.109579',NULL,'',NULL,NULL,NULL,6,NULL,NULL),(4855,'pbkdf2_sha256$120000$YQVmEaOa3YWd$yKww6F/3NUgR3kb14OrnFgJRpXvpCsR8wHDXHecywzU=',NULL,0,'1247','Nhân','Tống Thành','1247@vnu.edu.vn',0,1,'2018-12-10 11:03:30.411011',NULL,'',NULL,NULL,NULL,6,NULL,NULL),(4856,'pbkdf2_sha256$120000$3ZKYnl3UHbOo$xLDVh5Jo96rtKSsVPIJdWiMOmnrpmzrHP8C9i2lrbvI=',NULL,0,'1248','Duy','Phùng Anh','1248@vnu.edu.vn',0,1,'2018-12-10 11:03:30.809920',NULL,'',NULL,NULL,NULL,6,NULL,NULL),(4857,'pbkdf2_sha256$120000$DKygyzrn2Gk0$LnNgh0TcZe4F5hFZGtyfcnEu/UhkZpZVfgfowwgtj0o=',NULL,0,'1249','Toàn','Trương Thiên','1249@vnu.edu.vn',0,1,'2018-12-10 11:03:31.131373',NULL,'',NULL,NULL,NULL,6,NULL,NULL),(4858,'pbkdf2_sha256$120000$unaHgAg1YcTc$nVgSAqDFnbW2PHdXDlnPuKCb77bChSDdOFVwzdSWac0=',NULL,0,'1250','Uyên','Nguyễn Công Hà','1250@vnu.edu.vn',0,1,'2018-12-10 11:03:31.471482',NULL,'',NULL,NULL,NULL,6,NULL,NULL),(4859,'pbkdf2_sha256$120000$qhxblsIIdYd7$kQGLBb9xokTo1twTgw9JyPQbgePbZRjYM6jP79PlmmY=',NULL,0,'1251','Cường','Ngô Nhật','1251@vnu.edu.vn',0,1,'2018-12-10 11:03:31.904882',NULL,'',NULL,NULL,NULL,6,NULL,NULL),(4860,'pbkdf2_sha256$120000$ojFt7JMw8h3W$kPnfXwdbJgE6CyXz/80ZsVLqVr7XYpdf8eP+v9w5LIs=',NULL,0,'1252','Bình','Lê Thanh','1252@vnu.edu.vn',0,1,'2018-12-10 11:03:32.242281',NULL,'',NULL,NULL,NULL,6,NULL,NULL),(4861,'pbkdf2_sha256$120000$6tn4sGvr3e4G$4sYXrOYPW6Sv4vBYNZnkjiZC5isT2ZyLVox1TC05Fwk=',NULL,0,'1253','Hùng','Đoàn Bá','1253@vnu.edu.vn',0,1,'2018-12-10 11:03:32.636225',NULL,'',NULL,NULL,NULL,6,NULL,NULL),(4862,'pbkdf2_sha256$120000$8ZktDN4RwEKw$4lRksLvxW0aZlFdHevF/7ZvE/hUvsZGY1s/w9en/1Sc=',NULL,0,'1254','Long','Nguyễn Hoàng','1254@vnu.edu.vn',0,1,'2018-12-10 11:03:32.979648',NULL,'',NULL,NULL,NULL,6,NULL,NULL),(4863,'pbkdf2_sha256$120000$z9y3T6MvS4DB$C+Jxwv14YSRTeuKC5A3ZrhjeDdyh/H9wAyS/WcDp3dI=',NULL,0,'1255','Sang','Lê Thanh','1255@vnu.edu.vn',0,1,'2018-12-10 11:03:33.493312',NULL,'',NULL,NULL,NULL,6,NULL,NULL),(4864,'pbkdf2_sha256$120000$2XXnWthL1GjQ$0o9fsUECSWHX57xS4SZPNMg679hPD75+VZ9qR3LzN3w=',NULL,0,'1256','Long','Trần Hữu','1256@vnu.edu.vn',0,1,'2018-12-10 11:03:33.902896',NULL,'',NULL,NULL,NULL,6,NULL,NULL),(4865,'pbkdf2_sha256$120000$Ma0hvXJ5DrVA$9tiq3zfTJtqcSNuaALv329M7pgxLRCq2Slf/X0tpN90=',NULL,0,'1257','Phong','Phan Thanh','1257@vnu.edu.vn',0,1,'2018-12-10 11:03:34.293257',NULL,'',NULL,NULL,NULL,6,NULL,NULL),(4866,'pbkdf2_sha256$120000$p6qD1i9pZJkZ$Xu5+xp4hhh4enTUrB9jsf6RywDlrejPNbYecwtgZwWk=',NULL,0,'1258','Thái','Nguyễn Trung','1258@vnu.edu.vn',0,1,'2018-12-10 11:03:34.649482',NULL,'',NULL,NULL,NULL,6,NULL,NULL),(4867,'pbkdf2_sha256$120000$PSXzMSs5BaZX$XtZXbqklQqQDvVIoaCYVRAmvg2CxuVrfsm3RipaERr8=',NULL,0,'1259','Toàn','Hứa Kiện','1259@vnu.edu.vn',0,1,'2018-12-10 11:03:34.957899',NULL,'',NULL,NULL,NULL,6,NULL,NULL),(4868,'pbkdf2_sha256$120000$ca5GwpSRjlNw$BJorahMMeBLtw8jWpdsaFW8eoRuk971UDU9CMT/UYXA=',NULL,0,'1260','Khởi','Phan Trường','1260@vnu.edu.vn',0,1,'2018-12-10 11:03:35.276552',NULL,'',NULL,NULL,NULL,6,NULL,NULL),(4869,'pbkdf2_sha256$120000$SAYP4esmZE34$yTyb42am19Uhl4THNFzW4hfyiMjQtiBHLr3M/Joclms=',NULL,0,'1261','Huy','Trịnh Ngọc','1261@vnu.edu.vn',0,1,'2018-12-10 11:03:35.627057',NULL,'',NULL,NULL,NULL,6,NULL,NULL),(4870,'pbkdf2_sha256$120000$Mau3putxMvtL$jhuUS/n6pvldPhPCAVEGSn5P4ilQWvECZZrBXofDw6M=',NULL,0,'1262','Đào','Phạm Anh','1262@vnu.edu.vn',0,1,'2018-12-10 11:03:35.923495',NULL,'',NULL,NULL,NULL,6,NULL,NULL),(4871,'pbkdf2_sha256$120000$rUBPyEnayO5n$BFGOpClbLtxkzUB29cScTQBtpf4obcTFkmVzXzVP8QU=',NULL,0,'1263','Danh','Bùi Võ Thanh','1263@vnu.edu.vn',0,1,'2018-12-10 11:03:36.243783',NULL,'',NULL,NULL,NULL,6,NULL,NULL),(4872,'pbkdf2_sha256$120000$h7G8nL6nz4WA$4ASu5sPJfx2Dkp+xKJIHj6t0uW728GQgvtvVf4SJSz0=',NULL,0,'1264','Tú','Trần Đình','1264@vnu.edu.vn',0,1,'2018-12-10 11:03:36.748938',NULL,'',NULL,NULL,NULL,6,NULL,NULL),(4873,'pbkdf2_sha256$120000$4UhGIeCEsMgi$LjTLRYcO0inoK5DhJOXTyrQQt4R3vg1ISUsKCtffYns=',NULL,0,'1265','Nguyên','Lê Quang','1265@vnu.edu.vn',0,1,'2018-12-10 11:03:37.074742',NULL,'',NULL,NULL,NULL,6,NULL,NULL),(4874,'pbkdf2_sha256$120000$fNSL9QsNvyCR$dh0SzS29hSr/zlP7QDEY0NCUQHqnT41ATP4pjL5/vKs=',NULL,0,'1266','Hoàng','Nguyễn Minh','1266@vnu.edu.vn',0,1,'2018-12-10 11:03:37.419009',NULL,'',NULL,NULL,NULL,6,NULL,NULL),(4875,'pbkdf2_sha256$120000$G5KJ8tMHce4v$ZwhRG//Tf9zTwj8spGuRB0mvWjfEl0M5dyKRPj9JcG4=',NULL,0,'1267','Dương','Nguyễn Lê Minh','1267@vnu.edu.vn',0,1,'2018-12-10 11:03:37.822442',NULL,'',NULL,NULL,NULL,6,NULL,NULL),(4876,'pbkdf2_sha256$120000$KbHQH242fFAv$EUwGHRWr5Mjsl01ciC5TO8nObxU/eO1TSBlHqHCVhe8=',NULL,0,'1268','Đức','Võ Minh','1268@vnu.edu.vn',0,1,'2018-12-10 11:03:38.164759',NULL,'',NULL,NULL,NULL,6,NULL,NULL),(4877,'pbkdf2_sha256$120000$uKQaCtAx0S9S$RY8blojwjcu169NP6Un/0pBKdQAIzxihkz9Qlq41KoI=',NULL,0,'1269','Hoà','Võ Thị Ngọc','1269@vnu.edu.vn',0,1,'2018-12-10 11:03:38.514994',NULL,'',NULL,NULL,NULL,6,NULL,NULL),(4878,'pbkdf2_sha256$120000$UowJ91BcgfSb$gFlJK2rfoD8Gnj3tJelF40N3j1WeM+5YqiDHg96yE2o=',NULL,0,'1270','Hải','Nguyễn Thị Mỹ','1270@vnu.edu.vn',0,1,'2018-12-10 11:03:38.904573',NULL,'',NULL,NULL,NULL,6,NULL,NULL),(4879,'pbkdf2_sha256$120000$qz5i2PIkyaad$9/OeMPDODwasvceNFIOncH2tRc4224zTbBiBAADQqD4=',NULL,0,'1271','Trọng','Vũ Đức','1271@vnu.edu.vn',0,1,'2018-12-10 11:03:39.211532',NULL,'',NULL,NULL,NULL,6,NULL,NULL),(4880,'pbkdf2_sha256$120000$vDedzFXMfxmw$OLlwglosTLH+clsKYHbYu2++Rszt3a2Qd0kAGxe6ZxE=',NULL,0,'1272','Thao','Nguyễn Thị','1272@vnu.edu.vn',0,1,'2018-12-10 11:03:39.852198',NULL,'',NULL,NULL,NULL,6,NULL,NULL),(4881,'pbkdf2_sha256$120000$SBl8iyOacyxh$FAv2pf1napN4xzqIedBZ51NKl3q9tc4AlNIiOLiuY5k=',NULL,0,'1273','Thành','Phan Trung','1273@vnu.edu.vn',0,1,'2018-12-10 11:03:40.169555',NULL,'',NULL,NULL,NULL,6,NULL,NULL),(4882,'pbkdf2_sha256$120000$ZasIoNQ9ijfT$OXWYT5eZzxJ+OuoAB7nartNiIN/9vaY/bXXAvVHnizw=',NULL,0,'1274','Sơn','Trịnh Phó','1274@vnu.edu.vn',0,1,'2018-12-10 11:03:40.489569',NULL,'',NULL,NULL,NULL,6,NULL,NULL),(4883,'pbkdf2_sha256$120000$uDhKOt3dpCmi$mfp79BQSG4uyocQIPpISOlKCuWVKN1mBSQX2uqWOFYI=',NULL,0,'1275','Võ','Nguyễn Thiên','1275@vnu.edu.vn',0,1,'2018-12-10 11:03:40.820845',NULL,'',NULL,NULL,NULL,6,NULL,NULL),(4884,'pbkdf2_sha256$120000$8Xy2aVvqHT3x$SSz3c1SNUpoiDZgt3LG+ELnpqQwdA9+4ZCH9p5zE/qY=',NULL,0,'1276','Hiên','Nguyễn Thị','1276@vnu.edu.vn',0,1,'2018-12-10 11:03:41.114430',NULL,'',NULL,NULL,NULL,6,NULL,NULL),(4885,'pbkdf2_sha256$120000$lxoveHEkVTLP$Hg99BDoQeBxI+452wJYPKcs9UCMmQkwnOw1o9MCf/24=',NULL,0,'1277','Hoa','Phạm Yến','1277@vnu.edu.vn',0,1,'2018-12-10 11:03:41.413098',NULL,'',NULL,NULL,NULL,6,NULL,NULL),(4886,'pbkdf2_sha256$120000$wIPdxuxG6sKt$qiodoOa0sB3gsnoOR1rZPsPCeHXFJ5ZtrXqV+lAzbHw=',NULL,0,'1278','Toàn','Trịnh Tiến','1278@vnu.edu.vn',0,1,'2018-12-10 11:03:41.775499',NULL,'',NULL,NULL,NULL,6,NULL,NULL),(4887,'pbkdf2_sha256$120000$VVymrt9pUxNE$Uf9VAQmQVbQ1v6TgjpAHIuy7Eyv7nlM+AiJ/UTAOL9E=',NULL,0,'1279','Vĩ','Phạm Quang','1279@vnu.edu.vn',0,1,'2018-12-10 11:03:42.068320',NULL,'',NULL,NULL,NULL,6,NULL,NULL),(4888,'pbkdf2_sha256$120000$Jv5PEBfPjPTT$SokUke4M6/sEz12bVrr4C4YSuZJMB+Mrj/OwfiW7C2U=',NULL,0,'1280','Trâm','Nguyễn Ngọc','1280@vnu.edu.vn',0,1,'2018-12-10 11:03:42.425472',NULL,'',NULL,NULL,NULL,6,NULL,NULL),(4889,'pbkdf2_sha256$120000$jeWuIsSjE635$JR5zBlExlnC4KXLX+Jv8J5WpaReN5+oP18XQmF9ioKE=',NULL,0,'1281','Trung','Phạm Minh','1281@vnu.edu.vn',0,1,'2018-12-10 11:03:42.860592',NULL,'',NULL,NULL,NULL,6,NULL,NULL),(4890,'pbkdf2_sha256$120000$iAOuWiOIia51$1SCFF4ZD25dGmE48SxJvfp7pTSjuMNcFF87hv0F6yao=',NULL,0,'1282','Thọ','Lê Ngọc','1282@vnu.edu.vn',0,1,'2018-12-10 11:03:43.175621',NULL,'',NULL,NULL,NULL,6,NULL,NULL),(4891,'pbkdf2_sha256$120000$Gkt0Ym9a3B7S$/0DGo/kW4JlrWKIhSvawP6dxtMLTr3NwWJQ0KeXhe28=',NULL,0,'1283','Vương','Lê Tuấn','1283@vnu.edu.vn',0,1,'2018-12-10 11:03:43.497134',NULL,'',NULL,NULL,NULL,6,NULL,NULL),(4892,'pbkdf2_sha256$120000$JvmIicPzuyLl$DQIGndJX1SEQ+gBqR2UsFjTLggOxJ/lWEcJhVk3/bns=',NULL,0,'1284','Phong','Nguyễn Tấn','1284@vnu.edu.vn',0,1,'2018-12-10 11:03:43.824988',NULL,'',NULL,NULL,NULL,6,NULL,NULL),(4893,'pbkdf2_sha256$120000$5mlXZRlp32qe$Bw4rAHga0PPyzy9emWIgjm1opfJvWp8vEEdYUqgX0sU=',NULL,0,'1285','Khoa','Nghi Hoàng','1285@vnu.edu.vn',0,1,'2018-12-10 11:03:44.135548',NULL,'',NULL,NULL,NULL,6,NULL,NULL),(4894,'pbkdf2_sha256$120000$FiQFEyQjK8KM$63fR36UVI3L2g6H5FteZzBtcwnxGljT9f5/nh+xq49s=',NULL,0,'1286','Hậu','Nguyễn Tấn','1286@vnu.edu.vn',0,1,'2018-12-10 11:03:44.480346',NULL,'',NULL,NULL,NULL,6,NULL,NULL),(4895,'pbkdf2_sha256$120000$Kq0UbrG1vbn5$w17cSpm7Ct11QkbwMgH6pfQrJZ48L5nfyAeIpIRtoaU=',NULL,0,'1287','Bảo','Huỳnh Quang','1287@vnu.edu.vn',0,1,'2018-12-10 11:03:44.914760',NULL,'',NULL,NULL,NULL,6,NULL,NULL),(4896,'pbkdf2_sha256$120000$49lsqVUxc1W4$STU2vmEAfQAjb9jEQHGPGaoAi+x0bQjId/YXzTx41SU=',NULL,0,'1288','Phong','Võ Nguyễn Văn','1288@vnu.edu.vn',0,1,'2018-12-10 11:03:45.261975',NULL,'',NULL,NULL,NULL,6,NULL,NULL),(4897,'pbkdf2_sha256$120000$ix3kQ9fiAUU4$7Ipe/lFaQPM9sppiV68RSVLtND43PgxiNEckIgApSIU=',NULL,0,'1289','Toản','Trần Thanh','1289@vnu.edu.vn',0,1,'2018-12-10 11:03:45.613264',NULL,'',NULL,NULL,NULL,6,NULL,NULL),(4898,'pbkdf2_sha256$120000$6Tw8VG3P9LuB$HKunSXEU/30zgh7v18nP11uCk0OFsou1Dm0VtylENT8=',NULL,0,'1290','Dũng','Đoàn Việt','1290@vnu.edu.vn',0,1,'2018-12-10 11:03:45.939198',NULL,'',NULL,NULL,NULL,6,NULL,NULL),(4899,'pbkdf2_sha256$120000$lbi2PKU10vd8$jk4gr2cXn2noHDjKC6MyR4Fqp3feb9gmEaJ8760xQWo=',NULL,0,'1291','Huấn','Phạm Công','1291@vnu.edu.vn',0,1,'2018-12-10 11:03:46.281067',NULL,'',NULL,NULL,NULL,6,NULL,NULL),(4900,'pbkdf2_sha256$120000$nJ8zCHiva7wu$/pvOyvJ7/3boX21CV9UDDvzdCk1PXmzVBVgUFtsi/4U=',NULL,0,'1292','Vương','Phùng Quốc','1292@vnu.edu.vn',0,1,'2018-12-10 11:03:46.728132',NULL,'',NULL,NULL,NULL,6,NULL,NULL),(4901,'pbkdf2_sha256$120000$qeXKOjy8Bt1k$C47rspSBSjJhMJ8BcI5tS3N0B9Vv0b81qGiIdPU/eto=',NULL,0,'1293','Thái','Hồ Quốc','1293@vnu.edu.vn',0,1,'2018-12-10 11:03:47.056011',NULL,'',NULL,NULL,NULL,6,NULL,NULL),(4902,'pbkdf2_sha256$120000$72wqzm1Ismuk$kvXlhOREwDexrNpVYGz/zZyU8mr7UyKcARrmkXPrNlk=',NULL,0,'1294','Đức','Bùi Mạnh','1294@vnu.edu.vn',0,1,'2018-12-10 11:03:47.364321',NULL,'',NULL,NULL,NULL,6,NULL,NULL),(4903,'pbkdf2_sha256$120000$uo1cavIibDQ3$GDBT30MJKMkI95BPsfqrnu2BJAtHOE1qzpHY0r443ss=',NULL,0,'1295','Khoa','Phạm Anh','1295@vnu.edu.vn',0,1,'2018-12-10 11:03:47.730583',NULL,'',NULL,NULL,NULL,6,NULL,NULL),(4904,'pbkdf2_sha256$120000$4UDlWQJMtse3$+CoTOdskdQ+rKVm4++IwzMizfUTdZPfKe28w8ErZsGs=',NULL,0,'1296','Cảnh','Hồ Quang','1296@vnu.edu.vn',0,1,'2018-12-10 11:03:48.024583',NULL,'',NULL,NULL,NULL,6,NULL,NULL),(4905,'pbkdf2_sha256$120000$P21rcX5W08BQ$4NszJsAi9LCZfPPObs+nRbuAgSvG7IwXM/jLfiAwsMU=',NULL,0,'1297','Quý','Đinh Ngọc','1297@vnu.edu.vn',0,1,'2018-12-10 11:03:48.363712',NULL,'',NULL,NULL,NULL,6,NULL,NULL),(4906,'pbkdf2_sha256$120000$yRM5uabvfV7l$9aTa9tEH6JoQGscU5wWm//LGg35WleKcc/KexoycX4Y=',NULL,0,'1298','Đức','Nguyễn Trung','1298@vnu.edu.vn',0,1,'2018-12-10 11:03:48.696548',NULL,'',NULL,NULL,NULL,6,NULL,NULL),(4907,'pbkdf2_sha256$120000$Sk5ByDcuQdiq$Qjl9uumpvnC3phs6cCp172o+5Qf9S9LNr+DHMs5uxwg=',NULL,0,'1299','Ngân','Lê Thị Tài','1299@vnu.edu.vn',0,1,'2018-12-10 11:03:48.987624',NULL,'',NULL,NULL,NULL,6,NULL,NULL),(4908,'pbkdf2_sha256$120000$Z15x3slKH0MF$6cxt93yTRjG14ZUASUyWZxaeDrSYem/AzGjYTgsPqBQ=',NULL,0,'1300','Khương','Lê Huỳnh','1300@vnu.edu.vn',0,1,'2018-12-10 11:03:49.310504',NULL,'',NULL,NULL,NULL,6,NULL,NULL),(4909,'pbkdf2_sha256$120000$gDrs8J7sZ4sX$ETXRqCS2nx5I5OjTdArV4I5l28zPcyuRjU+QEk9qVv8=',NULL,0,'1301','Hiển','Nguyễn Hồ Vỹ','1301@vnu.edu.vn',0,1,'2018-12-10 11:03:49.659948',NULL,'',NULL,NULL,NULL,6,NULL,NULL),(4910,'pbkdf2_sha256$120000$hfqJtDvQ9VXh$a8RCuosp5JWq3qanHGam74CN1KKVOK31c4Wm4FXi70A=',NULL,0,'1302','Tín','Đặng Trung','1302@vnu.edu.vn',0,1,'2018-12-10 11:03:49.994769',NULL,'',NULL,NULL,NULL,6,NULL,NULL),(4911,'pbkdf2_sha256$120000$bsd8Pk4vFxIp$sF8sV1RgfJZYKWkyymc3M1Hg8cWxlivgvhrXWubm3yE=',NULL,0,'1303','Thoa','Uông Thị','1303@vnu.edu.vn',0,1,'2018-12-10 11:03:50.302515',NULL,'',NULL,NULL,NULL,6,NULL,NULL),(4912,'pbkdf2_sha256$120000$1pM1L5jZLnSH$dkp8sSxF8eUxOxqZmEulcZ212qWuklPvPGeHGmbgH6A=',NULL,0,'1304','Nhật','Đoàn Huy','1304@vnu.edu.vn',0,1,'2018-12-10 11:03:50.662734',NULL,'',NULL,NULL,NULL,6,NULL,NULL),(4913,'pbkdf2_sha256$120000$0LI7R7u2XgjR$iaErt9Yt0H1qrfjpqsNkUC89cQDuE91d1WzIYUEELxM=',NULL,0,'1305','Nguyên','Phạm Trung','1305@vnu.edu.vn',0,1,'2018-12-10 11:03:50.996478',NULL,'',NULL,NULL,NULL,6,NULL,NULL),(4914,'pbkdf2_sha256$120000$YGlD2aZLZPED$noDuAMUdXuNWJ3+RJoEyLgNSr7kJC4moZWPPljXgX6U=',NULL,0,'1306','Khang','Phan Tuấn','1306@vnu.edu.vn',0,1,'2018-12-10 11:03:51.310183',NULL,'',NULL,NULL,NULL,6,NULL,NULL),(4915,'pbkdf2_sha256$120000$iz2Mtmqhk4vf$u1ukdvUiVLPZfwGgz4nxiObZDZWyRnKoezwqSl7AHy0=',NULL,0,'1307','Xuân','Lương Thanh','1307@vnu.edu.vn',0,1,'2018-12-10 11:03:51.653861',NULL,'',NULL,NULL,NULL,6,NULL,NULL),(4916,'pbkdf2_sha256$120000$h749OlyDxSn4$+EbKvfvqWf0HRa3S7SbgtjrAvNehNMz7scEMvD3QzzA=',NULL,0,'1308','Hằng','Nguyễn Phạm Diễm','1308@vnu.edu.vn',0,1,'2018-12-10 11:03:52.050944',NULL,'',NULL,NULL,NULL,6,NULL,NULL),(4917,'pbkdf2_sha256$120000$V7wZamiQcSgj$d8rqFaYcrV3fTI3xwRze9Kmo1gQ2NPJ7nnzPxP3llE8=',NULL,0,'1309','HĆ°ng','PháşĄm NguyĂŞn','1309@vnu.edu.vn',0,1,'2018-12-10 11:03:52.354454',NULL,'',NULL,NULL,NULL,6,NULL,NULL),(4918,'pbkdf2_sha256$120000$pBhTOK8jW2hG$Wvw/17uiRvSKOjY8g5w1kn/kmlXyqYH+/G88YcTVFQA=',NULL,0,'1310','Phát','Nguyễn Tiến','1310@vnu.edu.vn',0,1,'2018-12-10 11:03:52.724235',NULL,'',NULL,NULL,NULL,6,NULL,NULL),(4919,'pbkdf2_sha256$120000$c8fum2MbSkzD$0QTsA+0ZA7hGBxHblL+UpJN086OD/bHr947rWVFxRHY=',NULL,0,'1311','Tuấn','Vũ Văn','1311@vnu.edu.vn',0,1,'2018-12-10 11:03:53.004413',NULL,'',NULL,NULL,NULL,6,NULL,NULL),(4920,'pbkdf2_sha256$120000$NdaaApjIR7EG$3KcdRlPIT/x9Y7m8pjytSytask3ODCWuZtqPf88zgy4=',NULL,0,'1312','Minh','Võ Lê','1312@vnu.edu.vn',0,1,'2018-12-10 11:03:53.310382',NULL,'',NULL,NULL,NULL,6,NULL,NULL),(4921,'pbkdf2_sha256$120000$qIHyIqcW1bRW$9WrLtofb9zNn6F00A+jjDEvJG1FRXh3l7RY3wH/H+kE=',NULL,0,'1313','Lịnh','Phạm Ngọc','1313@vnu.edu.vn',0,1,'2018-12-10 11:03:53.670521',NULL,'',NULL,NULL,NULL,6,NULL,NULL),(4922,'pbkdf2_sha256$120000$qbINihqrjksI$3YsITYANNzS2IN2Fth6TkfwYy5Pe+lcg5LFbXFrCP7Y=',NULL,0,'1314','Đại','Lâm Vạn','1314@vnu.edu.vn',0,1,'2018-12-10 11:03:53.985591',NULL,'',NULL,NULL,NULL,6,NULL,NULL),(4923,'pbkdf2_sha256$120000$dsAljgfsska4$qbe5hRWlSG9UnaeNFG7JtYErPqojzl75ZoZCsFqqf3U=',NULL,0,'1315','Phúc','Nguyễn Tấn','1315@vnu.edu.vn',0,1,'2018-12-10 11:03:54.259933',NULL,'',NULL,NULL,NULL,6,NULL,NULL),(4924,'pbkdf2_sha256$120000$Ce9DxVsCogOR$2o4RPIXgwinAfMXEc94O8F+QkbBUn+NZ0U09cplZKKI=',NULL,0,'1316','Hoàng','Nguyễn Tiến','1316@vnu.edu.vn',0,1,'2018-12-10 11:03:54.614473',NULL,'',NULL,NULL,NULL,6,NULL,NULL),(4925,'pbkdf2_sha256$120000$pV65vUTSW5e8$DxRMEBV8/RIRh4CLWlliO1Yblx7xpHKAplKyI/LBevM=',NULL,0,'1317','Phúc','Lê Ngọc Hồng','1317@vnu.edu.vn',0,1,'2018-12-10 11:03:54.911734',NULL,'',NULL,NULL,NULL,6,NULL,NULL),(4926,'pbkdf2_sha256$120000$h7UFMv2nHqXx$jZfXfLAIxZ0Zi+n+QgaFxxwzz1HOAsUyU/KyX0YXNMM=',NULL,0,'1318','Nhạn','Đoàn Văn Hữu','1318@vnu.edu.vn',0,1,'2018-12-10 11:03:55.258342',NULL,'',NULL,NULL,NULL,6,NULL,NULL),(4927,'pbkdf2_sha256$120000$PP9pb6Faz0wp$ivhRqAxWY7fwQ7bO7/WrMkupyNpzeJfIQiVeCsyRCBc=',NULL,0,'1319','Thiên','Hoàng Xuân','1319@vnu.edu.vn',0,1,'2018-12-10 11:03:55.557988',NULL,'',NULL,NULL,NULL,6,NULL,NULL),(4928,'pbkdf2_sha256$120000$nKe7uVHXlj4F$dqdB/DIwyOcVQyII7r9s4LJZjaesl3msfpjmXlS1398=',NULL,0,'1320','Ngân','Phan Thị Thanh','1320@vnu.edu.vn',0,1,'2018-12-10 11:03:55.899980',NULL,'',NULL,NULL,NULL,6,NULL,NULL),(4929,'pbkdf2_sha256$120000$tqeV4prkwi7G$fyxkqA+GTlruLsllmJJLjMMzBM7YJ+DbvpKf3ivb3+o=',NULL,0,'1321','Khánh','Tô Ngọc','1321@vnu.edu.vn',0,1,'2018-12-10 11:03:56.194869',NULL,'',NULL,NULL,NULL,6,NULL,NULL),(4930,'pbkdf2_sha256$120000$iaqC7uc7Vdtr$82TL+pD+5sgZ6syXBfUGeZSY83STnGP1pcu9ZvpK/Js=',NULL,0,'1322','Hà','Nguyễn Thu','1322@vnu.edu.vn',0,1,'2018-12-10 11:03:56.639847',NULL,'',NULL,NULL,NULL,6,NULL,NULL),(4931,'pbkdf2_sha256$120000$kAIItI0K1fO3$ZMNkMbJHpCHOUmv+9w0M2JY5xYV04cNqRBP8umSn0Lg=',NULL,0,'1323','Thảo','Bùi Thị Thu','1323@vnu.edu.vn',0,1,'2018-12-10 11:03:57.012349',NULL,'',NULL,NULL,NULL,6,NULL,NULL),(4932,'pbkdf2_sha256$120000$MW65w0flbRvm$uAzzPE3NC/d5wUZweFHngaBddfGfXIfc8JLpXT09uAA=',NULL,0,'1324','Tiến','Nguyễn Văn','1324@vnu.edu.vn',0,1,'2018-12-10 11:03:57.296502',NULL,'',NULL,NULL,NULL,6,NULL,NULL),(4933,'pbkdf2_sha256$120000$8IsZFMP76HPL$CO2y+zYlthIZiyLR5hdnNhq4Fhp3qut9FMMsK5BjS0w=',NULL,0,'1325','Trường','Vũ Khắc','1325@vnu.edu.vn',0,1,'2018-12-10 11:03:57.644887',NULL,'',NULL,NULL,NULL,6,NULL,NULL),(4934,'pbkdf2_sha256$120000$ndAzZ6mrvYez$yk8SCUsQtOEbipkywmMnm/SVV77RkWMOXbK/UurcNeA=',NULL,0,'1326','mới','Thành viên','1326@vnu.edu.vn',0,1,'2018-12-10 11:03:57.961833',NULL,'',NULL,NULL,NULL,6,NULL,NULL),(4935,'pbkdf2_sha256$120000$Ku8raG5BX9fl$tjI0wxsUM0Y5D+dCJKcP+vuThIPOsVw37V1YErFycDc=',NULL,0,'1327','Quân','Phạm Anh','1327@vnu.edu.vn',0,1,'2018-12-10 11:03:58.288667',NULL,'',NULL,NULL,NULL,6,NULL,NULL),(4936,'pbkdf2_sha256$120000$qagEDSjKeTST$hp3yeTe9SIYdX60CxZKsnXye8RsQyrP3VhDJj7mcIQE=',NULL,0,'1328','HIếu','Phạm Trung','1328@vnu.edu.vn',0,1,'2018-12-10 11:03:58.724294',NULL,'',NULL,NULL,NULL,6,NULL,NULL),(4937,'pbkdf2_sha256$120000$7eYRKicoI6pB$hOdhkSV3fMCIh7JOGaG49eYVvuEKI1ciYZEBCJ4TTbk=',NULL,0,'1329','Quang','Nguyễn Phương','1329@vnu.edu.vn',0,1,'2018-12-10 11:03:59.103653',NULL,'',NULL,NULL,NULL,6,NULL,NULL),(4938,'pbkdf2_sha256$120000$rnPL4XU2LdzO$1l5s6Dtt/s8Pcin71UO72hRtpbwTDRrvYS1rmK5y6hM=',NULL,0,'1330','Thạch','Lê Văn','1330@vnu.edu.vn',0,1,'2018-12-10 11:03:59.416507',NULL,'',NULL,NULL,NULL,6,NULL,NULL),(4939,'pbkdf2_sha256$120000$W3Fb2sbP1a0D$5F2jAVmo+ZAdfUYcnG5mb+g9nPmlqMgGKUyF6AzY4H8=',NULL,0,'1331','Hạnh','Trần Thị','1331@vnu.edu.vn',0,1,'2018-12-10 11:03:59.771995',NULL,'',NULL,NULL,NULL,6,NULL,NULL),(4940,'pbkdf2_sha256$120000$VlP8I3MRm5di$rteE9WfSDTZogLGp+43TZEVM+dGB5yQuCO2xCu/ehOs=',NULL,0,'1332','Nam','Nguyễn Hoàng','1332@vnu.edu.vn',0,1,'2018-12-10 11:04:00.090578',NULL,'',NULL,NULL,NULL,6,NULL,NULL),(4941,'pbkdf2_sha256$120000$PPv8sLLE3bVP$GNAvLKWy4uVvltp8SDEsxqXxIXuQ1ofZ6Obhpuu2cl8=',NULL,0,'1333','Phước','Nguyễn Ngọc','1333@vnu.edu.vn',0,1,'2018-12-10 11:04:00.427351',NULL,'',NULL,NULL,NULL,6,NULL,NULL),(4942,'pbkdf2_sha256$120000$PYJHtPNP88PQ$Hk0Seev+sxC2nnOpd6rBWORTubD7XHv+ef/nIDEQKR0=',NULL,0,'1334','Thuận','Nguyễn Thanh','1334@vnu.edu.vn',0,1,'2018-12-10 11:04:00.802228',NULL,'',NULL,NULL,NULL,6,NULL,NULL),(4943,'pbkdf2_sha256$120000$jmeKBTV3Jeoq$6aeZOkrOIn+zVTm/msLua1zvDWOzhHKyo7Z9rZIMk0U=',NULL,0,'1335','Tuấn','Lương Anh','1335@vnu.edu.vn',0,1,'2018-12-10 11:04:01.120465',NULL,'',NULL,NULL,NULL,6,NULL,NULL),(4944,'pbkdf2_sha256$120000$Ot6NIqufe0vy$dkEclhxt6qdpxJzr7byiQraHxE0ZpCvpbaSpGn4KhGU=',NULL,0,'1336','Cường','Nguyễn Hào','1336@vnu.edu.vn',0,1,'2018-12-10 11:04:01.665273',NULL,'',NULL,NULL,NULL,6,NULL,NULL),(4945,'pbkdf2_sha256$120000$N0ztrwgyKqrg$3t1QEyR67pe4fk583bK0HaWTTTsECQ5b4aEhj7pkho0=',NULL,0,'1337','Công','Nguyễn Thành','1337@vnu.edu.vn',0,1,'2018-12-10 11:04:01.987937',NULL,'',NULL,NULL,NULL,6,NULL,NULL),(4946,'pbkdf2_sha256$120000$33kzR7Uc0DqX$G/4FhW/fA9IEqxDkJCMZ6pgzCDVDj17pfKfHREGApNg=',NULL,0,'1338','Sáu','Lê Văn','1338@vnu.edu.vn',0,1,'2018-12-10 11:04:02.312160',NULL,'',NULL,NULL,NULL,6,NULL,NULL),(4947,'pbkdf2_sha256$120000$q1Oyv9wl2DeL$0297u/aTTjnjjm9Od6nelJ12SDI7kVtKOplSL8b0a0I=',NULL,0,'1339','Bồng','Nguyễn Ngọc','1339@vnu.edu.vn',0,1,'2018-12-10 11:04:02.662176',NULL,'',NULL,NULL,NULL,6,NULL,NULL),(4948,'pbkdf2_sha256$120000$hAhwIh6KbHE5$zDjVb7sav8I83k49WBbeta5LEQnFoVGoBhrxAgMRys8=',NULL,0,'1340','Phước','Nguyễn Lê','1340@vnu.edu.vn',0,1,'2018-12-10 11:04:02.973667',NULL,'',NULL,NULL,NULL,6,NULL,NULL),(4949,'pbkdf2_sha256$120000$hQAQti72o0tb$oNzkMNSr41EWRM7rBpaIEaQRXh3xCjZPyBvou0zJKAs=',NULL,0,'1341','Trí','Đỗ Khắc','1341@vnu.edu.vn',0,1,'2018-12-10 11:04:03.389330',NULL,'',NULL,NULL,NULL,6,NULL,NULL),(4950,'pbkdf2_sha256$120000$8s5nFdFpM4sR$ZJuUjkM7OUIm65FvcJld9it9Lss6Kb1Kk/FCYE1ECfI=',NULL,0,'1342','Nhật','Vũ Minh','1342@vnu.edu.vn',0,1,'2018-12-10 11:04:03.759615',NULL,'',NULL,NULL,NULL,6,NULL,NULL),(4951,'pbkdf2_sha256$120000$ZHeF4hN4Jrfa$0ECmUdeVn36MokiQByjm4honyMkTJKM7pcd43/vIHZ4=',NULL,0,'1343','Phúc','Võ Văn','1343@vnu.edu.vn',0,1,'2018-12-10 11:04:04.080993',NULL,'',NULL,NULL,NULL,6,NULL,NULL),(4952,'pbkdf2_sha256$120000$yVdCZPLJVx7H$uI9rrGzAijry84zy5vjKuGMWT2FIbZ5xDT1f4/10Ovs=',NULL,0,'1344','Sang','Nguyễn Văn','1344@vnu.edu.vn',0,1,'2018-12-10 11:04:04.410344',NULL,'',NULL,NULL,NULL,6,NULL,NULL),(4953,'pbkdf2_sha256$120000$rgpG4X6oZinS$h3iYgk6cLdbChA0HaPgOxHYdPOf7oPLyirXUDdUlbjE=',NULL,0,'1345','Nam','Lê Hoài','1345@vnu.edu.vn',0,1,'2018-12-10 11:04:04.807694',NULL,'',NULL,NULL,NULL,6,NULL,NULL),(4954,'pbkdf2_sha256$120000$Jabbmg3msFGo$mo0C9UpKVf4S7Aiu2hW2WW7cCFXpCiDgQ7RoJmIirI8=',NULL,0,'1346','Trường','Nguyễn Ngọc','1346@vnu.edu.vn',0,1,'2018-12-10 11:04:05.376062',NULL,'',NULL,NULL,NULL,6,NULL,NULL),(4955,'pbkdf2_sha256$120000$JAsP8NXMw5aq$v0MFFP96gMPzeRNQgUfX3hkqwtSrZTbLpYWX3SlnhK0=',NULL,0,'1347','Trung','Nguyễn Thành','1347@vnu.edu.vn',0,1,'2018-12-10 11:04:05.758699',NULL,'',NULL,NULL,NULL,6,NULL,NULL),(4956,'pbkdf2_sha256$120000$Sj1unepJpp4U$86UlQBmdaRgyanziySQT210wGCGInyaXwI6RybWFJQw=',NULL,0,'1348','Khiển','Phạm Văn','1348@vnu.edu.vn',0,1,'2018-12-10 11:04:06.064284',NULL,'',NULL,NULL,NULL,6,NULL,NULL),(4957,'pbkdf2_sha256$120000$nqaCkUcnEgI6$datrid7YtxBuuWGSN/ZB3uLkSIDbvzl+j5bX78R1WCM=',NULL,0,'1349','Trí','Huỳnh Minh','1349@vnu.edu.vn',0,1,'2018-12-10 11:04:06.370045',NULL,'',NULL,NULL,NULL,6,NULL,NULL),(4958,'pbkdf2_sha256$120000$Y9nJfn0uVQ7a$CFezodXPX1cFUUXxxP/1NqHIHgTWhhWTAaZosfXfr3A=',NULL,0,'1350','Nhân','Lê Hồng Hải','1350@vnu.edu.vn',0,1,'2018-12-10 11:04:06.689966',NULL,'',NULL,NULL,NULL,6,NULL,NULL),(4959,'pbkdf2_sha256$120000$eZ5eM9R2TQfN$mQ7yPlryvPnLwbtk0AO8G9tykgB5mzE+eVMpxOcGVwQ=',NULL,0,'1351','Anh','Nguyễn Ngọc','1351@vnu.edu.vn',0,1,'2018-12-10 11:04:07.035531',NULL,'',NULL,NULL,NULL,6,NULL,NULL),(4960,'pbkdf2_sha256$120000$ZmFVD0q01o31$Jd0tMnrkzxrDo+cT/n9cjCrAc5UxoulUWYI7gsPBA24=',NULL,0,'1352','Tiến','Đoàn Minh','1352@vnu.edu.vn',0,1,'2018-12-10 11:04:07.327641',NULL,'',NULL,NULL,NULL,6,NULL,NULL),(4961,'pbkdf2_sha256$120000$xLfGArFnbftH$GUQ06QidaGwYOYPqTmDoENy1mrturwEE7htKX4NoI3g=',NULL,0,'1353','Minh','Nguyễn Khắc','1353@vnu.edu.vn',0,1,'2018-12-10 11:04:07.666696',NULL,'',NULL,NULL,NULL,6,NULL,NULL),(4962,'pbkdf2_sha256$120000$nMoMJKPiSQDb$xpfGw7c7wLfjIMHq1/tKsugF7X2B+BAcKBOztTaH9Nc=',NULL,0,'1354','Bình','Phạm Thanh','1354@vnu.edu.vn',0,1,'2018-12-10 11:04:08.003512',NULL,'',NULL,NULL,NULL,6,NULL,NULL),(4963,'pbkdf2_sha256$120000$eh0YmZqV9afu$+AwCXDrTOl9RsGBvjVt17ibxz3sS4i0uI8clOPvFCqQ=',NULL,0,'1355','Hương','Nguyễn Thị Thanh','1355@vnu.edu.vn',0,1,'2018-12-10 11:04:08.347009',NULL,'',NULL,NULL,NULL,6,NULL,NULL),(4964,'pbkdf2_sha256$120000$mnw9a08C2Pc5$HEsZ902QblgobHAr/6US1xLZaPqDTVGZ+xqcYfg24ag=',NULL,0,'1356','Lịnh','Phạm Ngọc','1356@vnu.edu.vn',0,1,'2018-12-10 11:04:08.716551',NULL,'',NULL,NULL,NULL,6,NULL,NULL),(4965,'pbkdf2_sha256$120000$nUeKX5Ez9Swr$HrJ7pogF+g6GIIwCutt0qwaa3QRpVB7g/QUjSOuU3Wo=',NULL,0,'1357','Thiên','Thạch Thanh','1357@vnu.edu.vn',0,1,'2018-12-10 11:04:09.070705',NULL,'',NULL,NULL,NULL,6,NULL,NULL),(4966,'pbkdf2_sha256$120000$6Yen5Hh2sqAx$AzOD893TFmmGJyjSIjHEAp7GxHXvDX/++CIZaCsm4Og=',NULL,0,'1358','Cường','Hoàng Việt','1358@vnu.edu.vn',0,1,'2018-12-10 11:04:09.441143',NULL,'',NULL,NULL,NULL,6,NULL,NULL),(4967,'pbkdf2_sha256$120000$L4mwJ0Zd0Bxu$vlellOtOApqtXs23VwoOt39iKAGERyp2vPM7738zge0=',NULL,0,'1359','Khánh','Võ Quốc','1359@vnu.edu.vn',0,1,'2018-12-10 11:04:09.844601',NULL,'',NULL,NULL,NULL,6,NULL,NULL),(4968,'pbkdf2_sha256$120000$WTTrTYbUlr2U$IeJfk7R0hexLZk9cdmkTQbIy78wO9iwoenXbu4f7H6k=',NULL,0,'1360','Thống','Phạm Hoàng','1360@vnu.edu.vn',0,1,'2018-12-10 11:04:10.418949',NULL,'',NULL,NULL,NULL,6,NULL,NULL),(4969,'pbkdf2_sha256$120000$uJYjCAqtt2ak$zHN0hDQK0St0VgymYVTDH/wGnqG9VKqIDZGPwgpWgo8=',NULL,0,'1361','Lâm','Phan Đình','1361@vnu.edu.vn',0,1,'2018-12-10 11:04:10.789653',NULL,'',NULL,NULL,NULL,6,NULL,NULL),(4970,'pbkdf2_sha256$120000$0IQ2HgbpGhep$s2glm+34XfQGgtTDd3efdQG50YIadqYvqLDqiJT3qYQ=',NULL,0,'1362','Minh','Bùi Đức','1362@vnu.edu.vn',0,1,'2018-12-10 11:04:11.212814',NULL,'',NULL,NULL,NULL,6,NULL,NULL),(4971,'pbkdf2_sha256$120000$UGA0rmWhtJEc$mNnT+ggdtw02D91BT8Vhx+M/p4BRAdugWiHz4Rx/eA8=',NULL,0,'1363','Thọ','Nguyễn Bửu','1363@vnu.edu.vn',0,1,'2018-12-10 11:04:11.551096',NULL,'',NULL,NULL,NULL,6,NULL,NULL),(4972,'pbkdf2_sha256$120000$1c4aBaK6b9jK$kId9HddNPwzvDjM5MhB2JLjFNhs1apG+EV4CE24pI64=',NULL,0,'1364','Mạnh','Nguyễn Hùng','1364@vnu.edu.vn',0,1,'2018-12-10 11:04:11.891244',NULL,'',NULL,NULL,NULL,6,NULL,NULL),(4973,'pbkdf2_sha256$120000$x38eI7dz3Ol6$1rD6QQVz9HgcA5uM8a6YEemAwFsmz6Y1Njk6nPDgc9c=',NULL,0,'1365','Vinh','Vương Thành','1365@vnu.edu.vn',0,1,'2018-12-10 11:04:12.198680',NULL,'',NULL,NULL,NULL,6,NULL,NULL),(4974,'pbkdf2_sha256$120000$SHWTZfiQVuPn$O7cUQsr6/YceKDtLHe1LLsrsFI9POvh8/obAaddjg4g=',NULL,0,'1366','Dũng','Đỗ Văn','1366@vnu.edu.vn',0,1,'2018-12-10 11:04:12.538266',NULL,'',NULL,NULL,NULL,6,NULL,NULL),(4975,'pbkdf2_sha256$120000$jHBkBTgN4HL1$HPXDdwi7z5O4SXO7aUr6gkq8Y8MtGEl4qLvLtC1BHk0=',NULL,0,'1367','Khoa','Trần Anh','1367@vnu.edu.vn',0,1,'2018-12-10 11:04:12.846045',NULL,'',NULL,NULL,NULL,6,NULL,NULL),(4976,'pbkdf2_sha256$120000$YmXA4J1VmJ9M$RFYrTQUqZg/KPEoXQ4lPrMczecgDBIiM65RFqCWWRAg=',NULL,0,'1368','mới','Thành viên','1368@vnu.edu.vn',0,1,'2018-12-10 11:04:13.253371',NULL,'',NULL,NULL,NULL,6,NULL,NULL),(4977,'pbkdf2_sha256$120000$NLDo27ChzSll$2ga49piJt+c5o73RVBFdql+tTiNoAL/6Sb0KFlMPNCg=',NULL,0,'1369','mới','Thành viên','1369@vnu.edu.vn',0,1,'2018-12-10 11:04:13.572207',NULL,'',NULL,NULL,NULL,6,NULL,NULL),(4978,'pbkdf2_sha256$120000$yupVtqFQk7Jg$1JwgjQ7oZaLqg1dueCDMpLylK4w6Icd3oeQSRzRFOnc=',NULL,0,'1370','Hà','Ninh Viết','1370@vnu.edu.vn',0,1,'2018-12-10 11:04:13.915297',NULL,'',NULL,NULL,NULL,6,NULL,NULL),(4979,'pbkdf2_sha256$120000$uL4X94CknLd7$+BWHav8+m29uTlKA5/Ib/GyzevRDDXOdL77Ft+vQBa0=',NULL,0,'1371','Tín','Trần Hồ Trung','1371@vnu.edu.vn',0,1,'2018-12-10 11:04:14.277804',NULL,'',NULL,NULL,NULL,6,NULL,NULL),(4980,'pbkdf2_sha256$120000$xPR3mcjvHjWH$5hSUUby5fTZ6PT5zN4wZhW3MSbHeySSk65YWNmZWYxo=',NULL,0,'1372','Cầu','Trần Đình','1372@vnu.edu.vn',0,1,'2018-12-10 11:04:14.632898',NULL,'',NULL,NULL,NULL,6,NULL,NULL),(4981,'pbkdf2_sha256$120000$GahHN45PhA4E$ntWircqE6dcZ/ssJIBIk6R+y7iyhqQhCwy03GAG87Rs=',NULL,0,'1373','Toàn','Nguyễn Đức','1373@vnu.edu.vn',0,1,'2018-12-10 11:04:14.985731',NULL,'',NULL,NULL,NULL,6,NULL,NULL),(4982,'pbkdf2_sha256$120000$g0LncLLWiuul$5THwEyUwicU3xOva/86TL6+milbgbp80L0uuJTvtpiI=',NULL,0,'1374','Minh','Nguyễn Lê','1374@vnu.edu.vn',0,1,'2018-12-10 11:04:15.313669',NULL,'',NULL,NULL,NULL,6,NULL,NULL),(4983,'pbkdf2_sha256$120000$jTLitiYtMhuI$ykYUfynWQxfO8t9XjTMStp2nzaNAIzXfhNhNtwCTGnk=',NULL,0,'1375','Tấn','Hoàng Ngọc','1375@vnu.edu.vn',0,1,'2018-12-10 11:04:15.693124',NULL,'',NULL,NULL,NULL,6,NULL,NULL),(4984,'pbkdf2_sha256$120000$PQHKOLrwghZ1$DugP04Zo2CuhHECSNcXCG1aEtsuJDTLaSk6w+FYkurc=',NULL,0,'1376','Ái','Trần Nguyễn Vương','1376@vnu.edu.vn',0,1,'2018-12-10 11:04:16.027609',NULL,'',NULL,NULL,NULL,6,NULL,NULL),(4985,'pbkdf2_sha256$120000$KFMh1Q0kenPC$QuFLL2IScdb9WKJVaEtMDW65bgZ4J9r3uJibczCrcII=',NULL,0,'1377','Huân','Mai Văn','1377@vnu.edu.vn',0,1,'2018-12-10 11:04:16.351001',NULL,'',NULL,NULL,NULL,6,NULL,NULL),(4986,'pbkdf2_sha256$120000$13EvO9FczMcO$IfEtZ62FZiqY0WaEQsVwwBbMM83Wvye3Z4oItiqMU30=',NULL,0,'1378','Duy','Nguyễn Ngọc Quỳnh','1378@vnu.edu.vn',0,1,'2018-12-10 11:04:16.696800',NULL,'',NULL,NULL,NULL,6,NULL,NULL),(4987,'pbkdf2_sha256$120000$p41ldoHGL2qV$zZd+SdpJB6kYS3ARrty0+KM4MjUMjK/JyzGYo4MpuIo=',NULL,0,'1379','Thanh','Nguyễn Hoài','1379@vnu.edu.vn',0,1,'2018-12-10 11:04:17.151674',NULL,'',NULL,NULL,NULL,6,NULL,NULL),(4988,'pbkdf2_sha256$120000$TIAdKwzy1K88$MyvYq8Cl/y9rh6FORP9a2Di4TSiulfoBn0PUJwHCAsg=',NULL,0,'1380','Phát','Nguyễn Minh','1380@vnu.edu.vn',0,1,'2018-12-10 11:04:17.483029',NULL,'',NULL,NULL,NULL,6,NULL,NULL),(4989,'pbkdf2_sha256$120000$Bn4drHb4XA3F$G59GWXpwS9A3RxjCpXv0WC+YK1hQly19gPZxM2LBO00=',NULL,0,'1381','Sang','Nguyễn Tuấn','1381@vnu.edu.vn',0,1,'2018-12-10 11:04:17.801671',NULL,'',NULL,NULL,NULL,6,NULL,NULL),(4990,'pbkdf2_sha256$120000$pcQFsuxyKUGG$RtJg43rKMjN6eC1HZTQMhbMO66QDmYHn2FS1LEOT5xY=',NULL,0,'1382','Hưng','Đỗ Bá','1382@vnu.edu.vn',0,1,'2018-12-10 11:04:18.136611',NULL,'',NULL,NULL,NULL,6,NULL,NULL),(4991,'pbkdf2_sha256$120000$ky3hMOYaDHTB$+7nWbdspcWm+tfc2tOIsOZLYViwT6MJTSBeliReASHk=',NULL,0,'1383','Hương','Đặng Văn Xuân','1383@vnu.edu.vn',0,1,'2018-12-10 11:04:18.513351',NULL,'',NULL,NULL,NULL,6,NULL,NULL),(4992,'pbkdf2_sha256$120000$TY3JfAuCBsbl$PzEgIkCoLSow7R7AtElkrfsA2UXLGaOR1ZVvYmjPFFs=',NULL,0,'1384','Vinh','Nguyễn Hồng','1384@vnu.edu.vn',0,1,'2018-12-10 11:04:18.877038',NULL,'',NULL,NULL,NULL,6,NULL,NULL),(4993,'pbkdf2_sha256$120000$6UkiYxncp89w$IAP0peFuFMroBTeZBaxS4fIoVeImi7bbR0c3MOGga60=',NULL,0,'1385','Nhiều','Nguyễn Văn','1385@vnu.edu.vn',0,1,'2018-12-10 11:04:19.200291',NULL,'',NULL,NULL,NULL,6,NULL,NULL),(4994,'pbkdf2_sha256$120000$PhFempwUq4vQ$GDxTqk0Vgl88j3LHxIzcrkFshxs5GuizbCzaYjYy27w=',NULL,0,'1386','Phương','Nguyễn Bình','1386@vnu.edu.vn',0,1,'2018-12-10 11:04:19.560876',NULL,'',NULL,NULL,NULL,6,NULL,NULL),(4995,'pbkdf2_sha256$120000$ku08WKyzelys$MVnLJpfIrypwdZItSUNPBEAzrfAjJbe6jW2prP2v4Rk=',NULL,0,'1387','Trâm','Trương Thị Phương','1387@vnu.edu.vn',0,1,'2018-12-10 11:04:19.940709',NULL,'',NULL,NULL,NULL,6,NULL,NULL),(4996,'pbkdf2_sha256$120000$U4jQCs4UlL8B$GmjgOWSHWihQipbeCpuSAXdugHFaYjYgUqQ1+WOVBq0=',NULL,0,'1388','Tâm','Phạm Minh','1388@vnu.edu.vn',0,1,'2018-12-10 11:04:20.298037',NULL,'',NULL,NULL,NULL,6,NULL,NULL),(4997,'pbkdf2_sha256$120000$5wb1c0YGYGTb$5+G7pA+sNLh2ROlm4cnP+Q7h6wJpWKyap2LlnQubCX4=',NULL,0,'1389','Anh','Lê Đức','1389@vnu.edu.vn',0,1,'2018-12-10 11:04:20.797722',NULL,'',NULL,NULL,NULL,6,NULL,NULL),(4998,'pbkdf2_sha256$120000$c8kwpFAxwg0t$lZiCBhAPLxrY+HzthbVUVwDCKbvE6cLECsIm5seIVLo=',NULL,0,'1390','Thế','Nguyễn Hữu','1390@vnu.edu.vn',0,1,'2018-12-10 11:04:21.148896',NULL,'',NULL,NULL,NULL,6,NULL,NULL),(4999,'pbkdf2_sha256$120000$xtDvsV7isMVi$Q9PFjQkWzAyUusM3xuyPeoubCTgJg5bDNUtALxnM230=',NULL,0,'1391','Trung','Nguyễn Bảo','1391@vnu.edu.vn',0,1,'2018-12-10 11:04:21.516802',NULL,'',NULL,NULL,NULL,6,NULL,NULL),(5000,'pbkdf2_sha256$120000$QvWTMqKAxmZs$iNpTAvFlPiYGS+iF3T5pLiWpbbTRDtLMBm95YZfKVqc=',NULL,0,'1392','Vũ','Huỳnh Nhật','1392@vnu.edu.vn',0,1,'2018-12-10 11:04:21.923110',NULL,'',NULL,NULL,NULL,6,NULL,NULL),(5001,'pbkdf2_sha256$120000$BI9HQV3vLv6o$ddR1pYuQxAbTt7YvhitL6NiEhWfJSSxagyg8ugwoqGk=',NULL,0,'1393','Dung','Đoàn Thị Thanh','1393@vnu.edu.vn',0,1,'2018-12-10 11:04:22.255388',NULL,'',NULL,NULL,NULL,6,NULL,NULL),(5002,'pbkdf2_sha256$120000$iIANUIGALLa2$MRoLlzdRDJIIh4s8OtpJefMvMFrJca4ZWEPhwAlmcb0=',NULL,0,'1394','Tuấn','Đinh Như','1394@vnu.edu.vn',0,1,'2018-12-10 11:04:22.632607',NULL,'',NULL,NULL,NULL,6,NULL,NULL),(5003,'pbkdf2_sha256$120000$uK0Z6316y8ye$/z/mqwMEdYRH7mHxPRAuLr+d8DiMHQCKIyxBIT4vLEg=',NULL,0,'1395','Chinh','Trần Hữu','1395@vnu.edu.vn',0,1,'2018-12-10 11:04:22.953767',NULL,'',NULL,NULL,NULL,6,NULL,NULL),(5004,'pbkdf2_sha256$120000$TyYGH0ljzRnf$WStq7eQMxvIrj0F6xCRA6MoPrgllK1/xuBDgly7JoBg=',NULL,0,'1396','Cầu','Trần Đình','1396@vnu.edu.vn',0,1,'2018-12-10 11:04:23.269142',NULL,'',NULL,NULL,NULL,6,NULL,NULL),(5005,'pbkdf2_sha256$120000$Atd133EbFw6Q$f3djQIxmkfKPnNdwKE47qVpqLeECmaNNtZ4g1ESZXVU=',NULL,0,'1397','Lữ','Trịnh Thế','1397@vnu.edu.vn',0,1,'2018-12-10 11:04:23.633119',NULL,'',NULL,NULL,NULL,6,NULL,NULL),(5006,'pbkdf2_sha256$120000$3xBUqBJ9yVqE$l6AELdyW22u4uCs3kZHlWiJf+mR9dZEoUN80rgpHDhQ=',NULL,0,'1398','Thắng','Nguyễn Thế','1398@vnu.edu.vn',0,1,'2018-12-10 11:04:24.024092',NULL,'',NULL,NULL,NULL,6,NULL,NULL),(5007,'pbkdf2_sha256$120000$TYEShPM7i1Pq$5ua7uVI1BLVLXAw/KxHTYKU/ap14fVUHq1zz2pL4a7A=',NULL,0,'1399','Duyên','Nguyễn Thị','1399@vnu.edu.vn',0,1,'2018-12-10 11:04:24.334669',NULL,'',NULL,NULL,NULL,6,NULL,NULL),(5008,'pbkdf2_sha256$120000$pTMEdG7PxcCY$KZRi086W0qHEFwegpDB+N2gYlAO1KWQALp8c0M8Bz3Y=',NULL,0,'1400','Duyệt','Nguyễn Thế','1400@vnu.edu.vn',0,1,'2018-12-10 11:04:24.663654',NULL,'',NULL,NULL,NULL,6,NULL,NULL),(5009,'pbkdf2_sha256$120000$eA00LV1lBzQK$Boob2+ezWUEAVRfHGE4+TM6Zi3GJgATA08lIKAzdk4I=',NULL,0,'1401','Khánh','Nguyễn Nhựt','1401@vnu.edu.vn',0,1,'2018-12-10 11:04:25.007349',NULL,'',NULL,NULL,NULL,6,NULL,NULL),(5010,'pbkdf2_sha256$120000$4BamhruPi5Uf$8FZ6V5yhL4OggRT7GfTrzHaw22Q7B4x0bne1EginFaE=',NULL,0,'1402','Hào','Trịnh Thế','1402@vnu.edu.vn',0,1,'2018-12-10 11:04:25.348508',NULL,'',NULL,NULL,NULL,6,NULL,NULL),(5011,'pbkdf2_sha256$120000$1TPFg7JY5sdX$uxedhjN+F404l5JhR7gnV5OKlcyAN34yXVEWDo3tXHg=',NULL,0,'1403','Kha','Đỗ Nhật','1403@vnu.edu.vn',0,1,'2018-12-10 11:04:25.662390',NULL,'',NULL,NULL,NULL,6,NULL,NULL),(5012,'pbkdf2_sha256$120000$UcJKX0Zy4A6C$8x8WFDguvDoNPMDJx9VwwIEPiDAIv5oQoJK15zF8Y6A=',NULL,0,'1404','Đan','Lê Sỹ','1404@vnu.edu.vn',0,1,'2018-12-10 11:04:26.007202',NULL,'',NULL,NULL,NULL,6,NULL,NULL),(5013,'pbkdf2_sha256$120000$G7gwf8G4krnv$dLQpry6r4KfaDdNfVJnga73xr4x24vqyZF8TuTr2d04=',NULL,0,'1405','Long','Nguyễn Văn','1405@vnu.edu.vn',0,1,'2018-12-10 11:04:26.435166',NULL,'',NULL,NULL,NULL,6,NULL,NULL),(5014,'pbkdf2_sha256$120000$OhrhqxZWHFx4$qpzc1B+n2l7YAanVF+rIOEajRkyzqOOikhnI8D+bRO8=',NULL,0,'1406','Mỹ','Trần Châu Toàn','1406@vnu.edu.vn',0,1,'2018-12-10 11:04:26.821828',NULL,'',NULL,NULL,NULL,6,NULL,NULL),(5015,'pbkdf2_sha256$120000$vGIfseCOPmT6$QxXQYerbd8fDUTPiFtyD9E8iMEX8eJxYLZO+Lsgtpik=',NULL,0,'1407','Thuận','Nguyễn Quốc','1407@vnu.edu.vn',0,1,'2018-12-10 11:04:27.185095',NULL,'',NULL,NULL,NULL,6,NULL,NULL),(5016,'pbkdf2_sha256$120000$EqNm4GjdVnrp$M9ZU9Lm3P09bWdHZw+ZmE5HtTJyporqGcg7OItqlEKs=',NULL,0,'1408','Nhật','Nguyễn Đình Minh','1408@vnu.edu.vn',0,1,'2018-12-10 11:04:27.516750',NULL,'',NULL,NULL,NULL,6,NULL,NULL),(5017,'pbkdf2_sha256$120000$UihMlxqKrWsx$TSY0qBUTqEXl/3uP4wEVvvo6Q2Oh/zJItCmex55nLCw=',NULL,0,'1409','Chung','Lê Thị Kim','1409@vnu.edu.vn',0,1,'2018-12-10 11:04:27.814802',NULL,'',NULL,NULL,NULL,6,NULL,NULL),(5018,'pbkdf2_sha256$120000$4nxzUSKe8YFw$MIPCvvS85KTKfT75TuUMhIk9tVIOpaBeSgkWoNF61FI=',NULL,0,'1410','Linh','Voõ Chuùc','1410@vnu.edu.vn',0,1,'2018-12-10 11:04:28.121148',NULL,'',NULL,NULL,NULL,6,NULL,NULL),(5019,'pbkdf2_sha256$120000$55P4bY7hVs3W$OG3f38tRit32U7NGeJeSzOBU4dDY1BehWlg7K4XHnLw=',NULL,0,'1411','Thương','Bùi Linh','1411@vnu.edu.vn',0,1,'2018-12-10 11:04:28.441669',NULL,'',NULL,NULL,NULL,6,NULL,NULL),(5020,'pbkdf2_sha256$120000$TGoSnEkbJEMq$d7nYvhtZatzqhdgYwbN+xXt896Rvsdfb7frnJjdjArU=',NULL,0,'1412','Giaøu','Tröông Ngoïc','1412@vnu.edu.vn',0,1,'2018-12-10 11:04:28.902793',NULL,'',NULL,NULL,NULL,6,NULL,NULL),(5021,'pbkdf2_sha256$120000$VExOwIrQEW1n$r1ha5mAK4K+VovT31SLm9KyEU8iFFhZO0LWhhhSY2uA=',NULL,0,'1413','Bảo','Phạm Thế','1413@vnu.edu.vn',0,1,'2018-12-10 11:04:29.247878',NULL,'',NULL,NULL,NULL,6,NULL,NULL),(5022,'pbkdf2_sha256$120000$D00bsCOmCrL2$ayVqgY3WjdlBlQnrn46YWl14HtWK/cO2QpJtWF8fFjs=',NULL,0,'1414','Vương','Đỗ Văn','1414@vnu.edu.vn',0,1,'2018-12-10 11:04:29.641390',NULL,'',NULL,NULL,NULL,6,NULL,NULL),(5023,'pbkdf2_sha256$120000$PFq9UfvUM8ER$H9+PIzyh3IEMRY4wAHqLTSO5QxLqio47TjCzGdFdojk=',NULL,0,'1415','Minh','Trịnh Anh','1415@vnu.edu.vn',0,1,'2018-12-10 11:04:30.040066',NULL,'',NULL,NULL,NULL,6,NULL,NULL),(5024,'pbkdf2_sha256$120000$F3DFz0Xs4D5g$BAloTjkvmrjNF7iamBrl9oD+luJoRF1MdIyvBngefus=',NULL,0,'1416','Vấn','Hoàng Thị','1416@vnu.edu.vn',0,1,'2018-12-10 11:04:30.378402',NULL,'',NULL,NULL,NULL,6,NULL,NULL),(5025,'pbkdf2_sha256$120000$4t9zwFBDiGuw$aX7GwK0/UXc+mP+9wyrSfFdDwm8eRwf7q8ds8lNd0n8=',NULL,0,'1417','Phú','Hoàng Bảo','1417@vnu.edu.vn',0,1,'2018-12-10 11:04:30.705302',NULL,'',NULL,NULL,NULL,6,NULL,NULL),(5026,'pbkdf2_sha256$120000$EJ9oCWViz16f$P93hW2Fldi4mZt0VUVIfJKQ3sxYHHaxn78UYrK2HsiM=',NULL,0,'1418','Ly','Phạm Thị Bích','1418@vnu.edu.vn',0,1,'2018-12-10 11:04:31.080082',NULL,'',NULL,NULL,NULL,6,NULL,NULL),(5027,'pbkdf2_sha256$120000$7HzzlfSQ1MgN$8EkXauCOXHmHqIMY+C3GsOJ9Il7xRqQpt8QtauK8sA0=',NULL,0,'1419','Tuấn','Nguyễn Thành','1419@vnu.edu.vn',0,1,'2018-12-10 11:04:31.420270',NULL,'',NULL,NULL,NULL,6,NULL,NULL),(5028,'pbkdf2_sha256$120000$iD3RvGuj54aL$A0GP8vZOdn+sDy1rlkDf4Ha+hRIjgY0bk7vxLcNV5Lk=',NULL,0,'1420','Phước','Nguyễn Kiến','1420@vnu.edu.vn',0,1,'2018-12-10 11:04:31.725560',NULL,'',NULL,NULL,NULL,6,NULL,NULL),(5029,'pbkdf2_sha256$120000$hArZFl9yv3d2$D49v8Aydr8I/FNj/3Ofkpsd9GWCWEWfYtC3VAeqPbOk=',NULL,0,'1421','Hiền','Nguyễn Thanh','1421@vnu.edu.vn',0,1,'2018-12-10 11:04:32.071718',NULL,'',NULL,NULL,NULL,6,NULL,NULL),(5030,'pbkdf2_sha256$120000$IpybaH8oaxm1$S7lCWEXh9Rl8yih0oBiJr0AMZBiWNymM09V6z+kGbKQ=',NULL,0,'1422','Thắng','Đỗ Chiến','1422@vnu.edu.vn',0,1,'2018-12-10 11:04:32.427071',NULL,'',NULL,NULL,NULL,6,NULL,NULL),(5031,'pbkdf2_sha256$120000$7CYEyRgrsoqc$T77HNC1GxUyVF2uY1cf/wYlssQhlSF8BF2QY1Ssl/OM=',NULL,0,'1423','Huy','Phạm Xuân','1423@vnu.edu.vn',0,1,'2018-12-10 11:04:32.765900',NULL,'',NULL,NULL,NULL,6,NULL,NULL),(5032,'pbkdf2_sha256$120000$tmhdWu8MqJb7$lVUKnQ44sBp+QXFPO7s5es8rz/Izr50Cb8z4qp3dJmA=',NULL,0,'1424','Thuỳ','Đặng Thị Bích','1424@vnu.edu.vn',0,1,'2018-12-10 11:04:33.104327',NULL,'',NULL,NULL,NULL,6,NULL,NULL),(5033,'pbkdf2_sha256$120000$7BQVjtuflp4Q$/K6n1EYBELeJTzCSCK1SPCX/Z1aJ2lUVvnkurFGZ2G8=',NULL,0,'1425','Giaøu','Tröông Ngoïc','1425@vnu.edu.vn',0,1,'2018-12-10 11:04:33.396799',NULL,'',NULL,NULL,NULL,6,NULL,NULL),(5034,'pbkdf2_sha256$120000$KIMP1oDnZQSR$5jU6Uh++ZiF33DBXBIIBLEHu60f48cgiJ6wpbUTp/RQ=',NULL,0,'1426','Duy','Nguyễn Thế','1426@vnu.edu.vn',0,1,'2018-12-10 11:04:33.746775',NULL,'',NULL,NULL,NULL,6,NULL,NULL),(5035,'pbkdf2_sha256$120000$kAhukLDFtQ2k$EiQv54hHmyzdGAP9U3djIP78BMdSVS3vPpt5N5NFAAo=',NULL,0,'1427','Tân','Nguyễn Minh','1427@vnu.edu.vn',0,1,'2018-12-10 11:04:34.062870',NULL,'',NULL,NULL,NULL,6,NULL,NULL),(5036,'pbkdf2_sha256$120000$sktbxCnYXMBp$vGEWi8s4IoDm1SdzQ+42DmsvHXQPw5jG3tYF+gc8R24=',NULL,0,'1428','Huy','Tôn Thất','1428@vnu.edu.vn',0,1,'2018-12-10 11:04:34.535775',NULL,'',NULL,NULL,NULL,6,NULL,NULL),(5037,'pbkdf2_sha256$120000$FTZcwh9sIrp4$6guZmH3SmA59UOhfNdw6Xcjn2qmgLOHZw+t7Qu+ZHtM=',NULL,0,'1429','Tưởng','Tạ Văn','1429@vnu.edu.vn',0,1,'2018-12-10 11:04:34.888132',NULL,'',NULL,NULL,NULL,6,NULL,NULL),(5038,'pbkdf2_sha256$120000$0CzQG99lNRxG$UzNskr3d0pVaKwKT9lPlfZp6iONlkqXZk04tAH+J0Uo=',NULL,0,'1430','Phúc','Nguyễn Thành','1430@vnu.edu.vn',0,1,'2018-12-10 11:04:35.240175',NULL,'',NULL,NULL,NULL,6,NULL,NULL),(5039,'pbkdf2_sha256$120000$rWoYyTpJPToR$qVCtTC/8k/5wBlIH9xYThDYyMCM7ENDy4jUcRgCj5q0=',NULL,0,'1431','Chuyên','Hoàng Thị','1431@vnu.edu.vn',0,1,'2018-12-10 11:04:35.563331',NULL,'',NULL,NULL,NULL,6,NULL,NULL),(5040,'pbkdf2_sha256$120000$bSm4xG8XdDtB$EVvRYeFWhHTYXLRe8Ii2MoOoKmUHJFrNQUVl8nvNnk4=',NULL,0,'1432','Thông','Nguyễn Võ Minh','1432@vnu.edu.vn',0,1,'2018-12-10 11:04:36.127033',NULL,'',NULL,NULL,NULL,6,NULL,NULL),(5041,'pbkdf2_sha256$120000$eMgTJuc37GqX$FgNOIGxYlSXQjgbzV2i/2tUxl6jpwGkV35L9LCFBd7Q=',NULL,0,'1433','Tuấn','Trần Linh','1433@vnu.edu.vn',0,1,'2018-12-10 11:04:36.461755',NULL,'',NULL,NULL,NULL,6,NULL,NULL),(5042,'pbkdf2_sha256$120000$uO3D24622Lzb$AngWIlzP8PUKq7D/djh8RMISlAPuWHlXSL2APwAUc4M=',NULL,0,'1434','Thanh','Quách Tuấn','1434@vnu.edu.vn',0,1,'2018-12-10 11:04:36.779855',NULL,'',NULL,NULL,NULL,6,NULL,NULL),(5043,'pbkdf2_sha256$120000$MXvLXGi2Mopq$1x4l/a9w6DzXPcDYpSCdx6mBLlbto4IbHe/vP3kcBZQ=',NULL,0,'1435','Hoàng','Nguyeãn Vuõ Lam','1435@vnu.edu.vn',0,1,'2018-12-10 11:04:37.089881',NULL,'',NULL,NULL,NULL,6,NULL,NULL),(5044,'pbkdf2_sha256$120000$AKPCxz6oqmNn$8sG9mD39Zwd/m3fRPtnO1qhuPp+8do/+CJPbLpL4lpk=',NULL,0,'1436','Thúy','Lê Thị Ngọc','1436@vnu.edu.vn',0,1,'2018-12-10 11:04:37.423821',NULL,'',NULL,NULL,NULL,6,NULL,NULL),(5045,'pbkdf2_sha256$120000$paUsdVEqdhTZ$y8DDNem681W9y+rhe6hXQudogDVdC032fiTjG3X0Yfc=',NULL,0,'1437','An','Nguyễn Tuấn','1437@vnu.edu.vn',0,1,'2018-12-10 11:04:37.743782',NULL,'',NULL,NULL,NULL,6,NULL,NULL),(5046,'pbkdf2_sha256$120000$sdNRGOBt5v0H$O7Lqc9Rp0LyDB8QDwhYsXnhw8BcbIpszHuvEZUttkgU=',NULL,0,'1438','Phương','Tống Văn','1438@vnu.edu.vn',0,1,'2018-12-10 11:04:38.066534',NULL,'',NULL,NULL,NULL,6,NULL,NULL),(5047,'pbkdf2_sha256$120000$ZM3Y7E71g1fx$lOV1Cosi/S100A+RuAwyW40lr2WIa76dwf2+Q87HPUU=',NULL,0,'1439','Tài','Huỳnh Hữu','1439@vnu.edu.vn',0,1,'2018-12-10 11:04:38.493238',NULL,'',NULL,NULL,NULL,6,NULL,NULL),(5048,'pbkdf2_sha256$120000$4ETzYeHChLsY$CHIBINv5cJI0NI3BeColYaPzGlPx3FvMiybRgFeiohA=',NULL,0,'1440','Höõu','Toáng Xuaân','1440@vnu.edu.vn',0,1,'2018-12-10 11:04:38.830631',NULL,'',NULL,NULL,NULL,6,NULL,NULL),(5049,'pbkdf2_sha256$120000$Mdb8t79RLKul$GCOIMvag4iGLKHzhk++yW2Oxb/jtX248w85OkogbQXw=',NULL,0,'1441','Cương','Võ Duy','1441@vnu.edu.vn',0,1,'2018-12-10 11:04:39.281082',NULL,'',NULL,NULL,NULL,6,NULL,NULL),(5050,'pbkdf2_sha256$120000$mTBGghUy3dQs$4vnow0dhbgaN8VxO9/t3dTHY9k6Ihtzaef3PdZPhLqM=',NULL,0,'1442','Tín','Nguyễn Kim','1442@vnu.edu.vn',0,1,'2018-12-10 11:04:39.639023',NULL,'',NULL,NULL,NULL,6,NULL,NULL),(5051,'pbkdf2_sha256$120000$oI1H6WGk5vEe$n11XgGRYJRu3SshcF+9sj+Rthdg6fpDHLvvKSb9PWic=',NULL,0,'1443','Khoa','Lưu Thái Đăng','1443@vnu.edu.vn',0,1,'2018-12-10 11:04:39.974519',NULL,'',NULL,NULL,NULL,6,NULL,NULL),(5052,'pbkdf2_sha256$120000$9571BQMBUeVP$IoXvITOZKKX7ZxE+53/xkUJKG/jENeRfG1vVMCGNM1A=',NULL,0,'1444','Khương','Nguyễn Duy','1444@vnu.edu.vn',0,1,'2018-12-10 11:04:40.271483',NULL,'',NULL,NULL,NULL,6,NULL,NULL),(5053,'pbkdf2_sha256$120000$R6uFJnFwkDQA$xxexMoPJNLR9MdCMScZMgsZTQS6ce7+tIhlKOVmrnx4=',NULL,0,'1445','Long','Hoàng Đình','1445@vnu.edu.vn',0,1,'2018-12-10 11:04:40.562752',NULL,'',NULL,NULL,NULL,6,NULL,NULL),(5054,'pbkdf2_sha256$120000$pWU0K3XZOISs$IglFTeHpVUcJMEIX9EnFFVbKHGNiBR84xU6xpTUUf7A=',NULL,0,'1446','Tiến','Vũ Văn','1446@vnu.edu.vn',0,1,'2018-12-10 11:04:41.103627',NULL,'',NULL,NULL,NULL,6,NULL,NULL),(5055,'pbkdf2_sha256$120000$zspRnP1PnCha$ch4BroMBAjNx3dbCXEEitZcjAlqjPeDxF/HyiduI8a0=',NULL,0,'1447','Cường','Mai Dương Hoàng','1447@vnu.edu.vn',0,1,'2018-12-10 11:04:41.465081',NULL,'',NULL,NULL,NULL,6,NULL,NULL),(5056,'pbkdf2_sha256$120000$HW9ROWUZNlZi$dVTLeJvsbTm9xKdEMAy5okOIQ7smakFSheMtp8czPfo=',NULL,0,'1448','Trường','Nguyễn Đăng','1448@vnu.edu.vn',0,1,'2018-12-10 11:04:41.808538',NULL,'',NULL,NULL,NULL,6,NULL,NULL),(5057,'pbkdf2_sha256$120000$jkwDfk5v5WBn$W5WB1PQy80FA9cjVHsVn+7pXqxQWFIRHuGqogU+dafM=',NULL,0,'1449','Thịnh','Đào Phước','1449@vnu.edu.vn',0,1,'2018-12-10 11:04:42.111706',NULL,'',NULL,NULL,NULL,6,NULL,NULL),(5058,'pbkdf2_sha256$120000$xjpB89V0T676$MwarCIDtbLmuAmcumEymbAsGVcjQB5T+2z1a1c1Oqiw=',NULL,0,'1450','Y','Phạm Thị Thư','1450@vnu.edu.vn',0,1,'2018-12-10 11:04:42.436096',NULL,'',NULL,NULL,NULL,6,NULL,NULL),(5059,'pbkdf2_sha256$120000$ClElfe91e8bE$EqgF0m5rB00cXwc4Yr3Xq0o1M4X1VdohZoT9QoPTCcE=',NULL,0,'1451','Hùng','Danh Thanh','1451@vnu.edu.vn',0,1,'2018-12-10 11:04:42.757931',NULL,'',NULL,NULL,NULL,6,NULL,NULL),(5060,'pbkdf2_sha256$120000$Repa2eH6UoYd$5iTgUNshvl5x+P3ufRB+CMU7bXFnAMZ3miWN0ZcQlAw=',NULL,0,'1452','Tùng','Nguyễn Xuân','1452@vnu.edu.vn',0,1,'2018-12-10 11:04:43.137284',NULL,'',NULL,NULL,NULL,6,NULL,NULL),(5061,'pbkdf2_sha256$120000$rNtTIUwZpKlu$5tgx/ay+ZU4di6+EHTEEC/3M3djqn93AtQPO5UC5tIo=',NULL,0,'1453','Toàn','Khương Sĩ','1453@vnu.edu.vn',0,1,'2018-12-10 11:04:43.451249',NULL,'',NULL,NULL,NULL,6,NULL,NULL),(5062,'pbkdf2_sha256$120000$pK1qV9N7Z5rR$ZjsPN1ZvcZ4nSwE50LXtcYt85/jVUhqaHHqMzl2c41Q=',NULL,0,'1454','Kiên','Lưu Chí','1454@vnu.edu.vn',0,1,'2018-12-10 11:04:43.798261',NULL,'',NULL,NULL,NULL,6,NULL,NULL),(5063,'pbkdf2_sha256$120000$mkUdDe4aKXNY$+hb81AdSqdx3idRcBW2WO2GaB0TjBTeKrVipWtb8RLM=',NULL,0,'1455','Quân','Nguyễn Hồng','1455@vnu.edu.vn',0,1,'2018-12-10 11:04:44.114895',NULL,'',NULL,NULL,NULL,6,NULL,NULL),(5064,'pbkdf2_sha256$120000$2PCdaBgCGbmj$gBYrCbZj3kPx+/PrJENb6052wS4XAStQUj0YFMNGppk=',NULL,0,'1456','Nam','Mai Phương','1456@vnu.edu.vn',0,1,'2018-12-10 11:04:44.440264',NULL,'',NULL,NULL,NULL,6,NULL,NULL),(5065,'pbkdf2_sha256$120000$fAq82PLXorXB$SBTUpitM+fzFgpXjVmoECF+5T8J1W7+sqv8OX/OE1EQ=',NULL,0,'1457','Dũng','Trần Khải','1457@vnu.edu.vn',0,1,'2018-12-10 11:04:44.824024',NULL,'',NULL,NULL,NULL,6,NULL,NULL),(5066,'pbkdf2_sha256$120000$bynhczLz4O4v$+SDORrrmg90NUfnSR07T3jHo835xhO4Ylm34jyklfZs=',NULL,0,'1458','Vấn','Hoàng Thị','1458@vnu.edu.vn',0,1,'2018-12-10 11:04:45.156392',NULL,'',NULL,NULL,NULL,6,NULL,NULL),(5067,'pbkdf2_sha256$120000$P3lhBtzEVx8L$37CyhLM/vjy08Ttp8o0SPnGz4QJYHpgrX+FoMfcsyRY=',NULL,0,'1459','Vương','Võ Minh','1459@vnu.edu.vn',0,1,'2018-12-10 11:04:45.552717',NULL,'',NULL,NULL,NULL,6,NULL,NULL),(5068,'pbkdf2_sha256$120000$nGuNWRYyYQy0$4zMggkvoBx+kCSg2zAwx1beZHqHDN/w1O6/usBQeojg=',NULL,0,'1460','Tùng','Vũ Trọng','1460@vnu.edu.vn',0,1,'2018-12-10 11:04:46.017282',NULL,'',NULL,NULL,NULL,6,NULL,NULL),(5069,'pbkdf2_sha256$120000$t7Rjhg9zSqSw$GjxR0YjcUItfetY8l07fMc+KUuhWH6w0r/a+5g49Ieg=',NULL,0,'1461','Mẫn','Lê Sinh','1461@vnu.edu.vn',0,1,'2018-12-10 11:04:46.352023',NULL,'',NULL,NULL,NULL,6,NULL,NULL),(5070,'pbkdf2_sha256$120000$unqGI3nvnBBB$ZkErca0Vw69yQM+aEboYXxQ4QIFKEAZ3zjoAwAxoatY=',NULL,0,'1462','Phúc','Nguyễn Hoài','1462@vnu.edu.vn',0,1,'2018-12-10 11:04:46.691649',NULL,'',NULL,NULL,NULL,6,NULL,NULL),(5071,'pbkdf2_sha256$120000$PSmHM5woL3X3$j1j1HSwXot6raCx+Vvhq0/FE8+dJR+6XGV1zaBHWoHU=',NULL,0,'1463','Lập','Đào Kim','1463@vnu.edu.vn',0,1,'2018-12-10 11:04:47.123769',NULL,'',NULL,NULL,NULL,6,NULL,NULL),(5072,'pbkdf2_sha256$120000$MK1DHve3NeFE$kT3tinFEN2zfNOgvAkG82zbvKdWmBsACQENcAcqVufQ=',NULL,0,'1464','Anh','Nguyễn Tuấn','1464@vnu.edu.vn',0,1,'2018-12-10 11:04:47.584771',NULL,'',NULL,NULL,NULL,6,NULL,NULL),(5073,'pbkdf2_sha256$120000$rWSvLnK71noC$aG6UHmmsZiLjhiluIcuUyWCM+Yz68IuYLWUsyJm+OYQ=',NULL,0,'1465','Việt','Phạm Hoài','1465@vnu.edu.vn',0,1,'2018-12-10 11:04:47.898280',NULL,'',NULL,NULL,NULL,6,NULL,NULL),(5074,'pbkdf2_sha256$120000$hIrpL6hY5dGX$rTVpbjC8Mu0KSxSsuCDEl38lDuffvM2+4XZRcN7TZvM=',NULL,0,'1466','Công','Lê Xuân','1466@vnu.edu.vn',0,1,'2018-12-10 11:04:48.209021',NULL,'',NULL,NULL,NULL,6,NULL,NULL),(5075,'pbkdf2_sha256$120000$RETDk4eOKmRd$u0teqbnJa5206ulE1jgF1SQp551l4NyLmUrRKy+X1xc=',NULL,0,'1467','Tri','Nguyễn Hồ Duy','1467@vnu.edu.vn',0,1,'2018-12-10 11:04:48.552137',NULL,'',NULL,NULL,NULL,6,NULL,NULL),(5076,'pbkdf2_sha256$120000$vlXZB3iZedv8$UGuvLhAgrhMrNemXB+YbDwBNbp5z8R+GZ5dpe4hz3PE=',NULL,0,'1468','An','Nguyễn Hoà','1468@vnu.edu.vn',0,1,'2018-12-10 11:04:48.867261',NULL,'',NULL,NULL,NULL,6,NULL,NULL),(5077,'pbkdf2_sha256$120000$i7uIJoYmNpni$EvQkbd+Ujq9vKtWQLsGFOZ8GUspWjTaNBarfmOGkDiI=',NULL,0,'1469','Phúc','Lê Hoàng','1469@vnu.edu.vn',0,1,'2018-12-10 11:04:49.210532',NULL,'',NULL,NULL,NULL,6,NULL,NULL),(5078,'pbkdf2_sha256$120000$OnpAaM7W6C6Q$THlkbqmogUvXv+Qb8VJDmbcgKi+3B9r95o4abYslryI=',NULL,0,'1470','Hùng','Mai Thế','1470@vnu.edu.vn',0,1,'2018-12-10 11:04:49.566823',NULL,'',NULL,NULL,NULL,6,NULL,NULL),(5079,'pbkdf2_sha256$120000$yK6zMoIl5uxW$ns+es4J9oUhyn/d1SpC2psvUkWUbp0qYc5XUrNhWJ7M=',NULL,0,'1471','Bảo','Vũ Văn','1471@vnu.edu.vn',0,1,'2018-12-10 11:04:49.923050',NULL,'',NULL,NULL,NULL,6,NULL,NULL),(5080,'pbkdf2_sha256$120000$MEQEMe6Jfszq$fveuPqzBHh+P5foUIFaobQnijJ/zlCS7GQ8l6ydskpw=',NULL,0,'1472','Hội','Lê Huy Tiên','1472@vnu.edu.vn',0,1,'2018-12-10 11:04:50.224044',NULL,'',NULL,NULL,NULL,6,NULL,NULL),(5081,'pbkdf2_sha256$120000$g0Dnqz8FZtx1$pR+IlI8IedMmI0Kc4x3ssBkAyRs9OEL87cK7LAKUgq4=',NULL,0,'1473','Đượm','Trần Thị','1473@vnu.edu.vn',0,1,'2018-12-10 11:04:50.558452',NULL,'',NULL,NULL,NULL,6,NULL,NULL),(5082,'pbkdf2_sha256$120000$v08BYCWIdsIR$D4lYU40BBxUcsqn1hI4OgalSqF7m1TEl5SUnP/sm4Kg=',NULL,0,'1474','Dũng','Vũ Ngọc','1474@vnu.edu.vn',0,1,'2018-12-10 11:04:50.868676',NULL,'',NULL,NULL,NULL,6,NULL,NULL),(5083,'pbkdf2_sha256$120000$7vJsGQmg6QMH$JcXX+Ssvm8V2wVuoxZc1DB7u7zRGWvbJS2S3xSMJyj4=',NULL,0,'1475','Dũng','Đồng Tiến','1475@vnu.edu.vn',0,1,'2018-12-10 11:04:51.187519',NULL,'',NULL,NULL,NULL,6,NULL,NULL),(5084,'pbkdf2_sha256$120000$zyPBgcyGf4vv$jzOngdxZmp0fAsQsi8l0QJWHxwHGLzl/zG+ylR3i6Oo=',NULL,0,'1476','Sang','Nguyễn Trọng','1476@vnu.edu.vn',0,1,'2018-12-10 11:04:51.535648',NULL,'',NULL,NULL,NULL,6,NULL,NULL),(5085,'pbkdf2_sha256$120000$JgI6h8TPTlvW$R5vqe7J43VtqtkkbN4bYTn5TOrY9smBHIw9EHs7PAWg=',NULL,0,'1477','My','Phó Thị Kiều','1477@vnu.edu.vn',0,1,'2018-12-10 11:04:51.878988',NULL,'',NULL,NULL,NULL,6,NULL,NULL),(5086,'pbkdf2_sha256$120000$7C8rjmWo2gSz$C35WoUgFRoWmqexRohfz7fFXIrOSYb7NX2wjsAcFp68=',NULL,0,'1478','Cường','Nguyễn Hồng','1478@vnu.edu.vn',0,1,'2018-12-10 11:04:52.201097',NULL,'',NULL,NULL,NULL,6,NULL,NULL),(5087,'pbkdf2_sha256$120000$67Fy4TPFbcCd$FIo+9DJBBM4pftau85oHwtELIlITYlUeUxReEdWC3uc=',NULL,0,'1479','Vĩ','Cao Triệu','1479@vnu.edu.vn',0,1,'2018-12-10 11:04:52.490125',NULL,'',NULL,NULL,NULL,6,NULL,NULL),(5088,'pbkdf2_sha256$120000$VOMPhmDiQWjb$qY67s8Fz9NlaQlBwKd926gTyuhAjPbqCFh1VUTmu1+c=',NULL,0,'1480','Vinh','Lê Thế','1480@vnu.edu.vn',0,1,'2018-12-10 11:04:52.778976',NULL,'',NULL,NULL,NULL,6,NULL,NULL),(5089,'pbkdf2_sha256$120000$fP3VwNuBjvcg$U1jzXBqAb1584Q1gFBNRxCCd9KB04ypFF3ft15Mjqdk=',NULL,0,'1481','Quốc','Nguyễn Triệu','1481@vnu.edu.vn',0,1,'2018-12-10 11:04:53.070562',NULL,'',NULL,NULL,NULL,6,NULL,NULL),(5090,'pbkdf2_sha256$120000$2MMWThqa6S2y$J0jL2TgZJVWokj8IXH5cPWP7gqULtj6UpacsveD+yMU=',NULL,0,'1482','Sơn','Trịnh Phó','1482@vnu.edu.vn',0,1,'2018-12-10 11:04:53.389670',NULL,'',NULL,NULL,NULL,6,NULL,NULL),(5091,'pbkdf2_sha256$120000$Yh6WHr3uiOgL$j9la5EujDsec7wbIpN0S9FJxW7nOhN/rl13Zm6H+604=',NULL,0,'1483','Trình','Nguyễn Lê Lập','1483@vnu.edu.vn',0,1,'2018-12-10 11:04:53.732317',NULL,'',NULL,NULL,NULL,6,NULL,NULL),(5092,'pbkdf2_sha256$120000$3CcQNpmOGNl3$PCFkfDnh4RP0IzjGeRlgaYSKZwZ356D6TsF+n4DIspE=',NULL,0,'1484','Ngọc','Võ Xuân','1484@vnu.edu.vn',0,1,'2018-12-10 11:04:54.042942',NULL,'',NULL,NULL,NULL,6,NULL,NULL),(5093,'pbkdf2_sha256$120000$Fio4HNSNY9iW$BSrW8BllTnCI/zk6PLr4qRPXWTB3A6c8sRfAXHJUTa0=',NULL,0,'1485','Thụ','Đỗ Đức','1485@vnu.edu.vn',0,1,'2018-12-10 11:04:54.311699',NULL,'',NULL,NULL,NULL,6,NULL,NULL),(5094,'pbkdf2_sha256$120000$DPNJtozyfTDc$xsJCHKjsLdYhU1LbciWZGg64kAzwO/ko/KYMAyRS0ko=',NULL,0,'1486','mới','Thành viên','1486@vnu.edu.vn',0,1,'2018-12-10 11:04:54.601453',NULL,'',NULL,NULL,NULL,6,NULL,NULL),(5095,'pbkdf2_sha256$120000$iupv4g5eGXOG$wTdWCKAB3HTG4cMn+ZtBhi3wLgGvIMFSLrkdAD2mP/M=',NULL,0,'1487','Công','Lê Văn','1487@vnu.edu.vn',0,1,'2018-12-10 11:04:54.943308',NULL,'',NULL,NULL,NULL,6,NULL,NULL),(5096,'pbkdf2_sha256$120000$p1KuKyjfeTTA$bHI4Gb41wxomxYOi/Rf+pUj0pPtnpm4K64GZG52JlLU=',NULL,0,'1488','Tùng','Nguyễn Việt','1488@vnu.edu.vn',0,1,'2018-12-10 11:04:55.247987',NULL,'',NULL,NULL,NULL,6,NULL,NULL),(5097,'pbkdf2_sha256$120000$5rflx3q2cEJc$sbQvIxjdvaUxRbUIYJh+ZUQNSz83zRPsvQcX83+R/fg=',NULL,0,'1489','Phước','Đặng Hữu','1489@vnu.edu.vn',0,1,'2018-12-10 11:04:55.645105',NULL,'',NULL,NULL,NULL,6,NULL,NULL),(5098,'pbkdf2_sha256$120000$O3IN3nJDpXtF$V9EtxR3DFMxzPrOp/Ld07VjH9ZHIw7GH6BkMn6mf2k0=',NULL,0,'1490','Bảo','Nguyễn Quốc','1490@vnu.edu.vn',0,1,'2018-12-10 11:04:56.027652',NULL,'',NULL,NULL,NULL,6,NULL,NULL),(5099,'pbkdf2_sha256$120000$JRHscVwoe3Ye$c4jec/pnJmE/AoycJKyT+tGYn9F7qkgjLkMF6U+J+kQ=',NULL,0,'1491','Quân','Trần Hồng','1491@vnu.edu.vn',0,1,'2018-12-10 11:04:56.327256',NULL,'',NULL,NULL,NULL,6,NULL,NULL),(5100,'pbkdf2_sha256$120000$aVfd8nQw3X28$w45nnsdfICuCTUX13yb+ai3L3N8n64W5nFKfo4mx3Zc=',NULL,0,'1492','Tuấn','Võ Trương Anh','1492@vnu.edu.vn',0,1,'2018-12-10 11:04:56.641139',NULL,'',NULL,NULL,NULL,6,NULL,NULL),(5101,'pbkdf2_sha256$120000$lc68og505k5P$YMaCSAg0v4guK1ganY7ABb5H+Pg0tDDAQmCbENez37Q=',NULL,0,'1493','Đông','Phan','1493@vnu.edu.vn',0,1,'2018-12-10 11:04:57.110241',NULL,'',NULL,NULL,NULL,6,NULL,NULL),(5102,'pbkdf2_sha256$120000$AXAsJbTpPXdu$aPu2+sUIHkqqHUNS4nGEwcWanPWqXwyQIohJSZFk+lY=',NULL,0,'1494','Nhi','Phạm Thùy','1494@vnu.edu.vn',0,1,'2018-12-10 11:04:57.473591',NULL,'',NULL,NULL,NULL,6,NULL,NULL),(5103,'pbkdf2_sha256$120000$jxwmmKExP0HJ$FaBjEZTgXBVUcRPzQXXJkbJ3xD19u8Ev6AT5lmZKVOA=',NULL,0,'1495','Hiếu','Đỗ Văn','1495@vnu.edu.vn',0,1,'2018-12-10 11:04:57.800154',NULL,'',NULL,NULL,NULL,6,NULL,NULL),(5104,'pbkdf2_sha256$120000$uUPM2LEBQDCI$lPekCd0dXZCZXSqzV4OMzr2E4lhQxutKDEg29iQQF4g=',NULL,0,'1496','Sự','Trần Ngọc','1496@vnu.edu.vn',0,1,'2018-12-10 11:04:58.132476',NULL,'',NULL,NULL,NULL,6,NULL,NULL),(5105,'pbkdf2_sha256$120000$U09czBpbKSQ6$2a7AKtbEm2zv0bM9nZF6I9rSDYBxkmvMbU6BbpnSeAE=',NULL,0,'1497','Ngân','Trần Hồng','1497@vnu.edu.vn',0,1,'2018-12-10 11:04:58.467622',NULL,'',NULL,NULL,NULL,6,NULL,NULL),(5106,'pbkdf2_sha256$120000$sqQnPE11xL6K$CC1LICMJlKzh1AFxpQEP8kYW/pTiGSU5hntrK68Nzk4=',NULL,0,'1498','Lộc','Cao Huỳnh','1498@vnu.edu.vn',0,1,'2018-12-10 11:04:58.916971',NULL,'',NULL,NULL,NULL,6,NULL,NULL),(5107,'pbkdf2_sha256$120000$1eEVHqCnrY5C$Mjiw3Ws11bud3iaP2iqJZBMQc/RqaynhK1lw+rDJbkA=',NULL,0,'1499','Huy','Nguyễn Minh','1499@vnu.edu.vn',0,1,'2018-12-10 11:04:59.248238',NULL,'',NULL,NULL,NULL,6,NULL,NULL),(5108,'pbkdf2_sha256$120000$irp0AxDSdJhr$RVW4NUxXVOFWKJa84Zsh6Lb5Ir1Sen7aCQ+ky13qPc8=','2018-12-11 11:51:32.163749',1,'vantrong291','','','',1,1,'2018-12-10 11:45:43.000000','16021198','',NULL,NULL,NULL,4,'',NULL),(5109,'1234',NULL,0,'vantrong2901','','','',0,1,'2018-12-14 05:04:12.000000','16021124','',NULL,NULL,NULL,6,'',NULL);
/*!40000 ALTER TABLE `user` ENABLE KEYS */;
UNLOCK TABLES;

--
-- Table structure for table `user_groups`
--

DROP TABLE IF EXISTS `user_groups`;
/*!40101 SET @saved_cs_client     = @@character_set_client */;
/*!40101 SET character_set_client = utf8 */;
CREATE TABLE `user_groups` (
  `id` int(11) NOT NULL AUTO_INCREMENT,
  `user_id` int(11) NOT NULL,
  `group_id` int(11) NOT NULL,
  PRIMARY KEY (`id`),
  UNIQUE KEY `user_groups_user_id_group_id_40beef00_uniq` (`user_id`,`group_id`),
  KEY `user_groups_group_id_b76f8aba_fk_auth_group_id` (`group_id`),
  CONSTRAINT `user_groups_group_id_b76f8aba_fk_auth_group_id` FOREIGN KEY (`group_id`) REFERENCES `auth_group` (`id`),
  CONSTRAINT `user_groups_user_id_abaea130_fk_user_id` FOREIGN KEY (`user_id`) REFERENCES `user` (`id`)
) ENGINE=InnoDB DEFAULT CHARSET=utf8mb4 COLLATE=utf8mb4_bin;
/*!40101 SET character_set_client = @saved_cs_client */;

--
-- Dumping data for table `user_groups`
--

LOCK TABLES `user_groups` WRITE;
/*!40000 ALTER TABLE `user_groups` DISABLE KEYS */;
/*!40000 ALTER TABLE `user_groups` ENABLE KEYS */;
UNLOCK TABLES;

--
-- Table structure for table `user_user_permissions`
--

DROP TABLE IF EXISTS `user_user_permissions`;
/*!40101 SET @saved_cs_client     = @@character_set_client */;
/*!40101 SET character_set_client = utf8 */;
CREATE TABLE `user_user_permissions` (
  `id` int(11) NOT NULL AUTO_INCREMENT,
  `user_id` int(11) NOT NULL,
  `permission_id` int(11) NOT NULL,
  PRIMARY KEY (`id`),
  UNIQUE KEY `user_user_permissions_user_id_permission_id_7dc6e2e0_uniq` (`user_id`,`permission_id`),
  KEY `user_user_permission_permission_id_9deb68a3_fk_auth_perm` (`permission_id`),
  CONSTRAINT `user_user_permission_permission_id_9deb68a3_fk_auth_perm` FOREIGN KEY (`permission_id`) REFERENCES `auth_permission` (`id`),
  CONSTRAINT `user_user_permissions_user_id_ed4a47ea_fk_user_id` FOREIGN KEY (`user_id`) REFERENCES `user` (`id`)
) ENGINE=InnoDB DEFAULT CHARSET=utf8mb4 COLLATE=utf8mb4_bin;
/*!40101 SET character_set_client = @saved_cs_client */;

--
-- Dumping data for table `user_user_permissions`
--

LOCK TABLES `user_user_permissions` WRITE;
/*!40000 ALTER TABLE `user_user_permissions` DISABLE KEYS */;
/*!40000 ALTER TABLE `user_user_permissions` ENABLE KEYS */;
UNLOCK TABLES;
/*!40103 SET TIME_ZONE=@OLD_TIME_ZONE */;

/*!40101 SET SQL_MODE=@OLD_SQL_MODE */;
/*!40014 SET FOREIGN_KEY_CHECKS=@OLD_FOREIGN_KEY_CHECKS */;
/*!40014 SET UNIQUE_CHECKS=@OLD_UNIQUE_CHECKS */;
/*!40101 SET CHARACTER_SET_CLIENT=@OLD_CHARACTER_SET_CLIENT */;
/*!40101 SET CHARACTER_SET_RESULTS=@OLD_CHARACTER_SET_RESULTS */;
/*!40101 SET COLLATION_CONNECTION=@OLD_COLLATION_CONNECTION */;
/*!40111 SET SQL_NOTES=@OLD_SQL_NOTES */;

-- Dump completed on 2018-12-14 18:55:07
