-- MySQL dump 10.13  Distrib 5.7.23, for Linux (x86_64)
--
-- Host: localhost    Database: unirankingv2
-- ------------------------------------------------------
-- Server version	5.7.23-0ubuntu0.16.04.1

/*!40101 SET @OLD_CHARACTER_SET_CLIENT=@@CHARACTER_SET_CLIENT */;
/*!40101 SET @OLD_CHARACTER_SET_RESULTS=@@CHARACTER_SET_RESULTS */;
/*!40101 SET @OLD_COLLATION_CONNECTION=@@COLLATION_CONNECTION */;
/*!40101 SET NAMES utf8 */;
/*!40103 SET @OLD_TIME_ZONE=@@TIME_ZONE */;
/*!40103 SET TIME_ZONE='+00:00' */;
/*!40014 SET @OLD_UNIQUE_CHECKS=@@UNIQUE_CHECKS, UNIQUE_CHECKS=0 */;
/*!40014 SET @OLD_FOREIGN_KEY_CHECKS=@@FOREIGN_KEY_CHECKS, FOREIGN_KEY_CHECKS=0 */;
/*!40101 SET @OLD_SQL_MODE=@@SQL_MODE, SQL_MODE='NO_AUTO_VALUE_ON_ZERO' */;
/*!40111 SET @OLD_SQL_NOTES=@@SQL_NOTES, SQL_NOTES=0 */;

--
-- Table structure for table `auth_group`
--

DROP TABLE IF EXISTS `auth_group`;
/*!40101 SET @saved_cs_client     = @@character_set_client */;
/*!40101 SET character_set_client = utf8 */;
CREATE TABLE `auth_group` (
  `id` int(11) NOT NULL AUTO_INCREMENT,
  `name` varchar(80) NOT NULL,
  PRIMARY KEY (`id`),
  UNIQUE KEY `name` (`name`)
) ENGINE=InnoDB DEFAULT CHARSET=utf8;
/*!40101 SET character_set_client = @saved_cs_client */;

--
-- Dumping data for table `auth_group`
--

LOCK TABLES `auth_group` WRITE;
/*!40000 ALTER TABLE `auth_group` DISABLE KEYS */;
/*!40000 ALTER TABLE `auth_group` ENABLE KEYS */;
UNLOCK TABLES;

--
-- Table structure for table `auth_group_permissions`
--

DROP TABLE IF EXISTS `auth_group_permissions`;
/*!40101 SET @saved_cs_client     = @@character_set_client */;
/*!40101 SET character_set_client = utf8 */;
CREATE TABLE `auth_group_permissions` (
  `id` int(11) NOT NULL AUTO_INCREMENT,
  `group_id` int(11) NOT NULL,
  `permission_id` int(11) NOT NULL,
  PRIMARY KEY (`id`),
  UNIQUE KEY `auth_group_permissions_group_id_permission_id_0cd325b0_uniq` (`group_id`,`permission_id`),
  KEY `auth_group_permissio_permission_id_84c5c92e_fk_auth_perm` (`permission_id`),
  CONSTRAINT `auth_group_permissio_permission_id_84c5c92e_fk_auth_perm` FOREIGN KEY (`permission_id`) REFERENCES `auth_permission` (`id`),
  CONSTRAINT `auth_group_permissions_group_id_b120cbf9_fk_auth_group_id` FOREIGN KEY (`group_id`) REFERENCES `auth_group` (`id`)
) ENGINE=InnoDB DEFAULT CHARSET=utf8;
/*!40101 SET character_set_client = @saved_cs_client */;

--
-- Dumping data for table `auth_group_permissions`
--

LOCK TABLES `auth_group_permissions` WRITE;
/*!40000 ALTER TABLE `auth_group_permissions` DISABLE KEYS */;
/*!40000 ALTER TABLE `auth_group_permissions` ENABLE KEYS */;
UNLOCK TABLES;

--
-- Table structure for table `auth_permission`
--

DROP TABLE IF EXISTS `auth_permission`;
/*!40101 SET @saved_cs_client     = @@character_set_client */;
/*!40101 SET character_set_client = utf8 */;
CREATE TABLE `auth_permission` (
  `id` int(11) NOT NULL AUTO_INCREMENT,
  `name` varchar(255) NOT NULL,
  `content_type_id` int(11) NOT NULL,
  `codename` varchar(100) NOT NULL,
  PRIMARY KEY (`id`),
  UNIQUE KEY `auth_permission_content_type_id_codename_01ab375a_uniq` (`content_type_id`,`codename`),
  CONSTRAINT `auth_permission_content_type_id_2f476e4b_fk_django_co` FOREIGN KEY (`content_type_id`) REFERENCES `django_content_type` (`id`)
) ENGINE=InnoDB AUTO_INCREMENT=91 DEFAULT CHARSET=utf8;
/*!40101 SET character_set_client = @saved_cs_client */;

--
-- Dumping data for table `auth_permission`
--

LOCK TABLES `auth_permission` WRITE;
/*!40000 ALTER TABLE `auth_permission` DISABLE KEYS */;
INSERT INTO `auth_permission` VALUES (1,'Can add log entry',1,'add_logentry'),(2,'Can change log entry',1,'change_logentry'),(3,'Can delete log entry',1,'delete_logentry'),(4,'Can add permission',2,'add_permission'),(5,'Can change permission',2,'change_permission'),(6,'Can delete permission',2,'delete_permission'),(7,'Can add user',3,'add_user'),(8,'Can change user',3,'change_user'),(9,'Can delete user',3,'delete_user'),(10,'Can add group',4,'add_group'),(11,'Can change group',4,'change_group'),(12,'Can delete group',4,'delete_group'),(13,'Can add content type',5,'add_contenttype'),(14,'Can change content type',5,'change_contenttype'),(15,'Can delete content type',5,'delete_contenttype'),(16,'Can add session',6,'add_session'),(17,'Can change session',6,'change_session'),(18,'Can delete session',6,'delete_session'),(19,'Can add group object permission',7,'add_groupobjectpermission'),(20,'Can change group object permission',7,'change_groupobjectpermission'),(21,'Can delete group object permission',7,'delete_groupobjectpermission'),(22,'Can add user object permission',8,'add_userobjectpermission'),(23,'Can change user object permission',8,'change_userobjectpermission'),(24,'Can delete user object permission',8,'delete_userobjectpermission'),(25,'Can add criterion category',9,'add_criterioncategory'),(26,'Can change criterion category',9,'change_criterioncategory'),(27,'Can delete criterion category',9,'delete_criterioncategory'),(28,'Can add criterion',10,'add_criterion'),(29,'Can change criterion',10,'change_criterion'),(30,'Can delete criterion',10,'delete_criterion'),(31,'Can add university subject',11,'add_universitysubject'),(32,'Can change university subject',11,'change_universitysubject'),(33,'Can delete university subject',11,'delete_universitysubject'),(34,'Can add subject score by criterion',12,'add_subjectscorebycriterion'),(35,'Can change subject score by criterion',12,'change_subjectscorebycriterion'),(36,'Can delete subject score by criterion',12,'delete_subjectscorebycriterion'),(37,'Can add subject group',13,'add_subjectgroup'),(38,'Can change subject group',13,'change_subjectgroup'),(39,'Can delete subject group',13,'delete_subjectgroup'),(40,'Can add subject score by criterion category',14,'add_subjectscorebycriterioncategory'),(41,'Can change subject score by criterion category',14,'change_subjectscorebycriterioncategory'),(42,'Can delete subject score by criterion category',14,'delete_subjectscorebycriterioncategory'),(43,'Can add subject',15,'add_subject'),(44,'Can change subject',15,'change_subject'),(45,'Can delete subject',15,'delete_subject'),(46,'Can add university score by criterion',16,'add_universityscorebycriterion'),(47,'Can change university score by criterion',16,'change_universityscorebycriterion'),(48,'Can delete university score by criterion',16,'delete_universityscorebycriterion'),(49,'Can add university',17,'add_university'),(50,'Can change university',17,'change_university'),(51,'Can delete university',17,'delete_university'),(52,'Can add university score by criterion category',18,'add_universityscorebycriterioncategory'),(53,'Can change university score by criterion category',18,'change_universityscorebycriterioncategory'),(54,'Can delete university score by criterion category',18,'delete_universityscorebycriterioncategory'),(55,'Can add university profile',19,'add_universityprofile'),(56,'Can change university profile',19,'change_universityprofile'),(57,'Can delete university profile',19,'delete_universityprofile'),(58,'Can add university sector',20,'add_universitysector'),(59,'Can change university sector',20,'change_universitysector'),(60,'Can delete university sector',20,'delete_universitysector'),(61,'Can add sector',21,'add_sector'),(62,'Can change sector',21,'change_sector'),(63,'Can delete sector',21,'delete_sector'),(64,'Can add User University',22,'add_useruniversity'),(65,'Can change User University',22,'change_useruniversity'),(66,'Can delete User University',22,'delete_useruniversity'),(67,'Can add User - Favourite University',23,'add_userfavouriteuniversity'),(68,'Can change User - Favourite University',23,'change_userfavouriteuniversity'),(69,'Can delete User - Favourite University',23,'delete_userfavouriteuniversity'),(70,'Can add User - Manager University',24,'add_usermanageruniversity'),(71,'Can change User - Manager University',24,'change_usermanageruniversity'),(72,'Can delete User - Manager University',24,'delete_usermanageruniversity'),(73,'Can view log entry',1,'view_logentry'),(74,'Can view permission',2,'view_permission'),(75,'Can view group',4,'view_group'),(76,'Can view user',3,'view_user'),(77,'Can view content type',5,'view_contenttype'),(78,'Can view session',6,'view_session'),(79,'Can view group object permission',7,'view_groupobjectpermission'),(80,'Can view user object permission',8,'view_userobjectpermission'),(81,'Can view Tiêu chí so sánh',10,'view_criterion'),(82,'Can view Nhóm tiêu chí',9,'view_criterioncategory'),(83,'Can view Nhóm ngành',21,'view_sector'),(84,'Can view Đại học - Nhóm ngành',20,'view_universitysector'),(85,'Can view Đại hoc',17,'view_university'),(86,'Can view Điểm theo Tiêu chí',16,'view_universityscorebycriterion'),(87,'Can view Điểm theo Nhóm tiêu chí',18,'view_universityscorebycriterioncategory'),(88,'Can view Thông tin trường Đại học',19,'view_universityprofile'),(89,'Can view Người dùng - Trường yêu thích',23,'view_userfavouriteuniversity'),(90,'Can view Người dùng - Trường quản lý',24,'view_usermanageruniversity');
/*!40000 ALTER TABLE `auth_permission` ENABLE KEYS */;
UNLOCK TABLES;

--
-- Table structure for table `auth_user`
--

DROP TABLE IF EXISTS `auth_user`;
/*!40101 SET @saved_cs_client     = @@character_set_client */;
/*!40101 SET character_set_client = utf8 */;
CREATE TABLE `auth_user` (
  `id` int(11) NOT NULL AUTO_INCREMENT,
  `password` varchar(128) NOT NULL,
  `last_login` datetime(6) DEFAULT NULL,
  `is_superuser` tinyint(1) NOT NULL,
  `username` varchar(150) NOT NULL,
  `first_name` varchar(30) NOT NULL,
  `last_name` varchar(150) NOT NULL,
  `email` varchar(254) NOT NULL,
  `is_staff` tinyint(1) NOT NULL,
  `is_active` tinyint(1) NOT NULL,
  `date_joined` datetime(6) NOT NULL,
  PRIMARY KEY (`id`),
  UNIQUE KEY `username` (`username`)
) ENGINE=InnoDB AUTO_INCREMENT=7 DEFAULT CHARSET=utf8;
/*!40101 SET character_set_client = @saved_cs_client */;

--
-- Dumping data for table `auth_user`
--

LOCK TABLES `auth_user` WRITE;
/*!40000 ALTER TABLE `auth_user` DISABLE KEYS */;
INSERT INTO `auth_user` VALUES (2,'pbkdf2_sha256$100000$hk60VVoBe2i7$8VCY4HTfU14wZ7ob2AuEU+JIZCtV6XfDOhywV9UdiY4=','2018-04-09 12:30:43.329176',1,'ngokientuan','','','',1,1,'2018-04-05 13:45:38.119730'),(3,'pbkdf2_sha256$120000$sgcIvfpCWKJI$8cgtXa5os17oSuxkAyTdY6xViikns6obb0TnCGa2JLo=','2018-11-06 22:58:23.321540',1,'vantrong291','','','',1,1,'2018-06-19 09:06:52.235475'),(5,'pbkdf2_sha256$100000$XZPlIWqDgLc1$dVM00I9M2oElo0QKtbpWedXfWvlj6Vf5Vbq5ygGTuZc=','2018-08-01 06:43:13.640168',0,'vantrong29a','trong','trong','vantrong291@gsmail.com',1,1,'2018-07-25 03:22:00.000000'),(6,'!JCDIR7fRCGBPTnZZMAPZKAYpx5V06QdqF86HB9Jy',NULL,0,'AnonymousUser','','','',0,1,'2018-07-28 03:18:33.968410');
/*!40000 ALTER TABLE `auth_user` ENABLE KEYS */;
UNLOCK TABLES;

--
-- Table structure for table `auth_user_groups`
--

DROP TABLE IF EXISTS `auth_user_groups`;
/*!40101 SET @saved_cs_client     = @@character_set_client */;
/*!40101 SET character_set_client = utf8 */;
CREATE TABLE `auth_user_groups` (
  `id` int(11) NOT NULL AUTO_INCREMENT,
  `user_id` int(11) NOT NULL,
  `group_id` int(11) NOT NULL,
  PRIMARY KEY (`id`),
  UNIQUE KEY `auth_user_groups_user_id_group_id_94350c0c_uniq` (`user_id`,`group_id`),
  KEY `auth_user_groups_group_id_97559544_fk_auth_group_id` (`group_id`),
  CONSTRAINT `auth_user_groups_group_id_97559544_fk_auth_group_id` FOREIGN KEY (`group_id`) REFERENCES `auth_group` (`id`),
  CONSTRAINT `auth_user_groups_user_id_6a12ed8b_fk_auth_user_id` FOREIGN KEY (`user_id`) REFERENCES `auth_user` (`id`)
) ENGINE=InnoDB DEFAULT CHARSET=utf8;
/*!40101 SET character_set_client = @saved_cs_client */;

--
-- Dumping data for table `auth_user_groups`
--

LOCK TABLES `auth_user_groups` WRITE;
/*!40000 ALTER TABLE `auth_user_groups` DISABLE KEYS */;
/*!40000 ALTER TABLE `auth_user_groups` ENABLE KEYS */;
UNLOCK TABLES;

--
-- Table structure for table `auth_user_user_permissions`
--

DROP TABLE IF EXISTS `auth_user_user_permissions`;
/*!40101 SET @saved_cs_client     = @@character_set_client */;
/*!40101 SET character_set_client = utf8 */;
CREATE TABLE `auth_user_user_permissions` (
  `id` int(11) NOT NULL AUTO_INCREMENT,
  `user_id` int(11) NOT NULL,
  `permission_id` int(11) NOT NULL,
  PRIMARY KEY (`id`),
  UNIQUE KEY `auth_user_user_permissions_user_id_permission_id_14a6b632_uniq` (`user_id`,`permission_id`),
  KEY `auth_user_user_permi_permission_id_1fbb5f2c_fk_auth_perm` (`permission_id`),
  CONSTRAINT `auth_user_user_permi_permission_id_1fbb5f2c_fk_auth_perm` FOREIGN KEY (`permission_id`) REFERENCES `auth_permission` (`id`),
  CONSTRAINT `auth_user_user_permissions_user_id_a95ead1b_fk_auth_user_id` FOREIGN KEY (`user_id`) REFERENCES `auth_user` (`id`)
) ENGINE=InnoDB DEFAULT CHARSET=utf8;
/*!40101 SET character_set_client = @saved_cs_client */;

--
-- Dumping data for table `auth_user_user_permissions`
--

LOCK TABLES `auth_user_user_permissions` WRITE;
/*!40000 ALTER TABLE `auth_user_user_permissions` DISABLE KEYS */;
/*!40000 ALTER TABLE `auth_user_user_permissions` ENABLE KEYS */;
UNLOCK TABLES;

--
-- Table structure for table `criterion`
--

DROP TABLE IF EXISTS `criterion`;
/*!40101 SET @saved_cs_client     = @@character_set_client */;
/*!40101 SET character_set_client = utf8 */;
CREATE TABLE `criterion` (
  `id` int(11) NOT NULL AUTO_INCREMENT,
  `name` varchar(50) NOT NULL,
  `description` longtext,
  `category_id` int(11) NOT NULL,
  PRIMARY KEY (`id`),
  KEY `criterion_category_id_06edc118_fk_criterion_category_id` (`category_id`),
  CONSTRAINT `criterion_category_id_06edc118_fk_criterion_category_id` FOREIGN KEY (`category_id`) REFERENCES `criterion_category` (`id`)
) ENGINE=InnoDB AUTO_INCREMENT=81 DEFAULT CHARSET=utf8;
/*!40101 SET character_set_client = @saved_cs_client */;

--
-- Dumping data for table `criterion`
--

LOCK TABLES `criterion` WRITE;
/*!40000 ALTER TABLE `criterion` DISABLE KEYS */;
INSERT INTO `criterion` VALUES (24,'Chất lượng tuyển sinh','Điểm trung bình kỳ thi tuyển sinh quốc gia/ngành',10),(25,'Quy mô giảng viên','Tỷ lệ GV trên tổng quy mô đào tạo ĐH + SĐH.',10),(26,'Trình độ giảng viên','Tỷ lệ GV có trình độ TS trên tổng số GV',10),(27,'Uy tín giảng viên','Tỷ lệ GV có chức danh GS, PGS trên tổng số GV',10),(28,'Quy mô đào tạo sau đại học','Tỷ lệ đào tạo SĐH trên tổng quy mô đào tạo',10),(29,'Quy mô đào tạo tiến sĩ','Tỷ lệ đào tạo tiến sĩ trên tổng quy mô đào tạo',10),(30,'Cơ cấu ngành nghề 4.0','Tỷ lệ các ngành đào tạo liên quan đến công nghiệp 4.0',10),(31,'Chuẩn đầu ra','Tỷ lệ chương trình đào tạo có tiếp cận chuẩn đầu ra với tinh thần và năng lực khởi nghiệp.',10),(32,'Cấu trúc chương trình đào tạo và kỹ năng 4.0','Tỷ lệ chương trình đào tạo có kiến thức cơ bản bao gồm tri thức khai phóng và công nghệ 4.0',10),(33,'Mức độ hài lòng của người học','Mức độ hài lòng của người học',10),(34,'Mức độ hài lòng của nhà tuyển dụng','Mức độ hài lòng của nhà tuyển dụng',10),(35,'TỈ lệ giải thường của sinh viên','Các giải thưởng về học thuật cấp Bộ và tương đương của sinh viên/tổng quy mô đào tạo',10),(37,'Công bố quốc tế','Trung bình số bài báo ISI và Scopus/GV/5 năm',11),(38,'Chất lượng nghiên cứu','Chỉ số trích dẫn/bài báo ISI-Scopus/5 năm',11),(39,'Sách chuyên khảo','Số sách chuyên khảo/chuyên ngành đào tạo SĐH/3 năm',11),(40,'Số giải thưởng học thuật/ 5 năm','Số giải thưởng về học thuật quốc gia, quốc tế của giảng viên và cựu sinh viên/5 năm',11),(41,'Ngân sách tài trợ','Kinh phí nghiên cứu hỗ trợ từ các nguồn ngân sách/GV/3 năm (triệu VNĐ)',11),(42,'Sở hữu trí tuệ trong nước','Số bằng bản quyền tác giả, giải pháp hữu ích, sáng chế được cấp/5 năm',12),(43,'Tài trợ từ doanh nghiệp(Triệu VNĐ)','Kinh phí nghiên cứu được doanh nghiệp tài trợ/GV/5 năm để\r\nhỗ trợ khởi nghiệp (triệu VNĐ)',12),(44,'Số doanh nghiệp khởi nghiệp','Số doanh nghiệp khởi nghiệp, spin-off/5 năm',12),(45,'Tỉ lệ  phòng thí nghiệm','Tỷ lệ PTN mục tiêu/ngành đào tạo khoa học tự nhiên và công nghệ',13),(46,'Không gian hỗ trợ khởi nghiệp','Không gian sáng tạo và hỗ trợ khởi nghiệp',13),(47,'Phạm vi phủ sóng wifi','Mức độ phủ wifi trong khuôn viên',14),(48,'Số lượng máy tính','Số lượng máy tính/qui mô đào tạo/100 sinh viên',14),(49,'Tư liệu số hóa','Số lượng tư liệu khoa học số hóa trên website của trường/quy mô đào tạo',14),(50,'Tần suất truy cập học liệu','Tần suất truy cập tài nguyên học liệu (lần/sinh viên/tuần)',14),(51,'Tương tác sinh viên – giảng viên','Tần suất kết nối, tương tác với giảng viên/nhóm học tập (lần/sinh viên/tuần)',14),(52,'Tỉ lệ bài giảng online','Số lượng bài giảng online MOOC/ngành đào tạo',14),(54,'Hỗ trợ, tương tác','Mức độ hỗ trợ kết nối, tương tác và quản lý hệ thống hành chính và đào tạo',14),(55,'Phần mềm kiểm tra đạo nhái','Phần mềm kiểm tra sự trùng lặp thông tin và quy tắc nghiên cứu',14),(56,'Đào tạo bằng ngoại ngữ','Tỷ lệ chương trình đào tạo bằng tiếng nước ngoài/tổng số ngành đào tạo',15),(57,'Chương trình liên kết','Tỷ lệ chương trình đào tạo liên kết quốc tế/tổng số ngành đào tạo',15),(58,'Sinh viên nước ngoài','Tỷ lệ sinh viên nước ngoài học lấy bằng',15),(59,'Giảng viên nước ngoài','Tỷ lệ giảng viên nước ngoài giảng dạy',15),(60,'Tỉ lệ SV nước ngoài đến trao đổi','Tỷ lệ sinh viên nước ngoài đến trao đổi tín chỉ',15),(61,'Tỉ lệ SV đi trao đổi','Tỷ lệ sinh viên đi trao đổi tín chỉ.',15),(62,'Hội nghị, hội thảo quốc tế','Số lượng hội nghị, hội thảo quốc tế chủ trì tổ chức/ngành/3 năm',15),(63,'Tỉ lệ bài báo hợp tác quố tế','Tỷ lệ bài báo ISI, Scopus có hợp tác quốc tế',15),(64,'Kinh phí cho dự án quốc tế','Tỷ lệ kinh phí từ các dự án quốc tế/GV/3 năm (VNĐ)',15),(65,'Tài trợ/GV','Tỷ lệ kinh phí tài trợ từ các Bộ, ngành, địa phương/GV/3 năm (VNĐ)',16),(66,'Tài trợ từ hoạt động dịch vụ','Tỷ lệ kinh phí từ hoạt động dịch vụ và chuyển giao tri thức/3 năm (VNĐ)',16),(67,'Số lượng PTN','Số lượng PTN thực hành ảo/ngành đào tạo',14),(68,'Công bố trong nước','Trung bình số bài báo công bố trên tạp chí online/GV/3 năm',11),(69,'Sở hữu trí tuệ toàn cầu','Số bằng sáng chế quốc tế/5 năm',12),(70,'Xếp hạng đổi mới sáng tạo trong các bảng xếp hạng','Xếp hạng đổi mới sáng tạo trong các bảng xếp hạng Scimago',12),(71,'Vườn ươm doanh nghiệp','Vườn ươm doanh nghiệp',13),(72,'Số doanh nghiệp liên kết đào tạo khởi nghiệp','Số doanh nghiệp liên kết đào tạo khởi nghiệp',13),(73,'Xếp hạng Webometrics','Xếp hạng Webometrics',14),(74,'Tỷ lệ công tác nước ngoài','Tỷ lệ giảng viên đi giảng dạy  và nghiên cứu ở nước ngoài',15),(75,'Đào tạo ngắn hạn hiệu quả','Số chương trình đào tạo ngắn hạn đáp ứng mục đích học tập suốt đời/ngành',16),(76,'Số đối tác','Số đối tác trong chiến lược phát triển vùng, địa phương',16),(77,'Sứ mệnh','Có tuyên bố về định hướng đổi mới sáng tạo trong sứ mệnh và chiến lược phát triển',17),(78,'Kế hoạch','Kế hoạch: Có kế hoạch trung hạn và ngắn hạn thực hiện mục tiêu',17),(79,'Cơ cấu tổ chức quản lý','Cơ cấu tổ chức quản lý: Có đơn vị liên quan triển khai thực hiện mục tiêu',17),(80,'Chỉ đạo thực hiện','Chỉ đạo thực hiện: Các chủ trương, chính sách đã thực thi',17);
/*!40000 ALTER TABLE `criterion` ENABLE KEYS */;
UNLOCK TABLES;

--
-- Table structure for table `criterion_category`
--

DROP TABLE IF EXISTS `criterion_category`;
/*!40101 SET @saved_cs_client     = @@character_set_client */;
/*!40101 SET character_set_client = utf8 */;
CREATE TABLE `criterion_category` (
  `id` int(11) NOT NULL AUTO_INCREMENT,
  `name` varchar(50) NOT NULL,
  PRIMARY KEY (`id`)
) ENGINE=InnoDB AUTO_INCREMENT=18 DEFAULT CHARSET=utf8;
/*!40101 SET character_set_client = @saved_cs_client */;

--
-- Dumping data for table `criterion_category`
--

LOCK TABLES `criterion_category` WRITE;
/*!40000 ALTER TABLE `criterion_category` DISABLE KEYS */;
INSERT INTO `criterion_category` VALUES (10,'Đào tạo'),(11,'Nghiên cứu'),(12,'Đổi mới sáng tạo'),(13,'Hệ sinh thái khởi nghiệp'),(14,'Đại học thông minh'),(15,'Mức độ quốc tế hóa'),(16,'Phục vụ cộng đồng'),(17,'Quản trị chiến lược');
/*!40000 ALTER TABLE `criterion_category` ENABLE KEYS */;
UNLOCK TABLES;

--
-- Table structure for table `django_admin_log`
--

DROP TABLE IF EXISTS `django_admin_log`;
/*!40101 SET @saved_cs_client     = @@character_set_client */;
/*!40101 SET character_set_client = utf8 */;
CREATE TABLE `django_admin_log` (
  `id` int(11) NOT NULL AUTO_INCREMENT,
  `action_time` datetime(6) NOT NULL,
  `object_id` longtext,
  `object_repr` varchar(200) NOT NULL,
  `action_flag` smallint(5) unsigned NOT NULL,
  `change_message` longtext NOT NULL,
  `content_type_id` int(11) DEFAULT NULL,
  `user_id` int(11) NOT NULL,
  PRIMARY KEY (`id`),
  KEY `django_admin_log_content_type_id_c4bce8eb_fk_django_co` (`content_type_id`),
  KEY `django_admin_log_user_id_c564eba6_fk` (`user_id`),
  CONSTRAINT `django_admin_log_content_type_id_c4bce8eb_fk_django_co` FOREIGN KEY (`content_type_id`) REFERENCES `django_content_type` (`id`),
  CONSTRAINT `django_admin_log_user_id_c564eba6_fk` FOREIGN KEY (`user_id`) REFERENCES `auth_user` (`id`)
) ENGINE=InnoDB AUTO_INCREMENT=361 DEFAULT CHARSET=utf8;
/*!40101 SET character_set_client = @saved_cs_client */;

--
-- Dumping data for table `django_admin_log`
--

LOCK TABLES `django_admin_log` WRITE;
/*!40000 ALTER TABLE `django_admin_log` DISABLE KEYS */;
INSERT INTO `django_admin_log` VALUES (1,'2018-04-05 14:51:19.725661','1','6.9',1,'[{\"added\": {}}]',12,2),(2,'2018-04-05 14:55:44.056473','1','6.9',2,'[]',12,2),(3,'2018-04-05 14:56:07.332756','2','5.3',1,'[{\"added\": {}}]',12,2),(4,'2018-04-05 14:57:05.853248','1','6.9',3,'',12,2),(5,'2018-04-05 14:57:20.640807','2','5.3',3,'',12,2),(6,'2018-04-05 14:57:34.963859','3','1.4',1,'[{\"added\": {}}]',12,2),(7,'2018-04-05 14:59:14.495601','1','University: Trường Đại học Bách khoa Hà Nội | Subject: Kỹ thuật cơ điện tử | Category: Cơ Sở Vật Chất Và Quản Trị | Score: 1.4',2,'[]',14,2),(8,'2018-04-05 16:06:44.895126','8','5.6',1,'[{\"added\": {}}]',12,2),(9,'2018-04-05 16:07:23.587628','8','5.6',2,'[]',12,2),(10,'2018-04-05 16:08:02.538848','8','5.6',2,'[]',12,2),(11,'2018-04-05 16:08:58.095944','8','5.6',2,'[]',12,2),(12,'2018-04-05 16:09:43.557472','8','5.6',2,'[]',12,2),(13,'2018-04-05 16:10:28.434684','8','5.6',2,'[]',12,2),(14,'2018-04-05 16:12:00.633731','1','University: Trường Đại học Bách khoa Hà Nội | Subject: Kỹ thuật cơ điện tử | Category: Cơ Sở Vật Chất Và Quản Trị | Score: 1.4',3,'',14,2),(15,'2018-04-05 16:12:00.741177','6','University: Trường Đại học Bách khoa Hà Nội | Subject: Kỹ thuật cơ điện tử | Category: Giáo Dục Và Đào Tạo | Score: 5.6',3,'',14,2),(16,'2018-04-05 16:20:14.861291','8','5.6',2,'[]',12,2),(17,'2018-04-05 16:40:09.419128','8','5.6',2,'[]',12,2),(18,'2018-04-05 16:44:32.212644','8','5.6',2,'[]',12,2),(19,'2018-04-05 16:45:20.403900','8','5.6',2,'[]',12,2),(20,'2018-04-05 16:45:53.990219','8','5.6',2,'[]',12,2),(21,'2018-04-05 16:48:34.612027','3','1.4',2,'[]',12,2),(22,'2018-04-05 16:48:44.810292','8','5.6',2,'[]',12,2),(23,'2018-04-05 16:49:07.032596','8','5.6',2,'[]',12,2),(24,'2018-04-05 16:49:24.768364','8','5.6',2,'[]',12,2),(25,'2018-04-05 16:50:09.924730','1','Trường Đại học Bách khoa Hà Nội | Category: Cơ Sở Vật Chất Và Quản Trị | Score: 0.0',3,'',18,2),(26,'2018-04-05 16:51:17.971451','8','5.6',2,'[]',12,2),(27,'2018-04-05 16:51:32.228193','9','8.6',1,'[{\"added\": {}}]',12,2),(28,'2018-04-05 18:22:24.888192','13','6.3',1,'[{\"added\": {}}]',12,2),(29,'2018-04-05 18:24:39.221041','14','8.2',1,'[{\"added\": {}}]',12,2),(30,'2018-04-05 18:30:25.032204','13','4.5',2,'[{\"changed\": {\"fields\": [\"score\"]}}]',12,2),(31,'2018-04-05 18:33:15.777584','3','1.4',3,'',12,2),(32,'2018-04-05 18:33:15.857818','8','5.6',3,'',12,2),(33,'2018-04-05 18:33:15.907854','9','8.6',3,'',12,2),(34,'2018-04-05 18:33:15.949620','13','4.5',3,'',12,2),(35,'2018-04-05 18:33:15.999335','14','8.2',3,'',12,2),(36,'2018-04-05 18:33:48.620336','15','6.3',1,'[{\"added\": {}}]',12,2),(37,'2018-04-05 18:35:51.792832','2','Khoa Luật - Đại học Quốc gia Hà Nội',2,'[{\"changed\": {\"fields\": [\"avg_score\", \"rank\"]}}]',17,2),(38,'2018-04-05 18:36:15.891263','16','8.2',1,'[{\"added\": {}}]',12,2),(39,'2018-04-06 02:28:23.435325','738','Ngô Kiên Tuấn',1,'[{\"added\": {}}]',17,2),(40,'2018-04-06 02:28:47.386932','738','Ngô Kiên Tuấn',3,'',17,2),(41,'2018-04-08 06:13:53.758700','18','5.3',1,'[{\"added\": {}}]',12,2),(42,'2018-04-08 06:14:03.367597','19','4.2',1,'[{\"added\": {}}]',12,2),(43,'2018-04-08 06:14:13.562218','20','8.2',1,'[{\"added\": {}}]',12,2),(44,'2018-04-08 06:14:30.986130','21','4.5',1,'[{\"added\": {}}]',12,2),(45,'2018-04-08 06:14:39.400388','22','4.5',1,'[{\"added\": {}}]',12,2),(46,'2018-04-08 06:14:59.334902','23','5.3',1,'[{\"added\": {}}]',12,2),(47,'2018-04-08 06:15:09.053581','24','6.6',1,'[{\"added\": {}}]',12,2),(48,'2018-04-08 07:42:33.101206','25','University: Trường Đại học Bách khoa Hà Nội | Subject: Công nghệ kỹ thuật cơ điện tử | Criterion: Đầu tư học bổng | Score: 8.6',1,'[{\"added\": {}}]',12,2),(49,'2018-04-08 16:20:12.239037','21','Trường Đại học Bách khoa Hà Nội | Criterion: Giảng đường | Score: 8.5',2,'[{\"changed\": {\"fields\": [\"score\"]}}]',16,2),(50,'2018-04-08 16:30:12.832361','33','Khoa Luật - Đại học Quốc gia Hà Nội | Criterion: Giảng đường | Score: 8.5',1,'[{\"added\": {}}]',16,2),(51,'2018-04-08 16:35:20.786776','21','Trường Đại học Bách khoa Hà Nội | Criterion: Giảng đường | Score: 8.5',2,'[]',16,2),(52,'2018-04-09 08:12:06.186986','26','University: Trường Đại học Bách khoa Hà Nội | Subject: Kỹ thuật điều khiển và tự động hoá | Criterion: Chất lượng giảng dạy | Score: 4.0',1,'[{\"added\": {}}]',12,2),(53,'2018-04-09 08:12:17.392878','26','University: Trường Đại học Bách khoa Hà Nội | Subject: Kỹ thuật điều khiển và tự động hoá | Criterion: Chất lượng giảng dạy | Score: 8.3',2,'[{\"changed\": {\"fields\": [\"score\"]}}]',12,2),(54,'2018-04-09 09:52:54.988539','25','Trường Đại học Bách khoa Hà Nội | Category: Cơ Sở Vật Chất Và Quản Trị | Score: 7.4',3,'',18,2),(55,'2018-04-09 09:52:55.055615','26','Trường Đại học Bách khoa Hà Nội | Category: Giáo Dục Và Đào Tạo | Score: 6.3',3,'',18,2),(56,'2018-04-09 09:52:55.096986','27','Trường Đại học Bách khoa Hà Nội | Category: Nghiên Cứu Khoa Học | Score: 5.35',3,'',18,2),(57,'2018-04-09 09:52:55.130338','28','Trường Đại học Bách khoa Hà Nội | Category: Đối Tác | Score: 6.55',3,'',18,2),(58,'2018-04-09 09:52:55.163836','29','Khoa Luật - Đại học Quốc gia Hà Nội | Category: Cơ Sở Vật Chất Và Quản Trị | Score: 8.5',3,'',18,2),(59,'2018-04-09 09:53:41.175410','15','University: Trường Đại học Bách khoa Hà Nội | Subject: Kỹ thuật cơ điện tử | Criterion: Giảng đường | Score: 7.4',3,'',12,2),(60,'2018-04-09 09:53:41.206002','16','University: Trường Đại học Bách khoa Hà Nội | Subject: Kỹ thuật cơ điện tử | Criterion: Chất lượng quản trị | Score: 8.2',3,'',12,2),(61,'2018-04-09 09:53:41.239241','18','University: Trường Đại học Bách khoa Hà Nội | Subject: Kỹ thuật hàng không | Criterion: Chất lượng sinh viên | Score: 5.3',3,'',12,2),(62,'2018-04-09 09:53:41.298199','19','University: Trường Đại học Bách khoa Hà Nội | Subject: Công nghệ kỹ thuật nhiệt | Criterion: Ảnh hưởng trong khoa học | Score: 4.2',3,'',12,2),(63,'2018-04-09 09:53:41.339808','20','University: Trường Đại học Bách khoa Hà Nội | Subject: Kỹ thuật hàng không | Criterion: Ảnh hưởng trong khoa học | Score: 8.2',3,'',12,2),(64,'2018-04-09 09:53:41.381592','21','University: Trường Đại học Bách khoa Hà Nội | Subject: Công nghệ chế tạo máy | Criterion: Nghiên cứu nổi bật | Score: 4.5',3,'',12,2),(65,'2018-04-09 09:53:41.423376','22','University: Trường Đại học Bách khoa Hà Nội | Subject: Kỹ thuật máy tính | Criterion: Hợp tác trong nước | Score: 4.5',3,'',12,2),(66,'2018-04-09 09:53:41.465107','23','University: Trường Đại học Bách khoa Hà Nội | Subject: Công nghệ kỹ thuật cơ điện tử | Criterion: Đội ngũ giảng dạy | Score: 5.3',3,'',12,2),(67,'2018-04-09 09:53:41.514828','24','University: Trường Đại học Bách khoa Hà Nội | Subject: Công nghệ kỹ thuật nhiệt | Criterion: Thư  viện | Score: 6.6',3,'',12,2),(68,'2018-04-09 09:53:41.565455','25','University: Trường Đại học Bách khoa Hà Nội | Subject: Công nghệ kỹ thuật cơ điện tử | Criterion: Đầu tư học bổng | Score: 8.6',3,'',12,2),(69,'2018-04-09 09:53:41.607400','26','University: Trường Đại học Bách khoa Hà Nội | Subject: Kỹ thuật điều khiển và tự động hoá | Criterion: Chất lượng giảng dạy | Score: 8.3',3,'',12,2),(70,'2018-04-09 09:53:54.460130','33','Khoa Luật - Đại học Quốc gia Hà Nội | Criterion: Giảng đường | Score: 8.5',3,'',16,2),(71,'2018-04-09 10:10:21.335832','27','University: Trường Đại học Bách khoa Hà Nội | Subject: Kỹ thuật cơ điện tử | Criterion: Chất lượng sinh viên | Score: 8.25',1,'[{\"added\": {}}]',12,2),(72,'2018-04-09 10:15:00.762015','36','Trường Đại học Bách khoa Hà Nội | Category: Giáo Dục Và Đào Tạo | Score: 8.25',2,'[]',18,2),(73,'2018-04-09 10:15:19.542163','36','Trường Đại học Bách khoa Hà Nội | Category: Giáo Dục Và Đào Tạo | Score: 8.25',2,'[]',18,2),(74,'2018-04-09 10:43:54.376606','37','Trường Đại học Bách khoa Hà Nội | Criterion: Giảng đường | Score: 8.25',1,'[{\"added\": {}}]',16,2),(75,'2018-04-09 10:59:25.162020','37','Trường Đại học Bách khoa Hà Nội | Criterion: Giảng đường | Score: 8.25',2,'[]',16,2),(76,'2018-04-09 12:43:31.804601','37','Trường Đại học Bách khoa Hà Nội | Criterion: Giảng đường | Score: 8.25',2,'[]',16,2),(77,'2018-04-09 12:43:35.026973','36','Trường Đại học Bách khoa Hà Nội | Criterion: Chất lượng sinh viên | Score: 8.25',2,'[]',16,2),(78,'2018-04-09 13:17:22.359391','37','Trường Đại học Bách khoa Hà Nội | Criterion: Giảng đường | Score: 8.25',2,'[]',16,2),(79,'2018-04-09 13:17:25.560273','36','Trường Đại học Bách khoa Hà Nội | Criterion: Chất lượng sinh viên | Score: 8.25',2,'[]',16,2),(80,'2018-04-09 13:17:29.603651','37','Trường Đại học Bách khoa Hà Nội | Criterion: Giảng đường | Score: 8.25',2,'[]',16,2),(81,'2018-04-09 13:17:33.069958','36','Trường Đại học Bách khoa Hà Nội | Criterion: Chất lượng sinh viên | Score: 8.25',2,'[]',16,2),(82,'2018-04-09 13:32:31.265171','36','Trường Đại học Bách khoa Hà Nội | Criterion: Chất lượng sinh viên | Score: 8.25',2,'[]',16,2),(83,'2018-04-09 13:32:34.590626','37','Trường Đại học Bách khoa Hà Nội | Criterion: Giảng đường | Score: 8.25',2,'[]',16,2),(84,'2018-04-09 13:32:42.602688','37','Trường Đại học Bách khoa Hà Nội | Criterion: Giảng đường | Score: 8.25',3,'',16,2),(85,'2018-04-09 13:32:46.678450','36','Trường Đại học Bách khoa Hà Nội | Criterion: Chất lượng sinh viên | Score: 8.25',2,'[]',16,2),(86,'2018-04-09 13:32:48.359247','36','Trường Đại học Bách khoa Hà Nội | Criterion: Chất lượng sinh viên | Score: 8.25',2,'[]',16,2),(87,'2018-04-09 13:37:30.964423','28','University: Trường Đại học Bách khoa Hà Nội | Subject: Kỹ thuật hàng không | Criterion: Đội ngũ giảng dạy | Score: 5.6',1,'[{\"added\": {}}]',12,2),(88,'2018-04-09 13:37:34.874197','27','University: Trường Đại học Bách khoa Hà Nội | Subject: Kỹ thuật cơ điện tử | Criterion: Chất lượng sinh viên | Score: 8.25',2,'[]',12,2),(89,'2018-04-09 16:04:56.649188','21','University: Trường Đại học Bách khoa Hà Nội | Subject: Chỉ huy kỹ thuật tác chiến điện tử',2,'[{\"changed\": {\"fields\": [\"subject\"]}}]',11,2),(90,'2018-04-09 16:05:13.634540','62','University: Trường Đại học Bách khoa Hà Nội | Subject: Công nghệ chế tạo máy',3,'',11,2),(91,'2018-04-09 16:05:36.674689','21','University: Trường Đại học Bách khoa Hà Nội | Subject: Công nghệ chế tạo máy',2,'[{\"changed\": {\"fields\": [\"subject\"]}}]',11,2),(92,'2018-04-09 16:07:47.215270','63','University: Khoa Luật - Đại học Quốc gia Hà Nội | Subject: Giáo dục học',1,'[{\"added\": {}}]',11,2),(93,'2018-04-09 16:08:03.421150','63','University: Khoa Luật - Đại học Quốc gia Hà Nội | Subject: Giáo dục học',3,'',11,2),(94,'2018-04-12 17:19:19.206694','38','Trường Đại học Bách khoa Hà Nội | Criterion: Đội ngũ giảng dạy | Score: 5.6',3,'',16,2),(95,'2018-04-12 17:27:49.675977','29','University: Trường Đại học Bách khoa Hà Nội | Subject: Kỹ thuật cơ điện tử | Criterion: Tốt nghiệp đúng hạn | Score: 9.1',2,'[]',12,2),(96,'2018-04-12 17:28:06.920216','29','University: Trường Đại học Bách khoa Hà Nội | Subject: Kỹ thuật cơ điện tử | Criterion: Tốt nghiệp đúng hạn | Score: 9.1',2,'[]',12,2),(97,'2018-04-12 17:28:27.531928','28','University: Trường Đại học Bách khoa Hà Nội | Subject: Kỹ thuật hàng không | Criterion: Đội ngũ giảng dạy | Score: 5.6',2,'[]',12,2),(98,'2018-04-12 17:28:47.878384','39','Trường Đại học Bách khoa Hà Nội | Criterion: Tốt nghiệp đúng hạn | Score: 9.1',3,'',16,2),(99,'2018-04-12 17:28:47.914053','40','Trường Đại học Bách khoa Hà Nội | Criterion: Đội ngũ giảng dạy | Score: 5.6',3,'',16,2),(100,'2018-04-12 17:29:09.570589','28','University: Trường Đại học Bách khoa Hà Nội | Subject: Kỹ thuật hàng không | Criterion: Đội ngũ giảng dạy | Score: 5.6',2,'[]',12,2),(101,'2018-04-12 17:29:12.761245','29','University: Trường Đại học Bách khoa Hà Nội | Subject: Kỹ thuật cơ điện tử | Criterion: Tốt nghiệp đúng hạn | Score: 9.1',2,'[]',12,2),(102,'2018-04-12 17:29:42.621463','28','University: Trường Đại học Bách khoa Hà Nội | Subject: Kỹ thuật hàng không | Criterion: Đội ngũ giảng dạy | Score: 5.6',3,'',12,2),(103,'2018-04-12 17:29:42.659610','29','University: Trường Đại học Bách khoa Hà Nội | Subject: Kỹ thuật cơ điện tử | Criterion: Tốt nghiệp đúng hạn | Score: 9.1',3,'',12,2),(104,'2018-04-12 17:30:31.579408','30','University: Trường Đại học Bách khoa Hà Nội | Subject: Kỹ thuật hàng không | Criterion: Chất lượng giảng dạy | Score: 5.6',1,'[{\"added\": {}}]',12,2),(105,'2018-04-12 17:30:40.996977','31','University: Trường Đại học Bách khoa Hà Nội | Subject: Kỹ thuật tàu thuỷ | Criterion: Việc làm ngoài nước | Score: 6.52',1,'[{\"added\": {}}]',12,2),(106,'2018-04-12 17:30:55.956126','30','University: Trường Đại học Bách khoa Hà Nội | Subject: Kỹ thuật hàng không | Criterion: Chất lượng giảng dạy | Score: 5.6',3,'',12,2),(107,'2018-04-12 17:30:56.022542','31','University: Trường Đại học Bách khoa Hà Nội | Subject: Kỹ thuật tàu thuỷ | Criterion: Việc làm ngoài nước | Score: 6.52',3,'',12,2),(108,'2018-04-12 17:32:16.370073','32','University: Trường Đại học Bách khoa Hà Nội | Subject: Công nghệ kỹ thuật cơ điện tử | Criterion: Chất lượng sinh viên | Score: 8.6',1,'[{\"added\": {}}]',12,2),(109,'2018-04-12 17:35:13.954707','45','Trường Đại học Bách khoa Hà Nội | Criterion: Chất lượng sinh viên | Score: 8.6',3,'',16,2),(110,'2018-04-12 17:35:26.355022','46','Khoa Quản trị Kinh doanh - Đại học Quốc gia Hà Nội | Criterion: Thư  viện | Score: 6.5',1,'[{\"added\": {}}]',16,2),(111,'2018-04-12 17:35:30.983320','46','Khoa Quản trị Kinh doanh - Đại học Quốc gia Hà Nội | Criterion: Thư  viện | Score: 6.5',3,'',16,2),(112,'2018-04-12 17:36:15.002647','32','University: Trường Đại học Bách khoa Hà Nội | Subject: Công nghệ kỹ thuật cơ điện tử | Criterion: Chất lượng sinh viên | Score: 8.6',2,'[]',12,2),(113,'2018-04-12 17:36:28.480881','48','Khoa Quốc tế - Đại học Quốc gia Hà Nội | Criterion: Chất lượng quản trị | Score: 5.6',1,'[{\"added\": {}}]',16,2),(114,'2018-04-12 17:36:31.652210','48','Khoa Quốc tế - Đại học Quốc gia Hà Nội | Criterion: Chất lượng quản trị | Score: 5.6',3,'',16,2),(115,'2018-04-12 17:36:59.725964','49','Khoa Luật - Đại học Quốc gia Hà Nội | Criterion: Giảng đường | Score: 5.6',1,'[{\"added\": {}}]',16,2),(116,'2018-04-12 17:42:27.441237','47','Trường Đại học Bách khoa Hà Nội | Criterion: Chất lượng sinh viên | Score: 8.6',3,'',16,2),(117,'2018-04-12 17:42:27.476740','49','Khoa Luật - Đại học Quốc gia Hà Nội | Criterion: Giảng đường | Score: 5.6',3,'',16,2),(118,'2018-04-12 17:42:41.529804','32','University: Trường Đại học Bách khoa Hà Nội | Subject: Công nghệ kỹ thuật cơ điện tử | Criterion: Chất lượng sinh viên | Score: 8.6',2,'[]',12,2),(119,'2018-04-12 17:58:48.282358','50','Trường Đại học Bách khoa Hà Nội | Criterion: Chất lượng sinh viên | Score: 8.6',2,'[]',16,2),(120,'2018-04-12 17:58:54.306238','50','Trường Đại học Bách khoa Hà Nội | Criterion: Chất lượng sinh viên | Score: 8.6',2,'[]',16,2),(121,'2018-04-12 18:18:42.469968','51','Khoa Luật - Đại học Quốc gia Hà Nội | Criterion: Thư  viện | Score: 8.5',1,'[{\"added\": {}}]',16,2),(122,'2018-04-12 18:26:16.382350','52','Khoa Quản trị Kinh doanh - Đại học Quốc gia Hà Nội | Criterion: Giảng đường | Score: 4.5',1,'[{\"added\": {}}]',16,2),(123,'2018-04-17 11:20:23.223192','32','University: Trường Đại học Bách khoa Hà Nội | Subject: Công nghệ kỹ thuật cơ điện tử | Criterion: Chất lượng sinh viên | Score: 8.6',3,'',12,2),(124,'2018-04-17 11:20:36.476929','51','Khoa Luật - Đại học Quốc gia Hà Nội | Criterion: Thư  viện | Score: 8.5',3,'',16,2),(125,'2018-04-17 11:20:36.545350','52','Khoa Quản trị Kinh doanh - Đại học Quốc gia Hà Nội | Criterion: Giảng đường | Score: 4.5',3,'',16,2),(126,'2018-04-17 12:43:48.767414','63','University: Khoa Luật - Đại học Quốc gia Hà Nội | Subject: Nhiếp ảnh',1,'[{\"added\": {}}]',11,2),(127,'2018-06-25 02:26:31.193387','10','Hệ sinh thái khởi nghiệp',1,'[{\"added\": {}}]',9,3),(128,'2018-06-25 02:27:24.443168','24','Tỉ lệ  phòng thí nghiệ',1,'[{\"added\": {}}]',10,3),(129,'2018-06-25 02:29:22.267092','25','Không gian hỗ trợ khởi nghiệp',1,'[{\"added\": {}}]',10,3),(130,'2018-06-25 02:39:56.947374','10','Hệ sinh thái khởi nghiệp',2,'[{\"changed\": {\"fields\": [\"university_only\"]}}]',9,3),(138,'2018-06-26 08:09:56.606355','10','Hệ sinh thái khởi nghiệp',1,'[{\"added\": {}}]',9,3),(139,'2018-06-26 08:10:05.321662','10','Hệ sinh thái khởi nghiệp',2,'[{\"changed\": {\"fields\": [\"university_only\"]}}]',9,3),(140,'2018-06-26 08:10:27.816008','24','Tỉ lệ  phòng thí nghiệ',1,'[{\"added\": {}}]',10,3),(141,'2018-06-26 08:10:57.510848','24','Tỉ lệ  phòng thí nghiệm',2,'[{\"changed\": {\"fields\": [\"name\", \"description\"]}}]',10,3),(142,'2018-06-26 08:11:18.569578','25','Không gian hỗ trợ khởi nghiệp',1,'[{\"added\": {}}]',10,3),(143,'2018-06-26 08:11:43.890904','373','Đại học Quốc gia Hà Nội | Criterion: Tỉ lệ  phòng thí nghiệm | Score: 5.0',1,'[{\"added\": {}}]',16,3),(144,'2018-06-26 08:15:32.734352','374','Đại học Quốc gia Hà Nội | Criterion: Không gian hỗ trợ khởi nghiệp | Score: 6.0',1,'[{\"added\": {}}]',16,3),(145,'2018-06-26 08:22:03.333389','375','Khoa Quốc tế - Đại học Quốc gia Hà Nội | Criterion: Tỉ lệ  phòng thí nghiệm | Score: 0.0',1,'[{\"added\": {}}]',16,3),(146,'2018-06-26 08:22:17.848038','376','Khoa Quốc tế - Đại học Quốc gia Hà Nội | Criterion: Không gian hỗ trợ khởi nghiệp | Score: 0.0',1,'[{\"added\": {}}]',16,3),(147,'2018-06-27 04:52:04.155850','10','Hệ sinh thái khởi nghiệp',3,'',9,3),(148,'2018-07-04 10:35:03.237139','1','Đại học Quốc gia Hà Nội',2,'[{\"changed\": {\"fields\": [\"address\"]}}]',19,3),(149,'2018-07-04 10:35:09.521424','1','Đại học Quốc gia Hà Nội',2,'[]',19,3),(150,'2018-07-06 08:31:02.342226','477','University: Đại học Quốc gia Hà Nội | Subject: Ngôn ngữ Hàn Quốc',1,'[{\"added\": {}}]',11,3),(151,'2018-07-06 08:52:42.852043','53','Trường Đại học Bách khoa Hà Nội | Criterion: Giảng đường | Score: 9.5',2,'[{\"changed\": {\"fields\": [\"score\"]}}]',16,3),(152,'2018-07-06 08:54:55.791238','53','Trường Đại học Bách khoa Hà Nội | Criterion: Giảng đường | Score: 0.5',2,'[{\"changed\": {\"fields\": [\"score\"]}}]',16,3),(153,'2018-07-06 09:13:53.696166','483','University: Trường Đại học Kinh tế - Đại học Quốc gia Hà Nội | Subject: Giáo dục học',1,'[{\"added\": {}}]',11,3),(154,'2018-07-06 09:40:40.290375','483','University: Trường Đại học Kinh tế - Đại học Quốc gia Hà Nội | Subject: Giáo dục học',2,'[]',11,3),(155,'2018-07-06 09:40:40.531248','483','University: Trường Đại học Kinh tế - Đại học Quốc gia Hà Nội | Subject: Giáo dục học',2,'[]',11,3),(156,'2018-07-06 09:42:02.618714','483','University: Trường Đại học Kinh tế - Đại học Quốc gia Hà Nội | Subject: Giáo dục học',2,'[]',11,3),(157,'2018-07-06 09:42:09.819230','483','University: Trường Đại học Kinh tế - Đại học Quốc gia Hà Nội | Subject: Giáo dục học',2,'[]',11,3),(158,'2018-07-06 09:42:18.860918','483','University: Trường Đại học Kinh tế - Đại học Quốc gia Hà Nội | Subject: Sư phạm Kỹ thuật nông nghiệp',2,'[{\"changed\": {\"fields\": [\"subject\"]}}]',11,3),(159,'2018-07-06 09:43:26.655237','483','University: Trường Đại học Kinh tế - Đại học Quốc gia Hà Nội | Subject: Sư phạm Kỹ thuật nông nghiệp',2,'[]',11,3),(160,'2018-07-06 10:00:16.601876','483','University: Trường Đại học Kinh tế - Đại học Quốc gia Hà Nội | Subject: Sư phạm Kỹ thuật nông nghiệp',2,'[]',11,3),(161,'2018-07-06 10:01:13.071959','483','University: Trường Đại học Kinh tế - Đại học Quốc gia Hà Nội | Subject: Sư phạm Kỹ thuật nông nghiệp',2,'[]',11,3),(162,'2018-07-06 10:02:38.618909','483','University: Trường Đại học Kinh tế - Đại học Quốc gia Hà Nội | Subject: Sư phạm Kỹ thuật nông nghiệp',2,'[]',11,3),(163,'2018-07-06 10:03:22.483103','483','University: Trường Đại học Kinh tế - Đại học Quốc gia Hà Nội | Subject: Sư phạm Kỹ thuật nông nghiệp',2,'[]',11,3),(164,'2018-07-09 01:47:42.964865','11','University: Đại học Quốc gia Hà Nội | Sector: NGHỆ THUẬT',1,'[{\"added\": {}}]',20,3),(165,'2018-07-10 06:55:44.289779','2','University: Đại học Quốc gia Hà Nội | Subject: KHOA HỌC GIÁO DỤC VÀ ĐÀO TẠO GIÁO VIÊN',1,'[{\"added\": {}}]',20,3),(166,'2018-07-10 06:56:52.110212','2','University: Đại học Quốc gia Hà Nội | Subject: KHOA HỌC GIÁO DỤC VÀ ĐÀO TẠO GIÁO VIÊN',2,'[]',20,3),(167,'2018-07-10 06:56:52.155765','2','University: Đại học Quốc gia Hà Nội | Subject: KHOA HỌC GIÁO DỤC VÀ ĐÀO TẠO GIÁO VIÊN',2,'[]',20,3),(168,'2018-07-10 06:57:13.152133','24','Test',1,'[{\"added\": {}}]',21,3),(169,'2018-07-10 07:27:05.600724','3','University: Khoa Luật - Đại học Quốc gia Hà Nội | Subject: KHOA HỌC GIÁO DỤC VÀ ĐÀO TẠO GIÁO VIÊN',1,'[{\"added\": {}}]',20,3),(170,'2018-07-10 07:27:18.207867','4','University: Khoa Quản trị Kinh doanh - Đại học Quốc gia Hà Nội | Subject: KHOA HỌC GIÁO DỤC VÀ ĐÀO TẠO GIÁO VIÊN',1,'[{\"added\": {}}]',20,3),(171,'2018-07-10 08:02:23.596904','5','University: Trường Đại học Ngoại ngữ - Đại học Quốc gia Hà Nội | Subject: KHOA HỌC GIÁO DỤC VÀ ĐÀO TẠO GIÁO VIÊN',1,'[{\"added\": {}}]',20,3),(172,'2018-07-10 08:02:29.936176','6','University: Trường Đại học Khoa học Xã hội và Nhân văn - Đại học Quốc gia Hà Nội | Subject: KHOA HỌC GIÁO DỤC VÀ ĐÀO TẠO GIÁO VIÊN',1,'[{\"added\": {}}]',20,3),(173,'2018-07-10 08:02:38.242253','7','University: Khoa Y - Đại học Quốc gia Thành phố Hồ Chí Minh | Subject: KHOA HỌC GIÁO DỤC VÀ ĐÀO TẠO GIÁO VIÊN',1,'[{\"added\": {}}]',20,3),(174,'2018-07-10 08:02:47.748569','7','University: Trường Đại học Khoa học Xã hội và Nhân văn - Đại học Quốc gia Thành phố Hồ Chí Minh | Subject: KHOA HỌC GIÁO DỤC VÀ ĐÀO TẠO GIÁO VIÊN',2,'[{\"changed\": {\"fields\": [\"university\"]}}]',20,3),(175,'2018-07-10 08:02:54.422598','7','University: Trường Đại học Việt - Nhật - Đại học Quốc gia Hà Nội | Subject: KHOA HỌC GIÁO DỤC VÀ ĐÀO TẠO GIÁO VIÊN',2,'[{\"changed\": {\"fields\": [\"university\"]}}]',20,3),(176,'2018-07-10 08:02:57.669277','7','University: Khoa Y Dược - Đại học Quốc gia Hà Nội | Subject: KHOA HỌC GIÁO DỤC VÀ ĐÀO TẠO GIÁO VIÊN',2,'[{\"changed\": {\"fields\": [\"university\"]}}]',20,3),(177,'2018-07-10 08:03:01.558233','7','University: Trường Đại học Khoa học Tự nhiên - Đại học Quốc gia Hà Nội | Subject: KHOA HỌC GIÁO DỤC VÀ ĐÀO TẠO GIÁO VIÊN',2,'[{\"changed\": {\"fields\": [\"university\"]}}]',20,3),(178,'2018-07-10 08:03:08.548948','7','University: Trường Đại học Công nghệ - Đại học Quốc gia Hà Nội | Subject: KHOA HỌC GIÁO DỤC VÀ ĐÀO TẠO GIÁO VIÊN',2,'[{\"changed\": {\"fields\": [\"university\"]}}]',20,3),(179,'2018-07-10 08:03:13.401795','7','University: Khoa Y - Đại học Quốc gia Thành phố Hồ Chí Minh | Subject: KHOA HỌC GIÁO DỤC VÀ ĐÀO TẠO GIÁO VIÊN',2,'[{\"changed\": {\"fields\": [\"university\"]}}]',20,3),(180,'2018-07-10 08:03:21.663760','7','University: Phân hiệu Đại học Quốc gia Thành phố Hồ Chí Minh tại Bến Tre | Subject: KHOA HỌC GIÁO DỤC VÀ ĐÀO TẠO GIÁO VIÊN',2,'[{\"changed\": {\"fields\": [\"university\"]}}]',20,3),(181,'2018-07-10 08:03:32.880707','7','University: Trường Đại học Công nghệ - Đại học Quốc gia Hà Nội | Subject: KHOA HỌC GIÁO DỤC VÀ ĐÀO TẠO GIÁO VIÊN',2,'[{\"changed\": {\"fields\": [\"university\"]}}]',20,3),(182,'2018-07-10 08:03:37.068303','7','University: Trường Đại học Quốc tế - Đại học Quốc gia Thành phố Hồ Chí Minh | Subject: KHOA HỌC GIÁO DỤC VÀ ĐÀO TẠO GIÁO VIÊN',2,'[{\"changed\": {\"fields\": [\"university\"]}}]',20,3),(183,'2018-07-10 08:03:42.892877','7','University: Trường Đại học Công đoàn | Subject: KHOA HỌC GIÁO DỤC VÀ ĐÀO TẠO GIÁO VIÊN',2,'[{\"changed\": {\"fields\": [\"university\"]}}]',20,3),(184,'2018-07-10 08:03:46.706374','7','University: Trường Đại học Kinh tế - Kỹ thuật Công nghiệp | Subject: KHOA HỌC GIÁO DỤC VÀ ĐÀO TẠO GIÁO VIÊN',2,'[{\"changed\": {\"fields\": [\"university\"]}}]',20,3),(185,'2018-07-10 08:03:50.906010','7','University: Trường Đại học Lâm nghiệp Việt Nam | Subject: KHOA HỌC GIÁO DỤC VÀ ĐÀO TẠO GIÁO VIÊN',2,'[{\"changed\": {\"fields\": [\"university\"]}}]',20,3),(186,'2018-07-10 08:03:54.878168','7','University: Trường Đại học Sân khấu - Điện ảnh Hà Nội | Subject: KHOA HỌC GIÁO DỤC VÀ ĐÀO TẠO GIÁO VIÊN',2,'[{\"changed\": {\"fields\": [\"university\"]}}]',20,3),(187,'2018-07-10 08:03:58.546136','7','University: Trường Đại học Sư phạm Kỹ thuật Thành phố Hồ Chí Minh | Subject: KHOA HỌC GIÁO DỤC VÀ ĐÀO TẠO GIÁO VIÊN',2,'[{\"changed\": {\"fields\": [\"university\"]}}]',20,3),(188,'2018-07-10 08:04:36.829615','8','University: Trường Đại học Giáo dục - Đại học Quốc gia Hà Nội | Subject: KHOA HỌC GIÁO DỤC VÀ ĐÀO TẠO GIÁO VIÊN',1,'[{\"added\": {}}]',20,3),(189,'2018-07-10 08:04:51.134372','8','University: Trường Đại học Bách khoa - Đại học Quốc gia Thành phố Hồ Chí Minh | Subject: KHOA HỌC GIÁO DỤC VÀ ĐÀO TẠO GIÁO VIÊN',2,'[{\"changed\": {\"fields\": [\"university\"]}}]',20,3),(190,'2018-07-10 08:05:01.176598','8','University: Trường Đại học Sư phạm Hà Nội 2 | Subject: KHOA HỌC GIÁO DỤC VÀ ĐÀO TẠO GIÁO VIÊN',2,'[{\"changed\": {\"fields\": [\"university\"]}}]',20,3),(191,'2018-07-10 08:05:10.967481','8','University: Trường Đại học Sư phạm Hà Nội 2 | Subject: KHOA HỌC GIÁO DỤC VÀ ĐÀO TẠO GIÁO VIÊN',2,'[]',20,3),(192,'2018-07-10 08:05:11.117566','8','University: Trường Đại học Sư phạm Hà Nội 2 | Subject: KHOA HỌC GIÁO DỤC VÀ ĐÀO TẠO GIÁO VIÊN',2,'[]',20,3),(193,'2018-07-10 08:05:17.302325','8','University: Trường Đại học Sư phạm Hà Nội 2 | Subject: KHOA HỌC GIÁO DỤC VÀ ĐÀO TẠO GIÁO VIÊN',2,'[]',20,3),(194,'2018-07-10 08:05:36.746558','9','University: Trường Đại học Kinh tế - Đại học Quốc gia Hà Nội | Subject: KHOA HỌC GIÁO DỤC VÀ ĐÀO TẠO GIÁO VIÊN',1,'[{\"added\": {}}]',20,3),(195,'2018-07-10 08:05:47.019319','10','University: Trường Đại học Khoa học Tự nhiên - Đại học Quốc gia Hà Nội | Subject: KHOA HỌC GIÁO DỤC VÀ ĐÀO TẠO GIÁO VIÊN',1,'[{\"added\": {}}]',20,3),(196,'2018-07-10 08:06:03.760637','11','University: Đại học Quốc gia Hà Nội | Subject: NGHỆ THUẬT',1,'[{\"added\": {}}]',20,3),(197,'2018-07-17 07:04:10.006128','10','Đào tạo',1,'[{\"added\": {}}]',9,3),(198,'2018-07-17 07:10:11.251460','24','Điểm tuyển sinh',1,'[{\"added\": {}}]',10,3),(199,'2018-07-17 07:11:59.002375','11','Nghiên cứu',1,'[{\"added\": {}}]',9,3),(200,'2018-07-17 07:12:06.535946','11','Nghiên cứu',2,'[]',9,3),(201,'2018-07-17 07:12:10.211324','12','Đổi mới sáng tạo',1,'[{\"added\": {}}]',9,3),(202,'2018-07-17 07:12:17.402967','13','Hệ sinh thái khởi nghiệp',1,'[{\"added\": {}}]',9,3),(203,'2018-07-17 07:12:24.855395','14','Đại học thông minh',1,'[{\"added\": {}}]',9,3),(204,'2018-07-17 07:12:32.052804','15','Mức độ quốc tế hóa',1,'[{\"added\": {}}]',9,3),(205,'2018-07-17 07:12:38.351341','16','Phục vụ cộng đồng',1,'[{\"added\": {}}]',9,3),(206,'2018-07-17 07:13:02.255487','6','Giáo Dục Và Đào Tạo',2,'[{\"changed\": {\"fields\": [\"university_only\"]}}]',9,3),(207,'2018-07-17 07:13:10.734900','7','Nghiên Cứu Khoa Học',2,'[{\"changed\": {\"fields\": [\"university_only\"]}}]',9,3),(208,'2018-07-17 07:13:17.486061','8','Đối Tác',2,'[{\"changed\": {\"fields\": [\"university_only\"]}}]',9,3),(209,'2018-07-17 07:13:25.693274','9','Việc Làm',2,'[{\"changed\": {\"fields\": [\"university_only\"]}}]',9,3),(210,'2018-07-17 07:13:37.588391','13','Hệ sinh thái khởi nghiệp',2,'[{\"changed\": {\"fields\": [\"university_only\"]}}]',9,3),(211,'2018-07-17 07:13:55.994200','15','Mức độ quốc tế hóa',2,'[{\"changed\": {\"fields\": [\"university_only\"]}}]',9,3),(212,'2018-07-17 07:14:03.710586','16','Phục vụ cộng đồng',2,'[{\"changed\": {\"fields\": [\"university_only\"]}}]',9,3),(213,'2018-07-17 07:16:32.435856','5','Cơ Sở Vật Chất Và Quản Trị',3,'',9,3),(214,'2018-07-17 07:16:32.522261','6','Giáo Dục Và Đào Tạo',3,'',9,3),(215,'2018-07-17 07:16:32.578458','7','Nghiên Cứu Khoa Học',3,'',9,3),(216,'2018-07-17 07:16:32.634409','8','Đối Tác',3,'',9,3),(217,'2018-07-17 07:16:32.690902','9','Việc Làm',3,'',9,3),(218,'2018-07-17 07:18:37.545240','25','Tỉ lệ GV/quy mô',1,'[{\"added\": {}}]',10,3),(219,'2018-07-17 07:18:52.495507','26','Tỉ lệ TS/GV',1,'[{\"added\": {}}]',10,3),(220,'2018-07-17 07:19:06.278861','27','Tỉ lệ GS-PGS/GV',1,'[{\"added\": {}}]',10,3),(221,'2018-07-17 07:19:51.317813','28','Tỉ lệ Đào tạo SĐH',1,'[{\"added\": {}}]',10,3),(222,'2018-07-17 07:20:04.618654','29','Tỉ lệ NCS',1,'[{\"added\": {}}]',10,3),(223,'2018-07-17 07:20:19.963908','30','Tỉ lệ ngành công nghiệp 4.0',1,'[{\"added\": {}}]',10,3),(224,'2018-07-17 07:20:32.942036','31','Tỉ lệ Đào tạo khởi nghiệp',1,'[{\"added\": {}}]',10,3),(225,'2018-07-17 07:20:51.054105','32','Tỉ lệ Đào tạo công nghệ 4.0',1,'[{\"added\": {}}]',10,3),(226,'2018-07-17 07:21:06.011245','33','Độ hài lòng(sinh viên)',1,'[{\"added\": {}}]',10,3),(227,'2018-07-17 07:21:18.309231','34','Độ hài lòng (nhà tuyển dụng)',1,'[{\"added\": {}}]',10,3),(228,'2018-07-17 07:21:30.372807','35','TỈ lệ giải thường của sinh viên',1,'[{\"added\": {}}]',10,3),(229,'2018-07-17 07:21:45.492445','36','Số bài báo được đăng tải/5 năm',1,'[{\"added\": {}}]',10,3),(230,'2018-07-17 07:22:09.115576','37','Số bài bái ISI/ Scopus/GV/5 năm',1,'[{\"added\": {}}]',10,3),(231,'2018-07-17 07:22:21.024344','38','Số trích dẫn bài báo/ 5 năm',1,'[{\"added\": {}}]',10,3),(232,'2018-07-17 07:22:35.097345','39','Số sách phát hành/5 năm',1,'[{\"added\": {}}]',10,3),(233,'2018-07-17 07:22:47.107912','40','Số giải thưởng học thuật/ 5 năm',1,'[{\"added\": {}}]',10,3),(234,'2018-07-17 07:22:58.739630','41','Ngân sách hỗ trợ(Triệu VNĐ)',1,'[{\"added\": {}}]',10,3),(235,'2018-07-17 07:23:14.344896','42','Số đơn đăng ký sáng chế',1,'[{\"added\": {}}]',10,3),(236,'2018-07-17 07:24:56.371425','43','Tài trợ từ doanh nghiệp(Triệu VNĐ)',1,'[{\"added\": {}}]',10,3),(237,'2018-07-17 07:25:10.161518','44','Số doanh nghiệp khởi nghiệp',1,'[{\"added\": {}}]',10,3),(238,'2018-07-17 07:25:21.827317','45','Tỉ lệ  phòng thí nghiệm',1,'[{\"added\": {}}]',10,3),(239,'2018-07-17 07:25:33.133464','46','Không gian hỗ trợ khởi nghiệp',1,'[{\"added\": {}}]',10,3),(240,'2018-07-17 07:25:47.635353','47','Phạm vi phủ sóng wifi',1,'[{\"added\": {}}]',10,3),(241,'2018-07-17 07:26:04.182485','48','Số lượng máy tính',1,'[{\"added\": {}}]',10,3),(242,'2018-07-17 07:26:15.594099','49','Tư liệu số hóa',1,'[{\"added\": {}}]',10,3),(243,'2018-07-17 07:26:24.923359','50','Tần suất truy cập học liệu',1,'[{\"added\": {}}]',10,3),(244,'2018-07-17 07:26:41.105740','51','Tương tác sinh viên – giảng viên',1,'[{\"added\": {}}]',10,3),(245,'2018-07-17 07:26:50.129208','52','Tỉ lệ bài giảng online',1,'[{\"added\": {}}]',10,3),(246,'2018-07-17 07:27:11.349646','53','Số lượng PTN',1,'[{\"added\": {}}]',10,3),(247,'2018-07-17 07:27:29.011249','54','Hỗ trợ, tương tác',1,'[{\"added\": {}}]',10,3),(248,'2018-07-17 07:27:39.428230','55','Phần mềm kiểm tra đạo nhái',1,'[{\"added\": {}}]',10,3),(249,'2018-07-17 07:27:52.704399','56','Đào tạo bằng ngoại ngữ',1,'[{\"added\": {}}]',10,3),(250,'2018-07-17 07:28:08.692658','57','Chương trình liên kết',1,'[{\"added\": {}}]',10,3),(251,'2018-07-17 07:28:19.502803','58','Sinh viên nước ngoài',1,'[{\"added\": {}}]',10,3),(252,'2018-07-17 07:28:31.325966','59','Giảng viên nước ngoài',1,'[{\"added\": {}}]',10,3),(253,'2018-07-17 07:28:42.357057','60','Tỉ lệ SV nước ngoài đến trao đổi',1,'[{\"added\": {}}]',10,3),(254,'2018-07-17 07:28:53.136871','61','Tỉ lệ SV đi trao đổi',1,'[{\"added\": {}}]',10,3),(255,'2018-07-17 07:29:05.955504','62','Hội nghị, hội thảo quốc tế',1,'[{\"added\": {}}]',10,3),(256,'2018-07-17 07:29:19.953947','63','Tỉ lệ bài báo hợp tác quố tế',1,'[{\"added\": {}}]',10,3),(257,'2018-07-17 07:29:31.402087','64','Kinh phí cho dự án quốc tế',1,'[{\"added\": {}}]',10,3),(258,'2018-07-17 07:29:46.194071','65','Tài trợ/GV',1,'[{\"added\": {}}]',10,3),(259,'2018-07-17 07:29:57.973594','66','Tài trợ từ hoạt động dịch vụ',1,'[{\"added\": {}}]',10,3),(260,'2018-07-17 07:30:32.739972','53','Số lượng PTN',3,'',10,3),(261,'2018-07-17 07:31:08.614029','67','Số lượng PTN',1,'[{\"added\": {}}]',10,3),(262,'2018-07-17 07:36:22.387678','373','Đại học Quốc gia Hà Nội | Criterion: Điểm tuyển sinh | Score: 10.0',1,'[{\"added\": {}}]',16,3),(263,'2018-07-17 07:43:49.732395','374','Đại học Quốc gia Thành phố Hồ Chí Minh | Criterion: Tỉ lệ GV/quy mô | Score: 9.0',1,'[{\"added\": {}}]',16,3),(264,'2018-07-17 07:44:08.558069','375','Phân hiệu Đại học Quốc gia Thành phố Hồ Chí Minh tại Bến Tre | Criterion: Tỉ lệ Đào tạo công nghệ 4.0 | Score: 8.0',1,'[{\"added\": {}}]',16,3),(265,'2018-07-17 07:46:16.871017','376','Đại học Quốc gia Hà Nội | Criterion: Độ hài lòng (nhà tuyển dụng) | Score: 7.0',1,'[{\"added\": {}}]',16,3),(266,'2018-07-17 07:57:31.032927','24','Test',3,'',21,3),(267,'2018-07-17 09:36:38.628075','1190','University: Trường Đại học Y Dược Hải Phòng | Subject: KHOA HỌC GIÁO DỤC VÀ ĐÀO TẠO GIÁO VIÊN',1,'[{\"added\": {}}]',20,3),(268,'2018-07-24 08:58:36.736167','376','Đại học Quốc gia Hà Nội | Criterion: Độ hài lòng (nhà tuyển dụng) | Score: 7.0',3,'',16,3),(269,'2018-07-24 09:00:19.975285','377','Đại học Quốc gia Hà Nội | Criterion: Tỉ lệ GV/quy mô | Score: 7.25',3,'',16,3),(270,'2018-07-24 09:01:20.416384','2','University: Đại học Quốc gia Hà Nội | Subject: KHOA HỌC GIÁO DỤC VÀ ĐÀO TẠO GIÁO VIÊN',3,'',20,3),(271,'2018-07-24 09:17:13.298814','373','Đại học Quốc gia Hà Nội | Criterion: Điểm tuyển sinh | Score: 10.0',3,'',16,3),(272,'2018-07-25 06:16:10.788734','12','ádad',3,'',3,3),(273,'2018-07-25 06:16:10.974400','1','AnonymousUser',3,'',3,3),(274,'2018-07-25 06:16:11.029945','10','csc',3,'',3,3),(275,'2018-07-25 06:16:11.108000','11','csca',3,'',3,3),(276,'2018-07-25 06:16:11.163749','9','cx',3,'',3,3),(277,'2018-07-25 06:16:11.253140','8','fdf',3,'',3,3),(278,'2018-07-25 06:16:11.308940','6','lecongthuong',3,'',3,3),(279,'2018-07-25 06:16:11.364675','7','ngokien',3,'',3,3),(280,'2018-07-25 06:16:11.420016','13','s',3,'',3,3),(281,'2018-07-25 06:16:11.476128','4','vantrong',3,'',3,3),(282,'2018-07-28 03:32:17.899887','2','User: vantrong291 | University: Đại học Quốc gia Hà Nội',1,'[{\"added\": {}}]',22,3),(283,'2018-07-28 03:40:56.327163','3','User: AnonymousUser | University: Khoa Y Dược - Đại học Quốc gia Hà Nội',1,'[{\"added\": {}}]',23,3),(284,'2018-07-28 03:56:53.719150','1','User: vantrong291 | University: Đại học Quốc gia Hà Nội',1,'[{\"added\": {}}]',24,3),(285,'2018-07-30 11:40:41.667461','4','User: vantrong291 | University: Khoa Quốc tế - Đại học Quốc gia Hà Nội',1,'[{\"added\": {}}]',23,3),(286,'2018-07-30 11:40:47.755444','5','User: vantrong291 | University: Trường Đại học Khoa học Tự nhiên - Đại học Quốc gia Thành phố Hồ Chí Minh',1,'[{\"added\": {}}]',23,3),(287,'2018-07-30 11:40:55.836555','6','User: vantrong291 | University: Phân hiệu Đại học Quốc gia Thành phố Hồ Chí Minh tại Bến Tre',1,'[{\"added\": {}}]',23,3),(288,'2018-07-30 11:41:06.975589','7','User: vantrong291 | University: Khoa Y - Đại học Quốc gia Thành phố Hồ Chí Minh',1,'[{\"added\": {}}]',23,3),(289,'2018-07-30 11:41:12.230524','8','User: vantrong291 | University: Trường Đại học Ngoại ngữ - Đại học Quốc gia Hà Nội',1,'[{\"added\": {}}]',23,3),(290,'2018-08-01 03:30:33.947715','24','',3,'',21,3),(291,'2018-08-01 03:30:34.203434','25','',3,'',21,3),(292,'2018-08-01 03:30:34.281684','26','',3,'',21,3),(293,'2018-08-01 03:30:34.337337','27','',3,'',21,3),(294,'2018-08-01 03:30:34.393134','28','',3,'',21,3),(295,'2018-08-01 03:30:34.482236','29','',3,'',21,3),(296,'2018-08-01 03:30:34.538121','30','',3,'',21,3),(297,'2018-08-01 03:30:34.594103','31','',3,'',21,3),(298,'2018-08-01 03:30:34.649801','32','',3,'',21,3),(299,'2018-08-01 03:30:34.705419','33','',3,'',21,3),(300,'2018-08-01 03:30:34.783586','34','',3,'',21,3),(301,'2018-08-01 03:30:34.839316','35','dasd',3,'',21,3),(302,'2018-08-01 03:35:28.414012','36','Hệ sinh thái khởi nghiệp',3,'',21,3),(303,'2018-08-01 03:35:28.504963','37','Hệ sinh thái khởi nghiệp',3,'',21,3),(304,'2018-08-01 03:35:28.606023','38','MÔI TRƯỜNG VÀ BẢO VỆ MÔI TRƯỜNG',3,'',21,3),(305,'2018-08-01 03:51:22.880145','39','MÔI TRƯỜNG VÀ BẢO VỆ MÔI TRƯỜNG',3,'',21,3),(306,'2018-08-01 03:51:22.973511','40','Không gian hỗ trợ khởi nghiệp',3,'',21,3),(307,'2018-08-01 03:51:23.029331','41','KHOA HỌC GIÁO DỤC VÀ ĐÀO TẠO GIÁO VIÊN',3,'',21,3),(308,'2018-08-01 03:51:23.096643','42','KHOA HỌC GIÁO DỤC VÀ ĐÀO TẠO GIÁO VIÊN',3,'',21,3),(309,'2018-08-01 05:27:47.955741','43','Hệ sinh thái khởi nghiệp',3,'',21,3),(310,'2018-08-01 05:27:48.049025','44','Hệ sinh thái khởi nghiệ p',3,'',21,3),(311,'2018-08-01 05:27:48.105249','45','Hệ sinh thái khởi nghiệpc',3,'',21,3),(312,'2018-08-01 05:27:48.160809','46','Tỉ lệ  phòng thí nghiệ',3,'',21,3),(313,'2018-08-01 05:27:48.216762','47','Tỉ lệ  phòng thí nghiệm',3,'',21,3),(314,'2018-08-01 06:43:01.716973','5','vantrong29a',2,'[{\"changed\": {\"fields\": [\"is_staff\"]}}]',3,3),(315,'2018-08-01 12:09:55.019043','48','Hệ sinh thái khởi nghiệp',3,'',21,3),(316,'2018-08-01 12:09:55.136097','49','Hệ sinh thái khởi nghiệpx',3,'',21,3),(317,'2018-08-01 12:09:55.213958','50','Số lượng PTN',3,'',21,3),(318,'2018-08-01 12:09:55.269904','51','Hệ sinh thái khởi nghiệps',3,'',21,3),(319,'2018-08-01 12:09:55.348278','52','Không gian hỗ trợ khởi nghiệp',3,'',21,3),(320,'2018-08-01 12:09:55.436835','53','Hệ sinh thái khsởi nghiệp',3,'',21,3),(321,'2018-08-01 12:09:55.492683','54','Tỉ lệ  phòng thí nghiệ',3,'',21,3),(322,'2018-11-06 03:34:01.376233','17','Quản trị chiến lược',1,'[{\"added\": {}}]',9,3),(323,'2018-11-06 03:34:02.695222','17','Quản trị chiến lược',2,'[]',9,3),(324,'2018-11-06 03:45:29.738199','24','Chất lượng tuyển sinh',2,'[{\"changed\": {\"fields\": [\"name\"]}}]',10,3),(325,'2018-11-06 03:46:02.712046','25','Quy mô giảng viên',2,'[{\"changed\": {\"fields\": [\"name\"]}}]',10,3),(326,'2018-11-06 03:46:23.815252','26','Trình độ giảng viên',2,'[{\"changed\": {\"fields\": [\"name\"]}}]',10,3),(327,'2018-11-06 03:46:29.878965','26','Trình độ giảng viên',2,'[]',10,3),(328,'2018-11-06 03:46:48.735520','27','Uy tín giảng viên',2,'[{\"changed\": {\"fields\": [\"name\"]}}]',10,3),(329,'2018-11-06 03:47:08.045583','28','Quy mô đào tạo sau đại học',2,'[{\"changed\": {\"fields\": [\"name\"]}}]',10,3),(330,'2018-11-06 03:47:18.798913','28','Quy mô đào tạo sau đại học',2,'[]',10,3),(331,'2018-11-06 03:47:54.814425','29','Quy mô đào tạo tiến sĩ',2,'[{\"changed\": {\"fields\": [\"name\", \"description\"]}}]',10,3),(332,'2018-11-06 03:47:58.335719','29','Quy mô đào tạo tiến sĩ',2,'[]',10,3),(333,'2018-11-06 03:49:22.403839','30','Cơ cấu ngành nghề 4.0',2,'[{\"changed\": {\"fields\": [\"name\"]}}]',10,3),(334,'2018-11-06 03:50:20.971978','31','Chuẩn đầu ra',2,'[{\"changed\": {\"fields\": [\"name\"]}}]',10,3),(335,'2018-11-06 04:21:50.852729','32','Cấu trúc chương trình đào tạo và kỹ năng 4.0',2,'[{\"changed\": {\"fields\": [\"name\", \"description\"]}}]',10,3),(336,'2018-11-06 04:22:21.105152','33','Mức độ hài lòng của người học',2,'[{\"changed\": {\"fields\": [\"name\"]}}]',10,3),(337,'2018-11-06 04:22:40.122115','34','Độ hài lòng (nhà tuyển dụng)',2,'[]',10,3),(338,'2018-11-06 04:24:26.895891','68','Công bố trong nước',1,'[{\"added\": {}}]',10,3),(339,'2018-11-06 04:25:14.095016','37','Công bố quốc tế',2,'[{\"changed\": {\"fields\": [\"name\"]}}]',10,3),(340,'2018-11-06 04:37:12.956960','38','Chất lượng nghiên cứu',2,'[{\"changed\": {\"fields\": [\"name\", \"description\"]}}]',10,3),(341,'2018-11-06 04:38:01.957808','39','Sách chuyên khảo',2,'[{\"changed\": {\"fields\": [\"name\", \"description\"]}}]',10,3),(342,'2018-11-06 04:38:45.170647','40','Số giải thưởng học thuật/ 5 năm',2,'[]',10,3),(343,'2018-11-06 04:40:10.145250','41','Ngân sách tài trợ',2,'[{\"changed\": {\"fields\": [\"name\"]}}]',10,3),(344,'2018-11-06 04:41:20.879136','42','Sở hữu trí tuệ trong nước',2,'[{\"changed\": {\"fields\": [\"name\", \"description\"]}}]',10,3),(345,'2018-11-06 04:42:42.619923','69','Sở hữu trí tuệ toàn cầu',1,'[{\"added\": {}}]',10,3),(346,'2018-11-06 04:43:55.816961','70','Xếp hạng đổi mới sáng tạo trong các bảng xếp hạng',1,'[{\"added\": {}}]',10,3),(347,'2018-11-06 04:44:55.759287','71','Vườn ươm doanh nghiệp',1,'[{\"added\": {}}]',10,3),(348,'2018-11-06 04:45:14.219394','72','Số doanh nghiệp liên kết đào tạo khởi nghiệp',1,'[{\"added\": {}}]',10,3),(349,'2018-11-06 04:46:36.804302','52','Tỉ lệ bài giảng online',2,'[{\"changed\": {\"fields\": [\"description\"]}}]',10,3),(350,'2018-11-06 04:47:37.583471','73','Xếp hạng Webometrics',1,'[{\"added\": {}}]',10,3),(351,'2018-11-06 04:49:27.216101','74','Tỷ lệ công tác nước ngoài',1,'[{\"added\": {}}]',10,3),(352,'2018-11-06 04:50:05.078213','63','Tỉ lệ bài báo hợp tác quố tế',2,'[{\"changed\": {\"fields\": [\"description\"]}}]',10,3),(353,'2018-11-06 04:51:44.617066','75','Đào tạo ngắn hạn hiệu quả',1,'[{\"added\": {}}]',10,3),(354,'2018-11-06 04:52:13.568894','76','Số đối tác',1,'[{\"added\": {}}]',10,3),(355,'2018-11-06 04:52:48.850770','77','Sứ mệnh',1,'[{\"added\": {}}]',10,3),(356,'2018-11-06 04:53:05.412189','78','Kế hoạch',1,'[{\"added\": {}}]',10,3),(357,'2018-11-06 04:53:23.838857','79','Cơ cấu tổ chức quản lý',1,'[{\"added\": {}}]',10,3),(358,'2018-11-06 04:53:43.471833','80','Chỉ đạo thực hiện',1,'[{\"added\": {}}]',10,3),(359,'2018-11-06 04:57:22.720475','36','Số bài báo được đăng tải/5 năm',3,'',10,3),(360,'2018-11-06 04:57:44.446973','34','Mức độ hài lòng của nhà tuyển dụng',2,'[{\"changed\": {\"fields\": [\"name\"]}}]',10,3);
/*!40000 ALTER TABLE `django_admin_log` ENABLE KEYS */;
UNLOCK TABLES;

--
-- Table structure for table `django_content_type`
--

DROP TABLE IF EXISTS `django_content_type`;
/*!40101 SET @saved_cs_client     = @@character_set_client */;
/*!40101 SET character_set_client = utf8 */;
CREATE TABLE `django_content_type` (
  `id` int(11) NOT NULL AUTO_INCREMENT,
  `app_label` varchar(100) NOT NULL,
  `model` varchar(100) NOT NULL,
  PRIMARY KEY (`id`),
  UNIQUE KEY `django_content_type_app_label_model_76bd3d3b_uniq` (`app_label`,`model`)
) ENGINE=InnoDB AUTO_INCREMENT=25 DEFAULT CHARSET=utf8;
/*!40101 SET character_set_client = @saved_cs_client */;

--
-- Dumping data for table `django_content_type`
--

LOCK TABLES `django_content_type` WRITE;
/*!40000 ALTER TABLE `django_content_type` DISABLE KEYS */;
INSERT INTO `django_content_type` VALUES (1,'admin','logentry'),(4,'auth','group'),(2,'auth','permission'),(3,'auth','user'),(5,'contenttypes','contenttype'),(10,'criterion','criterion'),(9,'criterion','criterioncategory'),(7,'guardian','groupobjectpermission'),(8,'guardian','userobjectpermission'),(6,'sessions','session'),(21,'subject','sector'),(15,'subject','subject'),(13,'subject','subjectgroup'),(12,'subject','subjectscorebycriterion'),(14,'subject','subjectscorebycriterioncategory'),(20,'subject','universitysector'),(11,'subject','universitysubject'),(17,'university','university'),(19,'university','universityprofile'),(16,'university','universityscorebycriterion'),(18,'university','universityscorebycriterioncategory'),(23,'university','userfavouriteuniversity'),(24,'university','usermanageruniversity'),(22,'university','useruniversity');
/*!40000 ALTER TABLE `django_content_type` ENABLE KEYS */;
UNLOCK TABLES;

--
-- Table structure for table `django_migrations`
--

DROP TABLE IF EXISTS `django_migrations`;
/*!40101 SET @saved_cs_client     = @@character_set_client */;
/*!40101 SET character_set_client = utf8 */;
CREATE TABLE `django_migrations` (
  `id` int(11) NOT NULL AUTO_INCREMENT,
  `app` varchar(255) NOT NULL,
  `name` varchar(255) NOT NULL,
  `applied` datetime(6) NOT NULL,
  PRIMARY KEY (`id`)
) ENGINE=InnoDB AUTO_INCREMENT=49 DEFAULT CHARSET=utf8;
/*!40101 SET character_set_client = @saved_cs_client */;

--
-- Dumping data for table `django_migrations`
--

LOCK TABLES `django_migrations` WRITE;
/*!40000 ALTER TABLE `django_migrations` DISABLE KEYS */;
INSERT INTO `django_migrations` VALUES (1,'contenttypes','0001_initial','2018-04-05 13:44:43.033086'),(2,'auth','0001_initial','2018-04-05 13:44:50.654121'),(3,'admin','0001_initial','2018-04-05 13:44:52.254027'),(4,'admin','0002_logentry_remove_auto_add','2018-04-05 13:44:52.308580'),(5,'contenttypes','0002_remove_content_type_name','2018-04-05 13:44:53.242936'),(6,'auth','0002_alter_permission_name_max_length','2018-04-05 13:44:53.943520'),(7,'auth','0003_alter_user_email_max_length','2018-04-05 13:44:54.717331'),(8,'auth','0004_alter_user_username_opts','2018-04-05 13:44:54.759359'),(9,'auth','0005_alter_user_last_login_null','2018-04-05 13:44:55.360946'),(10,'auth','0006_require_contenttypes_0002','2018-04-05 13:44:55.387098'),(11,'auth','0007_alter_validators_add_error_messages','2018-04-05 13:44:55.437926'),(12,'auth','0008_alter_user_username_max_length','2018-04-05 13:44:56.879443'),(13,'auth','0009_alter_user_last_name_max_length','2018-04-05 13:44:57.574302'),(14,'criterion','0001_initial','2018-04-05 13:44:59.393134'),(15,'guardian','0001_initial','2018-04-05 13:45:04.579598'),(16,'sessions','0001_initial','2018-04-05 13:45:05.082114'),(17,'subject','0001_initial','2018-04-05 13:45:07.020116'),(18,'university','0001_initial','2018-04-05 13:45:11.537494'),(19,'subject','0002_auto_20180405_1315','2018-04-05 13:45:20.079233'),(20,'subject','0003_auto_20180405_1746','2018-04-05 17:46:11.169776'),(21,'university','0002_auto_20180405_1746','2018-04-05 17:46:11.311739'),(22,'university','0003_auto_20180406_0214','2018-04-06 02:16:03.966639'),(23,'university','0004_universityprofile','2018-04-06 02:16:04.815298'),(24,'university','0005_auto_20180406_0257','2018-04-06 02:57:14.285251'),(25,'subject','0004_auto_20180409_0810','2018-04-09 08:10:53.454687'),(26,'university','0006_auto_20180409_0810','2018-04-09 08:10:53.547282'),(27,'criterion','0002_auto_20180706_1430','2018-07-09 06:36:43.463284'),(28,'subject','0005_auto_20180706_1430','2018-07-09 06:48:58.076872'),(29,'subject','0006_auto_20180709_1336','2018-07-09 06:48:58.169924'),(30,'university','0007_auto_20180709_1336','2018-07-09 06:48:58.232426'),(31,'subject','0007_auto_20180709_1336','2018-07-09 06:48:58.263698'),(32,'criterion','0002_auto_20180709_1703','2018-07-10 03:37:30.517568'),(33,'subject','0005_auto_20180709_1703','2018-07-10 03:37:53.503407'),(34,'university','0007_auto_20180709_1703','2018-07-10 03:37:53.544543'),(35,'subject','0006_auto_20180709_1703','2018-07-10 03:37:53.590420'),(36,'criterion','0003_auto_20180728_0318','2018-07-28 03:19:14.338090'),(37,'subject','0007_auto_20180728_0318','2018-07-28 03:19:14.399457'),(38,'university','0008_auto_20180728_0318','2018-07-28 03:19:18.475969'),(39,'university','0009_auto_20180728_0335','2018-07-28 03:36:22.819959'),(40,'university','0010_auto_20180728_0337','2018-07-28 03:38:04.378590'),(41,'university','0011_auto_20180728_0345','2018-07-28 03:55:51.376817'),(42,'university','0012_auto_20180728_0347','2018-07-28 03:55:56.072705'),(43,'criterion','0004_auto_20180731_0832','2018-07-31 08:32:35.149106'),(44,'subject','0008_auto_20180731_0832','2018-07-31 08:32:38.551066'),(45,'university','0013_auto_20180731_0832','2018-07-31 08:32:55.182241'),(46,'admin','0003_logentry_add_action_flag_choices','2018-09-14 11:12:38.693940'),(47,'university','0014_auto_20180807_2112','2018-09-14 11:12:38.763554'),(48,'subject','0009_auto_20180807_2112','2018-09-14 11:12:41.756879');
/*!40000 ALTER TABLE `django_migrations` ENABLE KEYS */;
UNLOCK TABLES;

--
-- Table structure for table `django_session`
--

DROP TABLE IF EXISTS `django_session`;
/*!40101 SET @saved_cs_client     = @@character_set_client */;
/*!40101 SET character_set_client = utf8 */;
CREATE TABLE `django_session` (
  `session_key` varchar(40) NOT NULL,
  `session_data` longtext NOT NULL,
  `expire_date` datetime(6) NOT NULL,
  PRIMARY KEY (`session_key`),
  KEY `django_session_expire_date_a5c62663` (`expire_date`)
) ENGINE=InnoDB DEFAULT CHARSET=utf8;
/*!40101 SET character_set_client = @saved_cs_client */;

--
-- Dumping data for table `django_session`
--

LOCK TABLES `django_session` WRITE;
/*!40000 ALTER TABLE `django_session` DISABLE KEYS */;
INSERT INTO `django_session` VALUES ('0ifspjbr91b6ywfizmwys8cnova2qsuf','ZDk5ZmQwMDg1MTZjZTBhMjFkNWFkYjI3NWM2MjE1ZmU1MWNkYWMyNjp7Il9hdXRoX3VzZXJfaWQiOiIzIiwiX2F1dGhfdXNlcl9iYWNrZW5kIjoiZGphbmdvLmNvbnRyaWIuYXV0aC5iYWNrZW5kcy5Nb2RlbEJhY2tlbmQiLCJfYXV0aF91c2VyX2hhc2giOiI0YmNmYmFiMDIzMDE4M2M5MDQ0NTZmYzBhZDg2OTZjZTlmY2VmYTM1In0=','2018-07-30 09:38:25.864580'),('0xozuzvpr2391vu066qfzp2rkjb5h22b','OWVhYzIzMjg4ZThkYTYxYmM1NTQ5MTcwMWZlZDI4OTE3NmU3YzI4NDp7Il9hdXRoX3VzZXJfaWQiOiIzIiwiX2F1dGhfdXNlcl9iYWNrZW5kIjoiZGphbmdvLmNvbnRyaWIuYXV0aC5iYWNrZW5kcy5Nb2RlbEJhY2tlbmQiLCJfYXV0aF91c2VyX2hhc2giOiIyNzc4OGM2MmMzMmVhMDE2ZmU3YmI3MzM5YzliNzQwOTVkZjRiMGNkIn0=','2018-11-20 04:21:27.517989'),('1bgn9y3h3c83nmyugoscwrk23gw8qym9','OWVhYzIzMjg4ZThkYTYxYmM1NTQ5MTcwMWZlZDI4OTE3NmU3YzI4NDp7Il9hdXRoX3VzZXJfaWQiOiIzIiwiX2F1dGhfdXNlcl9iYWNrZW5kIjoiZGphbmdvLmNvbnRyaWIuYXV0aC5iYWNrZW5kcy5Nb2RlbEJhY2tlbmQiLCJfYXV0aF91c2VyX2hhc2giOiIyNzc4OGM2MmMzMmVhMDE2ZmU3YmI3MzM5YzliNzQwOTVkZjRiMGNkIn0=','2018-11-20 22:58:23.434469'),('54bwnr2ua8jxa3i73ii1uersosq02kde','ZDk5ZmQwMDg1MTZjZTBhMjFkNWFkYjI3NWM2MjE1ZmU1MWNkYWMyNjp7Il9hdXRoX3VzZXJfaWQiOiIzIiwiX2F1dGhfdXNlcl9iYWNrZW5kIjoiZGphbmdvLmNvbnRyaWIuYXV0aC5iYWNrZW5kcy5Nb2RlbEJhY2tlbmQiLCJfYXV0aF91c2VyX2hhc2giOiI0YmNmYmFiMDIzMDE4M2M5MDQ0NTZmYzBhZDg2OTZjZTlmY2VmYTM1In0=','2018-08-15 12:09:31.636035'),('6e6q4ck4duldz4pt0yhe4hp1aa69xddw','ZDk5ZmQwMDg1MTZjZTBhMjFkNWFkYjI3NWM2MjE1ZmU1MWNkYWMyNjp7Il9hdXRoX3VzZXJfaWQiOiIzIiwiX2F1dGhfdXNlcl9iYWNrZW5kIjoiZGphbmdvLmNvbnRyaWIuYXV0aC5iYWNrZW5kcy5Nb2RlbEJhY2tlbmQiLCJfYXV0aF91c2VyX2hhc2giOiI0YmNmYmFiMDIzMDE4M2M5MDQ0NTZmYzBhZDg2OTZjZTlmY2VmYTM1In0=','2018-07-24 06:46:38.178925'),('6y9cmwqdzsqh6qn3x66a4qm1ealvch1t','OWVhYzIzMjg4ZThkYTYxYmM1NTQ5MTcwMWZlZDI4OTE3NmU3YzI4NDp7Il9hdXRoX3VzZXJfaWQiOiIzIiwiX2F1dGhfdXNlcl9iYWNrZW5kIjoiZGphbmdvLmNvbnRyaWIuYXV0aC5iYWNrZW5kcy5Nb2RlbEJhY2tlbmQiLCJfYXV0aF91c2VyX2hhc2giOiIyNzc4OGM2MmMzMmVhMDE2ZmU3YmI3MzM5YzliNzQwOTVkZjRiMGNkIn0=','2018-11-20 03:33:00.276949'),('6zgulxpyk0gow9j5pg1l0kfe1lw8uit4','NDE1NDk0MDM5ZjkwODQzZTQ0ZTFlMjlmZjlkOTI5ZGI2MzUxNDIxYjp7Il9hdXRoX3VzZXJfaWQiOiIyIiwiX2F1dGhfdXNlcl9iYWNrZW5kIjoiZGphbmdvLmNvbnRyaWIuYXV0aC5iYWNrZW5kcy5Nb2RlbEJhY2tlbmQiLCJfYXV0aF91c2VyX2hhc2giOiI4Yjc2YWQ5OTFlMDI3NmYwYjZhYWE0NzY5Y2JjYTJhMGM2NmUwYTc5In0=','2018-04-20 00:28:39.493551'),('929967ezkm29mj9zgl18kpwk1eo7i3to','NzZjNTgwMTE1ZGVhMzI1MjA0YmE0MDhlNDI4YmQ0NjVkYjJmNTI2NTp7Il9hdXRoX3VzZXJfaGFzaCI6IjhiNzZhZDk5MWUwMjc2ZjBiNmFhYTQ3NjljYmNhMmEwYzY2ZTBhNzkiLCJfYXV0aF91c2VyX2JhY2tlbmQiOiJkamFuZ28uY29udHJpYi5hdXRoLmJhY2tlbmRzLk1vZGVsQmFja2VuZCIsIl9hdXRoX3VzZXJfaWQiOiIyIn0=','2018-04-23 12:30:43.380570'),('96ch6t6w73i2hh7fcs4d1sgn3wx14cvy','ZDk5ZmQwMDg1MTZjZTBhMjFkNWFkYjI3NWM2MjE1ZmU1MWNkYWMyNjp7Il9hdXRoX3VzZXJfaWQiOiIzIiwiX2F1dGhfdXNlcl9iYWNrZW5kIjoiZGphbmdvLmNvbnRyaWIuYXV0aC5iYWNrZW5kcy5Nb2RlbEJhY2tlbmQiLCJfYXV0aF91c2VyX2hhc2giOiI0YmNmYmFiMDIzMDE4M2M5MDQ0NTZmYzBhZDg2OTZjZTlmY2VmYTM1In0=','2018-07-10 08:09:41.966666'),('d69696r88k4mrcpkg80lh6xxl80bonhp','ZDk5ZmQwMDg1MTZjZTBhMjFkNWFkYjI3NWM2MjE1ZmU1MWNkYWMyNjp7Il9hdXRoX3VzZXJfaWQiOiIzIiwiX2F1dGhfdXNlcl9iYWNrZW5kIjoiZGphbmdvLmNvbnRyaWIuYXV0aC5iYWNrZW5kcy5Nb2RlbEJhY2tlbmQiLCJfYXV0aF91c2VyX2hhc2giOiI0YmNmYmFiMDIzMDE4M2M5MDQ0NTZmYzBhZDg2OTZjZTlmY2VmYTM1In0=','2018-07-17 06:10:11.063813'),('eq0b9wpib387cdbm01gyprwh5vewwdf1','MWIyNTdjZGZhMDU4NWYyZTcyMDVjY2M5ZWI1OWE1YzA5YmY5MTJhODp7Il9hdXRoX3VzZXJfaGFzaCI6IjhiNzZhZDk5MWUwMjc2ZjBiNmFhYTQ3NjljYmNhMmEwYzY2ZTBhNzkiLCJfYXV0aF91c2VyX2lkIjoiMiIsIl9hdXRoX3VzZXJfYmFja2VuZCI6ImRqYW5nby5jb250cmliLmF1dGguYmFja2VuZHMuTW9kZWxCYWNrZW5kIn0=','2018-04-22 06:11:32.418080'),('gu3z9rccxxa33kfeqqjdvl3zrq35ykkg','OWVhYzIzMjg4ZThkYTYxYmM1NTQ5MTcwMWZlZDI4OTE3NmU3YzI4NDp7Il9hdXRoX3VzZXJfaWQiOiIzIiwiX2F1dGhfdXNlcl9iYWNrZW5kIjoiZGphbmdvLmNvbnRyaWIuYXV0aC5iYWNrZW5kcy5Nb2RlbEJhY2tlbmQiLCJfYXV0aF91c2VyX2hhc2giOiIyNzc4OGM2MmMzMmVhMDE2ZmU3YmI3MzM5YzliNzQwOTVkZjRiMGNkIn0=','2018-11-11 16:21:35.074705'),('iidb3drn8lp8f2hq6mqw7hs1o5lm2y2a','OWVhYzIzMjg4ZThkYTYxYmM1NTQ5MTcwMWZlZDI4OTE3NmU3YzI4NDp7Il9hdXRoX3VzZXJfaWQiOiIzIiwiX2F1dGhfdXNlcl9iYWNrZW5kIjoiZGphbmdvLmNvbnRyaWIuYXV0aC5iYWNrZW5kcy5Nb2RlbEJhY2tlbmQiLCJfYXV0aF91c2VyX2hhc2giOiIyNzc4OGM2MmMzMmVhMDE2ZmU3YmI3MzM5YzliNzQwOTVkZjRiMGNkIn0=','2018-11-10 06:15:35.224571'),('j4phec2g4tzn32djgall4tgs4jrpgz31','OWVhYzIzMjg4ZThkYTYxYmM1NTQ5MTcwMWZlZDI4OTE3NmU3YzI4NDp7Il9hdXRoX3VzZXJfaWQiOiIzIiwiX2F1dGhfdXNlcl9iYWNrZW5kIjoiZGphbmdvLmNvbnRyaWIuYXV0aC5iYWNrZW5kcy5Nb2RlbEJhY2tlbmQiLCJfYXV0aF91c2VyX2hhc2giOiIyNzc4OGM2MmMzMmVhMDE2ZmU3YmI3MzM5YzliNzQwOTVkZjRiMGNkIn0=','2018-10-26 10:20:13.287248'),('k0hk9f0xjn1r9hez1wlul9cws8dnuin8','YjgwMDJlNjdjOGE2ZGQyNmQ1ZjBhNGFlYjk2NmZiYjQ3MzUxOWI1NTp7Il9hdXRoX3VzZXJfaWQiOiI0IiwiX2F1dGhfdXNlcl9iYWNrZW5kIjoiZGphbmdvLmNvbnRyaWIuYXV0aC5iYWNrZW5kcy5Nb2RlbEJhY2tlbmQiLCJfYXV0aF91c2VyX2hhc2giOiJjZmFmMDUxYmEyZmRkZWYwZTk1YzA4MDI5YTQxNmMyNWNiNDRlOTUyIn0=','2018-07-09 03:53:11.416491'),('mmbyfs3s81myeb4ys26g933bdbgkg4fr','ZDk5ZmQwMDg1MTZjZTBhMjFkNWFkYjI3NWM2MjE1ZmU1MWNkYWMyNjp7Il9hdXRoX3VzZXJfaWQiOiIzIiwiX2F1dGhfdXNlcl9iYWNrZW5kIjoiZGphbmdvLmNvbnRyaWIuYXV0aC5iYWNrZW5kcy5Nb2RlbEJhY2tlbmQiLCJfYXV0aF91c2VyX2hhc2giOiI0YmNmYmFiMDIzMDE4M2M5MDQ0NTZmYzBhZDg2OTZjZTlmY2VmYTM1In0=','2018-08-01 10:48:41.605366'),('nc741ev91nlpnufyhtv34a4wu31p6pcv','ZDk5ZmQwMDg1MTZjZTBhMjFkNWFkYjI3NWM2MjE1ZmU1MWNkYWMyNjp7Il9hdXRoX3VzZXJfaWQiOiIzIiwiX2F1dGhfdXNlcl9iYWNrZW5kIjoiZGphbmdvLmNvbnRyaWIuYXV0aC5iYWNrZW5kcy5Nb2RlbEJhY2tlbmQiLCJfYXV0aF91c2VyX2hhc2giOiI0YmNmYmFiMDIzMDE4M2M5MDQ0NTZmYzBhZDg2OTZjZTlmY2VmYTM1In0=','2018-07-24 03:39:52.370928'),('nnmws3ze4tlj21x300ryhb37u49idx21','ZDk5ZmQwMDg1MTZjZTBhMjFkNWFkYjI3NWM2MjE1ZmU1MWNkYWMyNjp7Il9hdXRoX3VzZXJfaWQiOiIzIiwiX2F1dGhfdXNlcl9iYWNrZW5kIjoiZGphbmdvLmNvbnRyaWIuYXV0aC5iYWNrZW5kcy5Nb2RlbEJhY2tlbmQiLCJfYXV0aF91c2VyX2hhc2giOiI0YmNmYmFiMDIzMDE4M2M5MDQ0NTZmYzBhZDg2OTZjZTlmY2VmYTM1In0=','2018-07-10 02:58:27.158920'),('o0sm4o0tv6orbz5tbcqzvpq03hzmdon1','ZDk5ZmQwMDg1MTZjZTBhMjFkNWFkYjI3NWM2MjE1ZmU1MWNkYWMyNjp7Il9hdXRoX3VzZXJfaWQiOiIzIiwiX2F1dGhfdXNlcl9iYWNrZW5kIjoiZGphbmdvLmNvbnRyaWIuYXV0aC5iYWNrZW5kcy5Nb2RlbEJhY2tlbmQiLCJfYXV0aF91c2VyX2hhc2giOiI0YmNmYmFiMDIzMDE4M2M5MDQ0NTZmYzBhZDg2OTZjZTlmY2VmYTM1In0=','2018-07-23 05:08:59.687842'),('pd9qxtk9oi1flkttke3fiuexgrxmn4jh','OWVhYzIzMjg4ZThkYTYxYmM1NTQ5MTcwMWZlZDI4OTE3NmU3YzI4NDp7Il9hdXRoX3VzZXJfaWQiOiIzIiwiX2F1dGhfdXNlcl9iYWNrZW5kIjoiZGphbmdvLmNvbnRyaWIuYXV0aC5iYWNrZW5kcy5Nb2RlbEJhY2tlbmQiLCJfYXV0aF91c2VyX2hhc2giOiIyNzc4OGM2MmMzMmVhMDE2ZmU3YmI3MzM5YzliNzQwOTVkZjRiMGNkIn0=','2018-11-10 06:18:56.626042'),('r62m898ln8uot211zxjkyv31yrv1y42t','ZDk5ZmQwMDg1MTZjZTBhMjFkNWFkYjI3NWM2MjE1ZmU1MWNkYWMyNjp7Il9hdXRoX3VzZXJfaWQiOiIzIiwiX2F1dGhfdXNlcl9iYWNrZW5kIjoiZGphbmdvLmNvbnRyaWIuYXV0aC5iYWNrZW5kcy5Nb2RlbEJhY2tlbmQiLCJfYXV0aF91c2VyX2hhc2giOiI0YmNmYmFiMDIzMDE4M2M5MDQ0NTZmYzBhZDg2OTZjZTlmY2VmYTM1In0=','2018-08-01 08:12:02.519332'),('t91j96ca51fkgivzlm32tzbuum4yqcgi','ZWRiNjU4NWYzOWRhYjA3ZWNkYmE2NmE3MzEzMGFiOGVjMTE5YzczNzp7Il9hdXRoX3VzZXJfYmFja2VuZCI6ImRqYW5nby5jb250cmliLmF1dGguYmFja2VuZHMuTW9kZWxCYWNrZW5kIiwiX2F1dGhfdXNlcl9oYXNoIjoiOGI3NmFkOTkxZTAyNzZmMGI2YWFhNDc2OWNiY2EyYTBjNjZlMGE3OSIsIl9hdXRoX3VzZXJfaWQiOiIyIn0=','2018-04-19 14:25:33.477920'),('v0yek40hbivs7r9xpjx3xap7710u0yub','ZDk5ZmQwMDg1MTZjZTBhMjFkNWFkYjI3NWM2MjE1ZmU1MWNkYWMyNjp7Il9hdXRoX3VzZXJfaWQiOiIzIiwiX2F1dGhfdXNlcl9iYWNrZW5kIjoiZGphbmdvLmNvbnRyaWIuYXV0aC5iYWNrZW5kcy5Nb2RlbEJhY2tlbmQiLCJfYXV0aF91c2VyX2hhc2giOiI0YmNmYmFiMDIzMDE4M2M5MDQ0NTZmYzBhZDg2OTZjZTlmY2VmYTM1In0=','2018-07-20 02:16:29.483485'),('vhwfuyla7xtk5vtz839rjb3jufe0ip24','ZDk5ZmQwMDg1MTZjZTBhMjFkNWFkYjI3NWM2MjE1ZmU1MWNkYWMyNjp7Il9hdXRoX3VzZXJfaWQiOiIzIiwiX2F1dGhfdXNlcl9iYWNrZW5kIjoiZGphbmdvLmNvbnRyaWIuYXV0aC5iYWNrZW5kcy5Nb2RlbEJhY2tlbmQiLCJfYXV0aF91c2VyX2hhc2giOiI0YmNmYmFiMDIzMDE4M2M5MDQ0NTZmYzBhZDg2OTZjZTlmY2VmYTM1In0=','2018-07-31 07:02:38.970437');
/*!40000 ALTER TABLE `django_session` ENABLE KEYS */;
UNLOCK TABLES;

--
-- Table structure for table `guardian_groupobjectpermission`
--

DROP TABLE IF EXISTS `guardian_groupobjectpermission`;
/*!40101 SET @saved_cs_client     = @@character_set_client */;
/*!40101 SET character_set_client = utf8 */;
CREATE TABLE `guardian_groupobjectpermission` (
  `id` int(11) NOT NULL AUTO_INCREMENT,
  `object_pk` varchar(255) NOT NULL,
  `content_type_id` int(11) NOT NULL,
  `group_id` int(11) NOT NULL,
  `permission_id` int(11) NOT NULL,
  PRIMARY KEY (`id`),
  UNIQUE KEY `guardian_groupobjectperm_group_id_permission_id_o_3f189f7c_uniq` (`group_id`,`permission_id`,`object_pk`),
  KEY `guardian_groupobject_content_type_id_7ade36b8_fk_django_co` (`content_type_id`),
  KEY `guardian_groupobject_permission_id_36572738_fk_auth_perm` (`permission_id`),
  CONSTRAINT `guardian_groupobject_content_type_id_7ade36b8_fk_django_co` FOREIGN KEY (`content_type_id`) REFERENCES `django_content_type` (`id`),
  CONSTRAINT `guardian_groupobject_group_id_4bbbfb62_fk_auth_grou` FOREIGN KEY (`group_id`) REFERENCES `auth_group` (`id`),
  CONSTRAINT `guardian_groupobject_permission_id_36572738_fk_auth_perm` FOREIGN KEY (`permission_id`) REFERENCES `auth_permission` (`id`)
) ENGINE=InnoDB DEFAULT CHARSET=utf8;
/*!40101 SET character_set_client = @saved_cs_client */;

--
-- Dumping data for table `guardian_groupobjectpermission`
--

LOCK TABLES `guardian_groupobjectpermission` WRITE;
/*!40000 ALTER TABLE `guardian_groupobjectpermission` DISABLE KEYS */;
/*!40000 ALTER TABLE `guardian_groupobjectpermission` ENABLE KEYS */;
UNLOCK TABLES;

--
-- Table structure for table `guardian_userobjectpermission`
--

DROP TABLE IF EXISTS `guardian_userobjectpermission`;
/*!40101 SET @saved_cs_client     = @@character_set_client */;
/*!40101 SET character_set_client = utf8 */;
CREATE TABLE `guardian_userobjectpermission` (
  `id` int(11) NOT NULL AUTO_INCREMENT,
  `object_pk` varchar(255) NOT NULL,
  `content_type_id` int(11) NOT NULL,
  `permission_id` int(11) NOT NULL,
  `user_id` int(11) NOT NULL,
  PRIMARY KEY (`id`),
  UNIQUE KEY `guardian_userobjectpermi_user_id_permission_id_ob_b0b3d2fc_uniq` (`user_id`,`permission_id`,`object_pk`),
  KEY `guardian_userobjectp_content_type_id_2e892405_fk_django_co` (`content_type_id`),
  KEY `guardian_userobjectp_permission_id_71807bfc_fk_auth_perm` (`permission_id`),
  CONSTRAINT `guardian_userobjectp_content_type_id_2e892405_fk_django_co` FOREIGN KEY (`content_type_id`) REFERENCES `django_content_type` (`id`),
  CONSTRAINT `guardian_userobjectp_permission_id_71807bfc_fk_auth_perm` FOREIGN KEY (`permission_id`) REFERENCES `auth_permission` (`id`),
  CONSTRAINT `guardian_userobjectpermission_user_id_d5c1e964_fk_auth_user_id` FOREIGN KEY (`user_id`) REFERENCES `auth_user` (`id`)
) ENGINE=InnoDB DEFAULT CHARSET=utf8;
/*!40101 SET character_set_client = @saved_cs_client */;

--
-- Dumping data for table `guardian_userobjectpermission`
--

LOCK TABLES `guardian_userobjectpermission` WRITE;
/*!40000 ALTER TABLE `guardian_userobjectpermission` DISABLE KEYS */;
/*!40000 ALTER TABLE `guardian_userobjectpermission` ENABLE KEYS */;
UNLOCK TABLES;

--
-- Table structure for table `sector`
--

DROP TABLE IF EXISTS `sector`;
/*!40101 SET @saved_cs_client     = @@character_set_client */;
/*!40101 SET character_set_client = utf8 */;
CREATE TABLE `sector` (
  `id` int(11) NOT NULL AUTO_INCREMENT,
  `name` varchar(150) CHARACTER SET utf8 NOT NULL,
  PRIMARY KEY (`id`)
) ENGINE=InnoDB AUTO_INCREMENT=28 DEFAULT CHARSET=latin1;
/*!40101 SET character_set_client = @saved_cs_client */;

--
-- Dumping data for table `sector`
--

LOCK TABLES `sector` WRITE;
/*!40000 ALTER TABLE `sector` DISABLE KEYS */;
INSERT INTO `sector` VALUES (1,'KHOA HỌC GIÁO DỤC VÀ ĐÀO TẠO GIÁO VIÊN'),(2,'NGHỆ THUẬT'),(3,'NHÂN VĂN'),(4,'KHOA HỌC XÃ HỘI VÀ HÀNH VI'),(5,'BÁO CHÍ VÀ THÔNG TIN'),(6,'KINH DOANH VÀ QUẢN LÝ'),(7,'PHÁP LUẬT'),(8,'KHOA HỌC SỰ SỐNG'),(9,'KHOA HỌC TỰ NHIÊN'),(10,'TOÁN VÀ THỐNG KÊ'),(11,'MÁY TÍNH VÀ CÔNG NGHỆ THÔNG TIN'),(12,'CÔNG NGHỆ KỸ THUẬT'),(13,'KỸ THUẬT'),(14,'SẢN XUẤT VÀ CHẾ BIẾN'),(15,'KIẾN TRÚC VÀ XÂY DỰNG'),(16,'NÔNG, LÂM NGHIỆP VÀ THUỶ SẢN'),(17,'THÚ Y'),(18,'SỨC KHOẺ'),(19,'DỊCH VỤ XÃ HỘI'),(20,'DU LỊCH, KHÁCH SẠN, THỂ THAO VÀ DỊCH VỤ CÁ NHÂN'),(21,'DỊCH VỤ VẬN TẢI'),(22,'MÔI TRƯỜNG VÀ BẢO VỆ MÔI TRƯỜNG'),(23,'AN NINH, QUỐC PHÒNG'),(25,'Không gian hỗ trợ khởi nghiệp'),(26,'Không gian hỗ trợ khởi nghiệpv'),(27,'KHOA HỌC GIÁO DỤC VÀ ĐÀO TẠO GIÁO VIÊNa');
/*!40000 ALTER TABLE `sector` ENABLE KEYS */;
UNLOCK TABLES;

--
-- Table structure for table `university`
--

DROP TABLE IF EXISTS `university`;
/*!40101 SET @saved_cs_client     = @@character_set_client */;
/*!40101 SET character_set_client = utf8 */;
CREATE TABLE `university` (
  `id` int(11) NOT NULL AUTO_INCREMENT,
  `code` varchar(7) DEFAULT NULL,
  `name` varchar(100) NOT NULL,
  `avg_score` double NOT NULL,
  `rank` int(11) NOT NULL,
  `parent_id` int(11) DEFAULT NULL,
  `image_path` longtext,
  `avatar_path` longtext,
  PRIMARY KEY (`id`),
  UNIQUE KEY `university_code_758e3ce3_uniq` (`code`),
  KEY `university_parent_id_7b9f4545_fk_university_id` (`parent_id`),
  CONSTRAINT `university_parent_id_7b9f4545_fk_university_id` FOREIGN KEY (`parent_id`) REFERENCES `university` (`id`)
) ENGINE=InnoDB AUTO_INCREMENT=737 DEFAULT CHARSET=utf8;
/*!40101 SET character_set_client = @saved_cs_client */;

--
-- Dumping data for table `university`
--

LOCK TABLES `university` WRITE;
/*!40000 ALTER TABLE `university` DISABLE KEYS */;
INSERT INTO `university` VALUES (1,'VNU','Đại học Quốc gia Hà Nội',5.71428571428571,20,NULL,NULL,NULL),(2,'SOL','Khoa Luật - Đại học Quốc gia Hà Nội',5.97142857142857,9,1,NULL,NULL),(3,NULL,'Khoa Quản trị Kinh doanh - Đại học Quốc gia Hà Nội',5.38142857142857,31,1,NULL,NULL),(4,NULL,'Khoa Quốc tế - Đại học Quốc gia Hà Nội',5.32428571428571,33,1,NULL,NULL),(5,NULL,'Khoa Y Dược - Đại học Quốc gia Hà Nội',5.34142857142857,32,1,NULL,NULL),(6,'UET','Trường Đại học Công nghệ - Đại học Quốc gia Hà Nội',5.05,47,1,NULL,NULL),(7,NULL,'Trường Đại học Giáo dục - Đại học Quốc gia Hà Nội',4.86571428571428,52,1,NULL,NULL),(8,NULL,'Trường Đại học Kinh tế - Đại học Quốc gia Hà Nội',5.98285714285714,8,1,NULL,NULL),(9,NULL,'Trường Đại học Khoa học Tự nhiên - Đại học Quốc gia Hà Nội',5.57142857142857,25,1,NULL,NULL),(10,NULL,'Trường Đại học Khoa học Xã hội và Nhân văn - Đại học Quốc gia Hà Nội',5.26571428571429,38,1,NULL,NULL),(11,NULL,'Trường Đại học Ngoại ngữ - Đại học Quốc gia Hà Nội',5.20571428571429,40,1,NULL,NULL),(12,NULL,'Trường Đại học Việt - Nhật - Đại học Quốc gia Hà Nội',6.07,7,1,NULL,NULL),(13,NULL,'Đại học Quốc gia Thành phố Hồ Chí Minh',4.80857142857143,54,NULL,NULL,NULL),(14,NULL,'Khoa Y - Đại học Quốc gia Thành phố Hồ Chí Minh',5.14142857142857,44,13,NULL,NULL),(15,NULL,'Phân hiệu Đại học Quốc gia Thành phố Hồ Chí Minh tại Bến Tre',5.59285714285714,24,13,NULL,NULL),(16,NULL,'Trường Đại học Bách khoa - Đại học Quốc gia Thành phố Hồ Chí Minh',5.13,45,13,NULL,NULL),(17,NULL,'Trường Đại học Công nghệ Thông tin - Đại học Quốc gia Thành phố Hồ Chí Minh',6.53428571428571,2,13,NULL,NULL),(18,NULL,'Trường Đại học Khoa học Tự nhiên - Đại học Quốc gia Thành phố Hồ Chí Minh',5.81714285714286,16,13,NULL,NULL),(19,NULL,'Trường Đại học Khoa học Xã hội và Nhân văn - Đại học Quốc gia Thành phố Hồ Chí Minh',5.52,27,13,NULL,NULL),(20,NULL,'Trường Đại học Kinh tế - Luật - Đại học Quốc gia Thành phố Hồ Chí Minh',5.87,14,13,NULL,NULL),(21,NULL,'Trường Đại học Quốc tế - Đại học Quốc gia Thành phố Hồ Chí Minh',5.84714285714286,15,13,NULL,NULL),(22,NULL,'Trường Đại học Việt - Đức - Đại học Quốc gia Thành phố Hồ Chí Minh',5.73142857142857,19,13,NULL,NULL),(23,NULL,'Trường Đại học An Giang',5.62285714285714,23,NULL,NULL,NULL),(24,NULL,'Trường Đại học Bách khoa Hà Nội',5.30714285714286,34,NULL,NULL,NULL),(25,NULL,'Trường Đại học Công đoàn',4.50285714285714,59,NULL,NULL,NULL),(26,NULL,'Trường Đại học Công nghệ Giao thông Vận tải',5.27,37,NULL,NULL,NULL),(27,NULL,'Trường Đại học Công nghiệp Dệt May Hà Nội',4.91285714285714,49,NULL,NULL,NULL),(28,NULL,'Trường Đại học Công nghiệp Hà Nội',5.40857142857143,30,NULL,NULL,NULL),(29,NULL,'Trường Đại học Công nghiệp Quảng Ninh',5.19285714285714,42,NULL,NULL,NULL),(30,NULL,'Trường Đại học Công nghiệp Thành phố Hồ Chí Minh',5.22714285714286,39,NULL,NULL,NULL),(31,NULL,'Trường Đại học Công nghiệp Thực phẩm Thành phố Hồ Chí Minh',4.89285714285714,51,NULL,NULL,NULL),(32,NULL,'Trường Đại học Công nghiệp Việt - Hung',4.89714285714286,50,NULL,NULL,NULL),(33,NULL,'Trường Đại học Công nghiệp Việt Trì',5.27714285714286,35,NULL,NULL,NULL),(34,NULL,'Trường Đại học Dược Hà Nội',4.86,53,NULL,NULL,NULL),(35,NULL,'Trường Đại học Dầu khí Việt Nam',5.68142857142857,22,NULL,NULL,NULL),(36,NULL,'Trường Đại học Điện lực',5.27285714285714,36,NULL,NULL,NULL),(37,NULL,'Trường Đại học Điều dưỡng Nam Định',4.54571428571429,56,NULL,NULL,NULL),(38,NULL,'Trường Đại học Hà Nội',5.75142857142857,18,NULL,NULL,NULL),(39,NULL,'Trường Đại học Hàng hải Việt Nam',5.09142857142857,46,NULL,NULL,NULL),(40,NULL,'Trường Đại học Khoa học và Công nghệ Hà Nội',6.08428571428571,6,NULL,NULL,NULL),(41,NULL,'Trường Đại học Kiểm sát Hà Nội',5.79142857142857,17,NULL,NULL,NULL),(42,NULL,'Trường Đại học Kiến trúc Hà Nội',5.95428571428571,10,NULL,NULL,NULL),(43,NULL,'Trường Đại học Kiến trúc Thành phố Hồ Chí Minh',6.30142857142857,3,NULL,NULL,NULL),(44,NULL,'Trường Đại học Kinh tế - Kỹ thuật Công nghiệp',5.47857142857143,29,NULL,NULL,NULL),(45,NULL,'Trường Đại học Kinh tế Quốc dân',5.18285714285714,43,NULL,NULL,NULL),(46,NULL,'Trường Đại học Kinh tế Thành phố Hồ Chí Minh',6.11,4,NULL,NULL,NULL),(47,NULL,'Trường Đại học Kỹ thuật Y - Dược Đà Nẵng',5.69285714285714,21,NULL,NULL,NULL),(48,NULL,'Trường Đại học Kỹ thuật Y tế Hải Dương',5.56285714285714,26,NULL,NULL,NULL),(49,NULL,'Trường Đại học Giao thông Vận tải',6.11,5,NULL,NULL,NULL),(50,NULL,'Trường Đại học Giao thông Vận tải Thành phố Hồ Chí Minh',4.59428571428571,55,NULL,NULL,NULL),(51,NULL,'Trường Đại học Lao động - Xã hội',4.54285714285714,57,NULL,NULL,NULL),(52,NULL,'Trường Đại học Lao động - Xã hội, cơ sở Sơn Tây',6.63285714285714,1,NULL,NULL,NULL),(53,NULL,'Trường Đại học Lao động - Xã hội cơ sở 2, Thành phố Hồ Chí Minh',5.52,28,NULL,NULL,NULL),(54,NULL,'Trường Đại học Luật Hà Nội',5.89142857142857,12,NULL,NULL,NULL),(55,NULL,'Trường Đại học Luật Thành phố Hồ Chí Minh',5.91285714285714,11,NULL,NULL,NULL),(56,NULL,'Trường Đại học Lâm nghiệp Việt Nam',5.89,13,NULL,NULL,NULL),(57,NULL,'Trường Đại học Mỏ - Địa chất',5.03,48,NULL,NULL,NULL),(58,NULL,'Trường Đại học Mở Thành phố Hồ Chí Minh',4.50714285714286,58,NULL,NULL,NULL),(59,NULL,'Trường Đại học Mỹ thuật Công nghiệp',5.20571428571429,41,NULL,NULL,NULL),(60,NULL,'Trường Đại học Mỹ thuật Việt Nam',0,-1,NULL,NULL,NULL),(61,NULL,'Trường Đại học Mỹ thuật Thành phố Hồ Chí Minh',0,-1,NULL,NULL,NULL),(62,NULL,'Trường Đại học Ngân hàng Thành phố Hồ Chí Minh',0,-1,NULL,NULL,NULL),(63,NULL,'Trường Đại học Ngoại thương',0,-1,NULL,NULL,NULL),(64,NULL,'Trường Đại học Ngoại thương cơ sở 2, Thành phố Hồ Chí Minh',0,-1,NULL,NULL,NULL),(65,NULL,'Trường Đại học Ngoại thương, cơ sở Quảng Ninh',0,-1,NULL,NULL,NULL),(66,NULL,'Trường Đại học Nội vụ Hà Nội',0,-1,NULL,NULL,NULL),(67,NULL,'Trường Đại học Nông Lâm Bắc Giang',0,-1,NULL,NULL,NULL),(68,NULL,'Trường Đại học Nông Lâm Thành phố Hồ Chí Minh',0,-1,NULL,NULL,NULL),(69,NULL,'Trường Đại học Sao Đỏ',0,-1,NULL,NULL,NULL),(70,NULL,'Trường Đại học Sân khấu - Điện ảnh Hà Nội',0,-1,NULL,NULL,NULL),(71,NULL,'Trường Đại học Sân khấu - Điện ảnh Thành phố Hồ Chí Minh',0,-1,NULL,NULL,NULL),(72,NULL,'Trường Đại học Sư phạm Hà Nội',0,-1,NULL,NULL,NULL),(73,NULL,'Trường Đại học Sư phạm Hà Nội 2',0,-1,NULL,NULL,NULL),(74,NULL,'Trường Đại học Sư phạm Kỹ thuật Hưng Yên',0,-1,NULL,NULL,NULL),(75,NULL,'Trường Đại học Sư phạm Kỹ thuật Thành phố Hồ Chí Minh',0,-1,NULL,NULL,NULL),(76,NULL,'Trường Đại học Sư phạm Kỹ thuật Nam Định',0,-1,NULL,NULL,NULL),(77,NULL,'Trường Đại học Sư phạm Kỹ thuật Vĩnh Long',0,-1,NULL,NULL,NULL),(78,NULL,'Trường Đại học Sư phạm Kỹ thuật Vinh',0,-1,NULL,NULL,NULL),(79,NULL,'Trường Đại học Sư phạm Nghệ thuật Trung ương',0,-1,NULL,NULL,NULL),(80,NULL,'Trường Đại học Sư phạm Thành phố Hồ Chí Minh',0,-1,NULL,NULL,NULL),(81,NULL,'Trường Đại học Sư phạm Thể dục Thể thao Hà Nội',0,-1,NULL,NULL,NULL),(82,NULL,'Trường Đại học Sư phạm Thể dục Thể thao Thành phố Hồ Chí Minh',0,-1,NULL,NULL,NULL),(83,NULL,'Trường Đại học Tài chính - Kế toán',0,-1,NULL,NULL,NULL),(84,NULL,'Trường Đại học Tài chính - Marketing',0,-1,NULL,NULL,NULL),(85,NULL,'Trường Đại học Tài chính - Quản trị kinh doanh',0,-1,NULL,NULL,NULL),(86,NULL,'Trường Đại học Tài nguyên và Môi trường Hà Nội',0,-1,NULL,NULL,NULL),(87,NULL,'Trường Đại học Tài nguyên và Môi trường Thành phố Hồ Chí Minh',0,-1,NULL,NULL,NULL),(88,NULL,'Trường Đại học Thể dục Thể thao Thành phố Hồ Chí Minh',0,-1,NULL,NULL,NULL),(89,NULL,'Trường Đại học Thể dục Thể thao Bắc Ninh',0,-1,NULL,NULL,NULL),(90,NULL,'Trường Đại học Thể dục Thể thao Đà Nẵng',0,-1,NULL,NULL,NULL),(91,NULL,'Trường Đại học Thủy lợi cơ sở 2, Thành phố Hồ Chí Minh',0,-1,NULL,NULL,NULL),(92,NULL,'Trường Đại học Thủy lợi',0,-1,NULL,NULL,NULL),(93,NULL,'Trường Đại học Thương mại',0,-1,NULL,NULL,NULL),(94,NULL,'Trường Đại học Tôn Đức Thắng',0,-1,NULL,NULL,NULL),(95,NULL,'Trường Đại học Tôn Đức Thắng, cơ sở Bảo Lộc',0,-1,NULL,NULL,NULL),(96,NULL,'Trường Đại học Tôn Đức Thắng, cơ sở Cà Mau',0,-1,NULL,NULL,NULL),(97,NULL,'Trường Đại học Tôn Đức Thắng, cơ sở Nha Trang',0,-1,NULL,NULL,NULL),(98,NULL,'Trường Đại học Văn hóa Hà Nội',0,-1,NULL,NULL,NULL),(99,NULL,'Trường Đại học Văn hóa Thành phố Hồ Chí Minh',0,-1,NULL,NULL,NULL),(100,NULL,'Trường Đại học Xây dựng',0,-1,NULL,NULL,NULL),(101,NULL,'Trường Đại học Xây dựng miền Tây',0,-1,NULL,NULL,NULL),(102,NULL,'Trường Đại học Xây dựng miền Trung',0,-1,NULL,NULL,NULL),(103,NULL,'Trường Đại học Y - Dược Cần Thơ',0,-1,NULL,NULL,NULL),(104,NULL,'Trường Đại học Y Dược Hải Phòng',0,-1,NULL,NULL,NULL),(105,NULL,'Trường Đại học Y Dược Thái Bình',0,-1,NULL,NULL,NULL),(106,NULL,'Trường Đại học Y Dược Thành phố Hồ Chí Minh',0,-1,NULL,NULL,NULL),(107,NULL,'Trường Đại học Y Hà Nội',0,-1,NULL,NULL,NULL),(108,NULL,'Trường Đại học Y tế Công cộng',0,-1,NULL,NULL,NULL),(109,NULL,'Trường Đại học Y khoa Vinh',0,-1,NULL,NULL,NULL),(110,NULL,'Trường Đại học Y Phạm Ngọc Thạch',0,-1,NULL,NULL,NULL),(111,NULL,'Phân hiệu Đại học Y Hà Nội tại Thanh Hóa',0,-1,NULL,NULL,NULL),(112,NULL,'Phân hiệu Đại học Cần Thơ tại Hậu Giang',0,-1,NULL,NULL,NULL),(113,NULL,'Phân hiệu Trường Đại học Công nghệ Giao thông Vận tải tại Thái Nguyên',0,-1,NULL,NULL,NULL),(114,NULL,'Phân hiệu Trường Đại học Công nghệ Giao thông Vận tải tại Vĩnh Phúc',0,-1,NULL,NULL,NULL),(115,NULL,'Phân hiệu Đại học Công nghiệp Thành phố Hồ Chí Minh tại Quảng Ngãi',0,-1,NULL,NULL,NULL),(116,NULL,'Phân hiệu Đại học Giao thông Vận tải tại Thành phố Hồ Chí Minh',0,-1,NULL,NULL,NULL),(117,NULL,'Phân hiệu Đại học Kiến trúc Thành phố Hồ Chí Minh tại Cần Thơ',0,-1,NULL,NULL,NULL),(118,NULL,'Phân hiệu Đại học Kiến trúc Thành phố Hồ Chí Minh tại Đà Lạt',0,-1,NULL,NULL,NULL),(119,NULL,'Phân hiệu Đại học Mỏ - Địa chất tại Quảng Ninh',0,-1,NULL,NULL,NULL),(120,NULL,'Phân hiệu Đại học Mỏ - Địa chất tại Vũng Tàu',0,-1,NULL,NULL,NULL),(121,NULL,'Phân hiệu Đại học Nội vụ Hà Nội tại Quảng Nam',0,-1,NULL,NULL,NULL),(122,NULL,'Phân hiệu Đại học Nông Lâm Thành phố Hồ Chí Minh tại Gia Lai',0,-1,NULL,NULL,NULL),(123,NULL,'Phân hiệu Đại học Nông Lâm Thành phố Hồ Chí Minh tại Ninh Thuận',0,-1,NULL,NULL,NULL),(124,NULL,'Phân hiệu Đại học Lâm nghiệp Việt Nam tại Đồng Nai',0,-1,NULL,NULL,NULL),(125,NULL,'Viện Đại học Mở Hà Nội',0,-1,NULL,NULL,NULL),(126,NULL,'Học viện Âm nhạc Huế',0,-1,NULL,NULL,NULL),(127,NULL,'Học viện Âm nhạc Quốc gia Việt Nam',0,-1,NULL,NULL,NULL),(128,NULL,'Học viện Báo chí và Tuyên truyền',0,-1,NULL,NULL,NULL),(129,NULL,'Học viện Cán bộ Thành phố Hồ Chí Minh',0,-1,NULL,NULL,NULL),(130,NULL,'Học viện Cán bộ Quản lý xây dựng và đô thị',0,-1,NULL,NULL,NULL),(131,NULL,'Học viện Chính sách và phát triển',0,-1,NULL,NULL,NULL),(132,NULL,'Học viện Chính trị - Hành chính Quốc gia Hồ Chí Minh',0,-1,NULL,NULL,NULL),(133,NULL,'Học viện Dân tộc',0,-1,NULL,NULL,NULL),(134,NULL,'Học viện Xây dựng Đảng',0,-1,NULL,NULL,NULL),(135,NULL,'Học viện Công nghệ Bưu chính Viễn thông',0,-1,NULL,NULL,NULL),(136,NULL,'Học viện Công nghệ Bưu chính Viễn thông cơ sở 2, Thành phố Hồ Chí Minh',0,-1,NULL,NULL,NULL),(137,NULL,'Học viện Hàng không Việt Nam',0,-1,NULL,NULL,NULL),(138,NULL,'Học viện Hành chính',0,-1,NULL,NULL,NULL),(139,NULL,'Học viện Hành chính cơ sở 2, Thành phố Hồ Chí Minh',0,-1,NULL,NULL,NULL),(140,NULL,'Học viện Khoa học và Công nghệ',0,-1,NULL,NULL,NULL),(141,NULL,'Học viện Khoa học xã hội',0,-1,NULL,NULL,NULL),(142,NULL,'Học viện Ngân hàng',0,-1,NULL,NULL,NULL),(143,NULL,'Học viện Ngoại giao Việt Nam',0,-1,NULL,NULL,NULL),(144,NULL,'Học viện Nông nghiệp Việt Nam',0,-1,NULL,NULL,NULL),(145,NULL,'Học viện Phụ nữ Việt Nam',0,-1,NULL,NULL,NULL),(146,NULL,'Học viện Quản lý Giáo dục',0,-1,NULL,NULL,NULL),(147,NULL,'Học viện Tài chính',0,-1,NULL,NULL,NULL),(148,NULL,'Học viện Tòa án',0,-1,NULL,NULL,NULL),(149,NULL,'Học viện Thanh thiếu niên',0,-1,NULL,NULL,NULL),(150,NULL,'Học viện Tư Pháp',0,-1,NULL,NULL,NULL),(151,NULL,'Học viện Y dược học cổ truyền Việt Nam',0,-1,NULL,NULL,NULL),(152,NULL,'Nhạc viện Thành phố Hồ Chí Minh',0,-1,NULL,NULL,NULL),(153,NULL,'Phân viện Học viện Ngân hàng tại Bắc Ninh',0,-1,NULL,NULL,NULL),(154,NULL,'Phân viện Học viện Ngân hàng tại Phú Yên',0,-1,NULL,NULL,NULL),(155,NULL,'Trường Đại học Anh quốc Việt Nam',0,-1,NULL,NULL,NULL),(156,NULL,'Học viện Thiết kế và Thời trang London',0,-1,NULL,NULL,NULL),(157,NULL,'Trường Đại học Bà Rịa - Vũng Tàu',0,-1,NULL,NULL,NULL),(158,NULL,'Trường Đại học Bình Dương',0,-1,NULL,NULL,NULL),(159,NULL,'Trường Đại học Buôn Ma Thuột',0,-1,NULL,NULL,NULL),(160,NULL,'Trường Đại học Chu Văn An',0,-1,NULL,NULL,NULL),(161,NULL,'Trường Đại học Công nghệ Đông Á',0,-1,NULL,NULL,NULL),(162,NULL,'Trường Đại học Công nghệ Đồng Nai',0,-1,NULL,NULL,NULL),(163,NULL,'Trường Đại học Công nghệ Sài Gòn',0,-1,NULL,NULL,NULL),(164,NULL,'Trường Đại học Công nghệ Thành phố Hồ Chí Minh',0,-1,NULL,NULL,NULL),(165,NULL,'Trường Đại học Công nghệ và Quản lý Hữu nghị',0,-1,NULL,NULL,NULL),(166,NULL,'Trường Đại học Công nghệ Vạn Xuân',0,-1,NULL,NULL,NULL),(167,NULL,'Trường Đại học Công nghiệp Vinh',0,-1,NULL,NULL,NULL),(168,NULL,'Trường Đại học Cửu Long',0,-1,NULL,NULL,NULL),(169,NULL,'Trường Đại học Tây Đô',0,-1,NULL,NULL,NULL),(170,NULL,'Trường Đại học Duy Tân',0,-1,NULL,NULL,NULL),(171,NULL,'Trường Đại học Đại Nam',0,-1,NULL,NULL,NULL),(172,NULL,'Trường Đại học Đông Á',0,-1,NULL,NULL,NULL),(173,NULL,'Trường Đại học Đông Đô',0,-1,NULL,NULL,NULL),(174,NULL,'Trường Đại học FPT',0,-1,NULL,NULL,NULL),(175,NULL,'Trường Đại học Fulbright Việt Nam',0,-1,NULL,NULL,NULL),(176,NULL,'Trường Đại học Gia Định',0,-1,NULL,NULL,NULL),(177,NULL,'Trường Đại học Hà Hoa Tiên',0,-1,NULL,NULL,NULL),(178,NULL,'Trường Đại học Hải Phòng',0,-1,NULL,NULL,NULL),(179,NULL,'Trường Đại học Hòa Bình',0,-1,NULL,NULL,NULL),(180,NULL,'Trường Đại học Hoa Sen',0,-1,NULL,NULL,NULL),(181,NULL,'Trường Đại học Hùng Vương Thành phố Hồ Chí Minh',0,-1,NULL,NULL,NULL),(182,NULL,'Trường Đại học Kiến trúc Đà Nẵng',0,-1,NULL,NULL,NULL),(183,NULL,'Trường Đại học Kinh Bắc',0,-1,NULL,NULL,NULL),(184,NULL,'Trường Đại học Kinh doanh và Công nghệ Hà Nội',0,-1,NULL,NULL,NULL),(185,NULL,'Trường Đại học Kinh tế - Công nghiệp Long An',0,-1,NULL,NULL,NULL),(186,NULL,'Trường Đại học Kinh tế - Kỹ thuật Bình Dương',0,-1,NULL,NULL,NULL),(187,NULL,'Trường Đại học Kinh tế - Tài chính Thành phố Hồ Chí Minh',0,-1,NULL,NULL,NULL),(188,NULL,'Trường Đại học Lạc Hồng',0,-1,NULL,NULL,NULL),(189,NULL,'Trường Đại học Lương Thế Vinh',0,-1,NULL,NULL,NULL),(190,NULL,'Trường Đại học Mỹ tại Việt Nam - AUV Đà Nẵng',0,-1,NULL,NULL,NULL),(191,NULL,'Trường Đại học Mỹ thuật Công nghiệp Á Châu',0,-1,NULL,NULL,NULL),(192,NULL,'Trường Đại học Nam Cần Thơ',0,-1,NULL,NULL,NULL),(193,NULL,'Trường Đại học Ngoại ngữ Tin học Thành phố Hồ Chí Minh',0,-1,NULL,NULL,NULL),(194,NULL,'Trường Đại học Nguyễn Tất Thành',0,-1,NULL,NULL,NULL),(195,NULL,'Trường Đại học Nguyễn Trãi',0,-1,NULL,NULL,NULL),(196,NULL,'Trường Đại học Phan Châu Trinh',0,-1,NULL,NULL,NULL),(197,NULL,'Trường Đại học Phan Thiết',0,-1,NULL,NULL,NULL),(198,NULL,'Trường Đại học Phú Xuân',0,-1,NULL,NULL,NULL),(199,NULL,'Trường Đại học Phương Đông',0,-1,NULL,NULL,NULL),(200,NULL,'Trường Đại học Quang Trung',0,-1,NULL,NULL,NULL),(201,NULL,'Trường Đại học Quốc tế Hồng Bàng',0,-1,NULL,NULL,NULL),(202,NULL,'Trường Đại học Quốc tế Bắc Hà',0,-1,NULL,NULL,NULL),(203,NULL,'Trường Đại học Quốc tế Miền Đông',0,-1,NULL,NULL,NULL),(204,NULL,'Trường Đại học Quốc tế Sài Gòn',0,-1,NULL,NULL,NULL),(205,NULL,'Trường Đại học RMIT',0,-1,NULL,NULL,NULL),(206,NULL,'Trường Đại học Tài chính - Ngân hàng Hà Nội',0,-1,NULL,NULL,NULL),(207,NULL,'Trường Đại học Tân Tạo',0,-1,NULL,NULL,NULL),(208,NULL,'Trường Đại học Trưng Vương',0,-1,NULL,NULL,NULL),(209,NULL,'Trường Đại học Thành Đô',0,-1,NULL,NULL,NULL),(210,NULL,'Trường Đại học Thành Đông',0,-1,NULL,NULL,NULL),(211,NULL,'Trường Đại học Thành Tây',0,-1,NULL,NULL,NULL),(212,NULL,'Trường Đại học Thăng Long',0,-1,NULL,NULL,NULL),(213,NULL,'Trường Đại học Thái Bình Dương',0,-1,NULL,NULL,NULL),(214,NULL,'Trường Đại học Văn Hiến',0,-1,NULL,NULL,NULL),(215,NULL,'Trường Đại học Văn Lang',0,-1,NULL,NULL,NULL),(216,NULL,'Trường Đại học Việt Bắc',0,-1,NULL,NULL,NULL),(217,NULL,'Trường Đại học Võ Trường Toản',0,-1,NULL,NULL,NULL),(218,NULL,'Trường Đại học Yersin Đà Lạt',0,-1,NULL,NULL,NULL),(219,NULL,'Trường Đại học Y khoa Tokyo Việt Nam',0,-1,NULL,NULL,NULL),(220,NULL,'Phân hiệu Trường Đại học Bình Dương tại Cà Mau',0,-1,NULL,NULL,NULL),(221,NULL,'Học viện Biên phòng',0,-1,NULL,NULL,NULL),(222,NULL,'Học viện Chính trị Quân sự',0,-1,NULL,NULL,NULL),(223,NULL,'Học viện Hải quân',0,-1,NULL,NULL,NULL),(224,NULL,'Học viện Hậu cần',0,-1,NULL,NULL,NULL),(225,NULL,'Học viện Khoa học Quân sự',0,-1,NULL,NULL,NULL),(226,NULL,'Học viện Kỹ thuật Mật mã',0,-1,NULL,NULL,NULL),(227,NULL,'Học viện Kỹ thuật Quân sự',0,-1,NULL,NULL,NULL),(228,NULL,'Học viện Lục quân Đà Lạt',0,-1,NULL,NULL,NULL),(229,NULL,'Học viện Phòng không - Không quân',0,-1,NULL,NULL,NULL),(230,NULL,'Học viện Quân y',0,-1,NULL,NULL,NULL),(231,NULL,'Học viện Quốc phòng Việt Nam',0,-1,NULL,NULL,NULL),(232,NULL,'Trường Đại học Ngô Quyền',0,-1,NULL,NULL,NULL),(233,NULL,'Trường Sĩ quan Không quân',0,-1,NULL,NULL,NULL),(234,NULL,'Trường Đại học Chính trị',0,-1,NULL,NULL,NULL),(235,NULL,'Trường Đại học Trần Đại Nghĩa',0,-1,NULL,NULL,NULL),(236,NULL,'Trường Đại học Trần Quốc Tuấn',0,-1,NULL,NULL,NULL),(237,NULL,'Trường Đại học Nguyễn Huệ',0,-1,NULL,NULL,NULL),(238,NULL,'Trường Đại học Thông tin liên lạc',0,-1,NULL,NULL,NULL),(239,NULL,'Trường Sĩ quan Pháo binh',0,-1,NULL,NULL,NULL),(240,NULL,'Trường Sĩ quan Phòng hóa',0,-1,NULL,NULL,NULL),(241,NULL,'Trường Sĩ quan Tăng - Thiết giáp',0,-1,NULL,NULL,NULL),(242,NULL,'Trường Sĩ quan Đặc công',0,-1,NULL,NULL,NULL),(243,NULL,'Trường Đại học Văn hóa - Nghệ thuật Quân đội',0,-1,NULL,NULL,NULL),(244,NULL,'Trường Cao đẳng Công nghiệp Quốc phòng',0,-1,NULL,NULL,NULL),(245,NULL,'Trường Cao đẳng Công nghệ và Kỹ thuật Ô tô',0,-1,NULL,NULL,NULL),(246,NULL,'Trường Cao đẳng Quân y 1',0,-1,NULL,NULL,NULL),(247,NULL,'Phân hiệu Học viện Kỹ thuật Mật mã tại Thành phố Hồ Chí Minh',0,-1,NULL,NULL,NULL),(248,NULL,'Học viện An ninh Nhân dân',0,-1,NULL,NULL,NULL),(249,NULL,'Học viện Cảnh sát Nhân dân',0,-1,NULL,NULL,NULL),(250,NULL,'Học viện Chính trị Công an Nhân dân',0,-1,NULL,NULL,NULL),(251,NULL,'Trường Đại học An ninh Nhân dân',0,-1,NULL,NULL,NULL),(252,NULL,'Trường Đại học Cảnh sát Nhân dân',0,-1,NULL,NULL,NULL),(253,NULL,'Trường Đại học Phòng cháy Chữa cháy',0,-1,NULL,NULL,NULL),(254,NULL,'Trường Đại học Kỹ thuật - Hậu cần Công an Nhân dân',0,-1,NULL,NULL,NULL),(255,NULL,'Trường Cao đẳng An ninh Nhân dân I',0,-1,NULL,NULL,NULL),(256,NULL,'Trường Cao đẳng An ninh Nhân dân II',0,-1,NULL,NULL,NULL),(257,NULL,'Trường Cao đẳng Cảnh sát Nhân dân I',0,-1,NULL,NULL,NULL),(258,NULL,'Trường Cao đẳng Cảnh sát Nhân dân II',0,-1,NULL,NULL,NULL),(259,NULL,'Đại học Thái Nguyên',0,-1,NULL,NULL,NULL),(260,NULL,'Khoa Ngoại ngữ - Đại học Thái Nguyên',0,-1,259,NULL,NULL),(261,NULL,'Khoa Quốc tế - Đại học Thái Nguyên',0,-1,259,NULL,NULL),(262,NULL,'Phân hiệu Đại học Thái Nguyên tại Lào Cai',0,-1,259,NULL,NULL),(263,NULL,'Trường Đại học Công nghệ Thông tin và Truyền thông - Đại học Thái Nguyên',0,-1,259,NULL,NULL),(264,NULL,'Trường Đại học Khoa học - Đại học Thái Nguyên',0,-1,259,NULL,NULL),(265,NULL,'Trường Đại học Kinh tế và Quản trị Kinh doanh - Đại học Thái Nguyên',0,-1,259,NULL,NULL),(266,NULL,'Trường Đại học Kỹ thuật Công nghiệp - Đại học Thái Nguyên',0,-1,259,NULL,NULL),(267,NULL,'Trường Đại học Nông Lâm - Đại học Thái Nguyên',0,-1,259,NULL,NULL),(268,NULL,'Trường Đại học Sư phạm - Đại học Thái Nguyên',0,-1,259,NULL,NULL),(269,NULL,'Trường Đại học Y Dược - Đại học Thái Nguyên',0,-1,259,NULL,NULL),(270,NULL,'Trường Cao đẳng Kinh Tế - Kỹ thuật - Đại học Thái Nguyên',0,-1,259,NULL,NULL),(271,NULL,'Trường Đại học Vinh',0,-1,NULL,NULL,NULL),(272,NULL,'Đại học Huế',0,-1,NULL,NULL,NULL),(273,NULL,'Khoa Du lịch - Đại học Huế',0,-1,272,NULL,NULL),(274,NULL,'Khoa Giáo dục thể chất - Đại học Huế',0,-1,272,NULL,NULL),(275,NULL,'Phân hiệu Đại học Huế tại Quảng Trị - Đại học Huế',0,-1,272,NULL,NULL),(276,NULL,'Trường Đại học Khoa học - Đại học Huế',0,-1,272,NULL,NULL),(277,NULL,'Trường Đại học Kinh tế - Đại học Huế',0,-1,272,NULL,NULL),(278,NULL,'Trường Đại học Luật - Đại học Huế',0,-1,272,NULL,NULL),(279,NULL,'Trường Đại học Nghệ thuật - Đại học Huế',0,-1,272,NULL,NULL),(280,NULL,'Trường Đại học Ngoại ngữ - Đại học Huế',0,-1,272,NULL,NULL),(281,NULL,'Trường Đại học Nông Lâm - Đại học Huế',0,-1,272,NULL,NULL),(282,NULL,'Trường Đại học Sư phạm - Đại học Huế',0,-1,272,NULL,NULL),(283,NULL,'Trường Đại học Y Dược - Đại học Huế',0,-1,272,NULL,NULL),(284,NULL,'Đại học Đà Nẵng',0,-1,NULL,NULL,NULL),(285,NULL,'Trường Đại học Bách khoa - Đại học Đà Nẵng',0,-1,284,NULL,NULL),(286,NULL,'Trường Đại học Sư phạm Kỹ thuật - Đại học Đà Nẵng',0,-1,284,NULL,NULL),(287,NULL,'Trường Đại học Kinh tế - Đại học Đà Nẵng',0,-1,284,NULL,NULL),(288,NULL,'Trường Đại học Ngoại ngữ - Đại học Đà Nẵng',0,-1,284,NULL,NULL),(289,NULL,'Trường Đại học Sư phạm - Đại học Đà Nẵng',0,-1,284,NULL,NULL),(290,NULL,'Phân hiệu Đại học Đà Nẵng tại Kon Tum',0,-1,284,NULL,NULL),(291,NULL,'Viện Nghiên cứu và Đào tạo Việt - Anh - Đại học Đà Nẵng',0,-1,284,NULL,NULL),(292,NULL,'Khoa Y Dược - Đại học Đà Nẵng',0,-1,284,NULL,NULL),(293,NULL,'Khoa Công nghệ - Đại học Đà Nẵng',0,-1,284,NULL,NULL),(294,NULL,'Khoa Công nghệ Thông tin và Truyền thông - Đại học Đà Nẵng',0,-1,284,NULL,NULL),(295,NULL,'Trường Cao đẳng Công nghệ Thông tin - Đại học Đà Nẵng',0,-1,284,NULL,NULL),(296,NULL,'Trường Đại học Quy Nhơn',0,-1,NULL,NULL,NULL),(297,NULL,'Trường Đại học Tây Nguyên',0,-1,NULL,NULL,NULL),(298,NULL,'Trường Đại học Cần Thơ',0,-1,NULL,NULL,NULL),(299,NULL,'Trường Đại học Bạc Liêu',0,-1,NULL,NULL,NULL),(300,NULL,'Trường Đại học Đồng Nai',0,-1,NULL,NULL,NULL),(301,NULL,'Trường Đại học Đà Lạt',0,-1,NULL,NULL,NULL),(302,NULL,'Trường Đại học Đồng Tháp',0,-1,NULL,NULL,NULL),(303,NULL,'Trường Đại học Hà Tĩnh',0,-1,NULL,NULL,NULL),(304,NULL,'Trường Đại học Hạ Long',0,-1,NULL,NULL,NULL),(305,NULL,'Trường Đại học Hải Dương',0,-1,NULL,NULL,NULL),(306,NULL,'Trường Đại học Hải Phòng',0,-1,NULL,NULL,NULL),(307,NULL,'Trường Đại học Hồng Đức',0,-1,NULL,NULL,NULL),(308,NULL,'Trường Đại học Hoa Lư',0,-1,NULL,NULL,NULL),(309,NULL,'Trường Đại học Hùng Vương',0,-1,NULL,NULL,NULL),(310,NULL,'Trường Đại học Khánh Hòa',0,-1,NULL,NULL,NULL),(311,NULL,'Trường Đại học Kiên Giang',0,-1,NULL,NULL,NULL),(312,NULL,'Trường Đại học Kinh tế Nghệ An',0,-1,NULL,NULL,NULL),(313,NULL,'Trường Đại học Kỹ thuật - Công nghệ Cần Thơ',0,-1,NULL,NULL,NULL),(314,NULL,'Trường Đại học Nha Trang',0,-1,NULL,NULL,NULL),(315,NULL,'Trường Đại học Phạm Văn Đồng',0,-1,NULL,NULL,NULL),(316,NULL,'Trường Đại học Phú Yên',0,-1,NULL,NULL,NULL),(317,NULL,'Trường Đại học Quảng Bình',0,-1,NULL,NULL,NULL),(318,NULL,'Trường Đại học Quảng Nam',0,-1,NULL,NULL,NULL),(319,NULL,'Trường Đại học Sài Gòn',0,-1,NULL,NULL,NULL),(320,NULL,'Trường Đại học Thủ Dầu Một',0,-1,NULL,NULL,NULL),(321,NULL,'Trường Đại học Thủ đô Hà Nội',0,-1,NULL,NULL,NULL),(322,NULL,'Trường Đại học Tân Trào',0,-1,NULL,NULL,NULL),(323,NULL,'Trường Đại học Tiền Giang',0,-1,NULL,NULL,NULL),(324,NULL,'Trường Đại học Thái Bình',0,-1,NULL,NULL,NULL),(325,NULL,'Trường Đại học Trà Vinh',0,-1,NULL,NULL,NULL),(326,NULL,'Trường Đại học Văn hóa, Thể thao và Du lịch Thanh Hóa',0,-1,NULL,NULL,NULL),(327,NULL,'Trường Dự bị Đại Học Thành phố Hồ Chí Minh',0,-1,NULL,NULL,NULL),(328,NULL,'Trường Dự bị Đại học dân tộc Trung ương Việt Trì - Phú Thọ',0,-1,NULL,NULL,NULL),(329,NULL,'Trường Dự bị Đại học dân tộc Sầm Sơn',0,-1,NULL,NULL,NULL),(330,NULL,'Trường Dự bị Đại học dân tộc Nha Trang',0,-1,NULL,NULL,NULL),(331,NULL,'Trường Cao đẳng Cơ khí Luyện kim',0,-1,NULL,NULL,NULL),(332,NULL,'Trường Cao đẳng Công nghệ và Kinh tế công nghiệp',0,-1,NULL,NULL,NULL),(333,NULL,'Trường Cao đẳng Công nghiệp Cẩm Phả',0,-1,NULL,NULL,NULL),(334,NULL,'Trường Cao đẳng Cộng đồng Bắc Kạn',0,-1,NULL,NULL,NULL),(335,NULL,'Trường Cao đẳng Cộng đồng Lai Châu',0,-1,NULL,NULL,NULL),(336,NULL,'Trường Cao đẳng Cộng đồng Lào Cai',0,-1,NULL,NULL,NULL),(337,NULL,'Trường Cao đẳng Công nghiệp Thái Nguyên',0,-1,NULL,NULL,NULL),(338,NULL,'Trường Cao đẳng Công nghiệp Thực phẩm',0,-1,NULL,NULL,NULL),(339,NULL,'Trường Cao đẳng Công nghiệp và Xây dựng',0,-1,NULL,NULL,NULL),(340,NULL,'Trường Cao đẳng Công nghiệp Việt Đức',0,-1,NULL,NULL,NULL),(341,NULL,'Trường Cao đẳng Kinh tế - Tài chính Thái Nguyên',0,-1,NULL,NULL,NULL),(342,NULL,'Trường Cao đẳng Kinh tế Kỹ thuật Điện Biên',0,-1,NULL,NULL,NULL),(343,NULL,'Trường Cao đẳng Kinh tế Kỹ thuật Phú Thọ',0,-1,NULL,NULL,NULL),(344,NULL,'Trường Cao đẳng Kỹ thuật Công nghiệp',0,-1,NULL,NULL,NULL),(345,NULL,'Trường Cao đẳng Ngô Gia Tự',0,-1,NULL,NULL,NULL),(346,NULL,'Trường Cao đẳng Nông Lâm Đông Bắc',0,-1,NULL,NULL,NULL),(347,NULL,'Trường Cao đẳng Nông Lâm Sơn La',0,-1,NULL,NULL,NULL),(348,NULL,'Trường Cao đẳng Sơn La',0,-1,NULL,NULL,NULL),(349,NULL,'Trường Cao đẳng Sư phạm Cao Bằng',0,-1,NULL,NULL,NULL),(350,NULL,'Trường Cao đẳng Sư phạm Điện Biên',0,-1,NULL,NULL,NULL),(351,NULL,'Trường Cao đẳng Sư phạm Hà Giang',0,-1,NULL,NULL,NULL),(352,NULL,'Trường Cao đẳng Sư phạm Hòa Bình',0,-1,NULL,NULL,NULL),(353,NULL,'Trường Cao đẳng Sư phạm Lạng Sơn',0,-1,NULL,NULL,NULL),(354,NULL,'Trường Cao đẳng Sư phạm Lào Cai',0,-1,NULL,NULL,NULL),(355,NULL,'Trường Cao đẳng Sư phạm Thái Nguyên',0,-1,NULL,NULL,NULL),(356,NULL,'Trường Cao đẳng Sư phạm Yên Bái',0,-1,NULL,NULL,NULL),(357,NULL,'Trường Cao đẳng Thương mại và Du lịch Thái Nguyên',0,-1,NULL,NULL,NULL),(358,NULL,'Trường Cao đẳng Văn hóa Nghệ thuật Du lịch Yên Bái',0,-1,NULL,NULL,NULL),(359,NULL,'Trường Cao đẳng Văn hóa Nghệ thuật Tây Bắc',0,-1,NULL,NULL,NULL),(360,NULL,'Trường Cao đẳng Văn hóa Nghệ thuật Du lịch Hạ Long',0,-1,NULL,NULL,NULL),(361,NULL,'Trường Cao đẳng Văn hóa Nghệ thuật Việt Bắc',0,-1,NULL,NULL,NULL),(362,NULL,'Trường Cao đẳng Y tế Điện Biên',0,-1,NULL,NULL,NULL),(363,NULL,'Trường Cao đẳng Y tế Lạng Sơn',0,-1,NULL,NULL,NULL),(364,NULL,'Trường Cao đẳng Y tế Phú Thọ',0,-1,NULL,NULL,NULL),(365,NULL,'Trường Cao đẳng Y tế Quảng Ninh',0,-1,NULL,NULL,NULL),(366,NULL,'Trường Cao đẳng Y tế Sơn La',0,-1,NULL,NULL,NULL),(367,NULL,'Trường Cao đẳng Y tế Thái Nguyên',0,-1,NULL,NULL,NULL),(368,NULL,'Trường Cao đẳng Y tế Yên Bái',0,-1,NULL,NULL,NULL),(369,NULL,'Trường Cao đẳng Cộng đồng Hà Nội',0,-1,NULL,NULL,NULL),(370,NULL,'Trường Cao đẳng Cộng đồng Hà Tây',0,-1,NULL,NULL,NULL),(371,NULL,'Trường Cao đẳng Cộng đồng Hải Phòng',0,-1,NULL,NULL,NULL),(372,NULL,'Trường Cao đẳng Công nghệ và Kinh tế Hà Nội',0,-1,NULL,NULL,NULL),(373,NULL,'Trường Cao đẳng Công nghệ Viettronics',0,-1,NULL,NULL,NULL),(374,NULL,'Trường Cao đẳng Công nghiệp Hưng Yên',0,-1,NULL,NULL,NULL),(375,NULL,'Trường Cao đẳng Công nghiệp In',0,-1,NULL,NULL,NULL),(376,NULL,'Trường Cao đẳng Công nghiệp Nam Định',0,-1,NULL,NULL,NULL),(377,NULL,'Trường Cao đẳng Công nghiệp Phúc Yên',0,-1,NULL,NULL,NULL),(378,NULL,'Trường Cao đẳng Điện tử - Điện lạnh Hà Nội',0,-1,NULL,NULL,NULL),(379,NULL,'Trường Cao đẳng Du lịch Hà Nội',0,-1,NULL,NULL,NULL),(380,NULL,'Trường Cao đẳng Dược Trung ương',0,-1,NULL,NULL,NULL),(381,NULL,'Trường Cao đẳng Hải Dương',0,-1,NULL,NULL,NULL),(382,NULL,'Trường Cao đẳng Hàng hải I',0,-1,NULL,NULL,NULL),(383,NULL,'Trường Cao đẳng Kinh tế và Công nghệ thực phẩm',0,-1,NULL,NULL,NULL),(384,NULL,'Trường Cao đẳng Kinh tế - Kỹ thuật Thương mại',0,-1,NULL,NULL,NULL),(385,NULL,'Trường Cao đẳng Kinh tế - Kỹ thuật Trung ương',0,-1,NULL,NULL,NULL),(386,NULL,'Trường Cao đẳng Kinh tế - Kỹ thuật Vĩnh Phúc',0,-1,NULL,NULL,NULL),(387,NULL,'Trường Cao đẳng Kinh tế Công nghiệp Hà Nội',0,-1,NULL,NULL,NULL),(388,NULL,'Trường Cao đẳng Múa Việt Nam',0,-1,NULL,NULL,NULL),(389,NULL,'Trường Cao đẳng Nghệ thuật Hà Nội',0,-1,NULL,NULL,NULL),(390,NULL,'Trường Cao đẳng Nông nghiệp và Phát triển nông thôn Bắc Bộ',0,-1,NULL,NULL,NULL),(391,NULL,'Trường Cao đẳng Phát thanh - Truyền hình I',0,-1,NULL,NULL,NULL),(392,NULL,'Trường Cao đẳng Sư phạm Bắc Ninh',0,-1,NULL,NULL,NULL),(393,NULL,'Trường Cao đẳng Sư phạm Hà Nam',0,-1,NULL,NULL,NULL),(394,NULL,'Trường Cao đẳng Sư phạm Hà Tây',0,-1,NULL,NULL,NULL),(395,NULL,'Trường Cao đẳng Sư phạm Hưng Yên',0,-1,NULL,NULL,NULL),(396,NULL,'Trường Cao đẳng Sư phạm Nam Định',0,-1,NULL,NULL,NULL),(397,NULL,'Trường Cao đẳng Sư phạm Thái Bình',0,-1,NULL,NULL,NULL),(398,NULL,'Trường Cao đẳng Sư phạm Trung ương',0,-1,NULL,NULL,NULL),(399,NULL,'Trường Cao đẳng Thống kê',0,-1,NULL,NULL,NULL),(400,NULL,'Trường Cao đẳng Thương mại và Du lịch Hà Nội',0,-1,NULL,NULL,NULL),(401,NULL,'Trường Cao đẳng Thủy lợi Bắc Bộ',0,-1,NULL,NULL,NULL),(402,NULL,'Trường Cao đẳng Thủy sản',0,-1,NULL,NULL,NULL),(403,NULL,'Trường Cao đẳng Truyền hình Việt Nam',0,-1,NULL,NULL,NULL),(404,NULL,'Trường Cao đẳng Văn hóa Nghệ thuật và Du lịch Nam Định',0,-1,NULL,NULL,NULL),(405,NULL,'Trường Cao đẳng Văn hóa Nghệ thuật Thái Bình',0,-1,NULL,NULL,NULL),(406,NULL,'Trường Cao đẳng Vĩnh Phúc',0,-1,NULL,NULL,NULL),(407,NULL,'Trường Cao đẳng Xây dựng công trình đô thị',0,-1,NULL,NULL,NULL),(408,NULL,'Trường Cao đẳng Xây dựng Nam Định',0,-1,NULL,NULL,NULL),(409,NULL,'Trường Cao đẳng Xây dựng số 1',0,-1,NULL,NULL,NULL),(410,NULL,'Trường Cao đẳng Y tế Bạch Mai',0,-1,NULL,NULL,NULL),(411,NULL,'Trường Cao đẳng Y tế Hà Đông',0,-1,NULL,NULL,NULL),(412,NULL,'Trường Cao đẳng Y tế Hà Nam',0,-1,NULL,NULL,NULL),(413,NULL,'Trường Cao đẳng Y tế Hà Nội',0,-1,NULL,NULL,NULL),(414,NULL,'Trường Cao đẳng Y tế Hải Phòng',0,-1,NULL,NULL,NULL),(415,NULL,'Trường Cao đẳng Y tế Hưng Yên',0,-1,NULL,NULL,NULL),(416,NULL,'Trường Cao đẳng Y tế Ninh Bình',0,-1,NULL,NULL,NULL),(417,NULL,'Trường Cao đẳng Y tế Thái Bình',0,-1,NULL,NULL,NULL),(418,NULL,'Trường Cao đẳng Công nghiệp Huế',0,-1,NULL,NULL,NULL),(419,NULL,'Trường Cao đẳng Giao thông Huế',0,-1,NULL,NULL,NULL),(420,NULL,'Trường Cao đẳng Giao thông Vận tải miền Trung',0,-1,NULL,NULL,NULL),(421,NULL,'Trường Cao đẳng Kinh tế Kỹ thuật Công thương',0,-1,NULL,NULL,NULL),(422,NULL,'Trường Cao đẳng Nông Lâm Thanh Hóa',0,-1,NULL,NULL,NULL),(423,NULL,'Trường Cao đẳng Sư phạm Nghệ An',0,-1,NULL,NULL,NULL),(424,NULL,'Trường Cao đẳng Sư phạm Quảng Trị',0,-1,NULL,NULL,NULL),(425,NULL,'Trường Cao đẳng Sư phạm Thừa Thiên - Huế',0,-1,NULL,NULL,NULL),(426,NULL,'Trường Cao đẳng Tài nguyên và Môi trường Miền Trung',0,-1,NULL,NULL,NULL),(427,NULL,'Trường Cao đẳng Thể dục Thể thao Thanh Hóa',0,-1,NULL,NULL,NULL),(428,NULL,'Trường Cao đẳng Văn hóa Nghệ thuật Nghệ An',0,-1,NULL,NULL,NULL),(429,NULL,'Trường Cao đẳng Văn hóa, Thể thao và Du lịch Nguyễn Du',0,-1,NULL,NULL,NULL),(430,NULL,'Trường Cao đẳng Y tế Hà Tĩnh',0,-1,NULL,NULL,NULL),(431,NULL,'Trường Cao đẳng Y tế Huế',0,-1,NULL,NULL,NULL),(432,NULL,'Trường Cao đẳng Y tế Thanh Hóa',0,-1,NULL,NULL,NULL),(433,NULL,'Trường Cao đẳng Bình Định',0,-1,NULL,NULL,NULL),(434,NULL,'Trường Cao đẳng Cộng đồng Bình Thuận',0,-1,NULL,NULL,NULL),(435,NULL,'Trường Cao đẳng Công nghệ - Kinh tế và Thủy lợi miền Trung',0,-1,NULL,NULL,NULL),(436,NULL,'Trường Cao đẳng Công nghệ thông tin Hữu nghị Việt - Hàn',0,-1,NULL,NULL,NULL),(437,NULL,'Trường Cao đẳng Công nghiệp Tuy Hòa',0,-1,NULL,NULL,NULL),(438,NULL,'Trường Cao đẳng Điện lực miền Trung',0,-1,NULL,NULL,NULL),(439,NULL,'Trường Cao đẳng Giao thông vận tải II',0,-1,NULL,NULL,NULL),(440,NULL,'Trường Cao đẳng Kinh tế - Kế hoạch Đà Nẵng',0,-1,NULL,NULL,NULL),(441,NULL,'Trường Cao đẳng Kinh tế - Kỹ thuật Quảng Nam',0,-1,NULL,NULL,NULL),(442,NULL,'Trường Cao đẳng Lương thực Thực phẩm',0,-1,NULL,NULL,NULL),(443,NULL,'Trường Cao đẳng Sư phạm Ninh Thuận',0,-1,NULL,NULL,NULL),(444,NULL,'Trường Cao đẳng Sư phạm Trung ương Nha Trang',0,-1,NULL,NULL,NULL),(445,NULL,'Trường Cao đẳng Thương mại',0,-1,NULL,NULL,NULL),(446,NULL,'Trường Cao đẳng Văn hóa - Nghệ thuật Đà Nẵng',0,-1,NULL,NULL,NULL),(447,NULL,'Trường Cao đẳng Y tế Bình Định',0,-1,NULL,NULL,NULL),(448,NULL,'Trường Cao đẳng Y tế Bình Thuận',0,-1,NULL,NULL,NULL),(449,NULL,'Trường Cao đẳng Y tế Đặng Thùy Trâm',0,-1,NULL,NULL,NULL),(450,NULL,'Trường Cao đẳng Y tế Khánh Hòa',0,-1,NULL,NULL,NULL),(451,NULL,'Trường Cao đẳng Y tế Phú Yên',0,-1,NULL,NULL,NULL),(452,NULL,'Trường Cao đẳng Y tế Quảng Nam',0,-1,NULL,NULL,NULL),(453,NULL,'Trường Cao đẳng Công nghệ và Kinh tế Bảo Lộc',0,-1,NULL,NULL,NULL),(454,NULL,'Trường Cao đẳng Kinh tế - Kỹ thuật Kon Tum',0,-1,NULL,NULL,NULL),(455,NULL,'Trường Cao đẳng Kinh tế - Kỹ thuật Lâm Đồng',0,-1,NULL,NULL,NULL),(456,NULL,'Trường Cao đẳng Sư phạm Đà Lạt',0,-1,NULL,NULL,NULL),(457,NULL,'Trường Cao đẳng Sư phạm Đắk Lắk',0,-1,NULL,NULL,NULL),(458,NULL,'Trường Cao đẳng Sư phạm Gia Lai',0,-1,NULL,NULL,NULL),(459,NULL,'Trường Cao đẳng Sư phạm Kon Tum',0,-1,NULL,NULL,NULL),(460,NULL,'Trường Cao đẳng Văn hóa Nghệ thuật Đắk Lắk',0,-1,NULL,NULL,NULL),(461,NULL,'Trường Cao đẳng Y tế Đắk Lắk',0,-1,NULL,NULL,NULL),(462,NULL,'Trường Cao đẳng Y tế Lâm Đồng',0,-1,NULL,NULL,NULL),(463,NULL,'Trường Cao đẳng Cộng đồng Bà Rịa - Vũng Tàu',0,-1,NULL,NULL,NULL),(464,NULL,'Trường Cao đẳng Công nghệ Thủ Đức',0,-1,NULL,NULL,NULL),(465,NULL,'Trường Cao đẳng Công nghệ và Quản trị Sonadezi',0,-1,NULL,NULL,NULL),(466,NULL,'Trường Cao đẳng Công nghiệp Cao Su',0,-1,NULL,NULL,NULL),(467,NULL,'Trường Cao đẳng Công Thương TP.HCM',0,-1,NULL,NULL,NULL),(468,NULL,'Trường Cao đẳng Điện lực TP.HCM',0,-1,NULL,NULL,NULL),(469,NULL,'Trường Cao đẳng Giao thông vận tải III',0,-1,NULL,NULL,NULL),(470,NULL,'Trường Cao đẳng Giao thông vận tải TP.HCM',0,-1,NULL,NULL,NULL),(471,NULL,'Trường Cao đẳng Kinh tế - Kỹ thuật Thành phố Hồ Chí Minh',0,-1,NULL,NULL,NULL),(472,NULL,'Trường Cao đẳng Kinh tế - Kỹ thuật Vinatex',0,-1,NULL,NULL,NULL),(473,NULL,'Cao đẳng Kinh tế Đối ngoại',0,-1,NULL,NULL,NULL),(474,NULL,'Trường Cao đẳng Kinh tế - Công nghệ TP.HCM',0,-1,NULL,NULL,NULL),(475,NULL,'Trường Cao đẳng Kinh tế TP.HCM',0,-1,NULL,NULL,NULL),(476,NULL,'Trường Cao đẳng Kỹ thuật Cao Thắng',0,-1,NULL,NULL,NULL),(477,NULL,'Trường Cao đẳng Kỹ thuật Lý Tự Trọng',0,-1,NULL,NULL,NULL),(478,NULL,'Trường Cao đẳng Mỹ thuật trang trí Đồng Nai',0,-1,NULL,NULL,NULL),(479,NULL,'Trường Cao đẳng Phát thanh Truyền hình II',0,-1,NULL,NULL,NULL),(480,NULL,'Trường Cao đẳng Sư phạm Bà Rịa - Vũng Tàu',0,-1,NULL,NULL,NULL),(481,NULL,'Trường Cao đẳng Sư phạm Bình Phước',0,-1,NULL,NULL,NULL),(482,NULL,'Trường Cao đẳng Sư phạm Tây Ninh',0,-1,NULL,NULL,NULL),(483,NULL,'Trường Cao đẳng Sư phạm Trung ương TP.HCM',0,-1,NULL,NULL,NULL),(484,NULL,'Trường Cao đẳng Thống kê II',0,-1,NULL,NULL,NULL),(485,NULL,'Trường cao đẳng Văn hóa Nghệ thuật TP.HCM',0,-1,NULL,NULL,NULL),(486,NULL,'Trường Cao đẳng Xây dựng số 2',0,-1,NULL,NULL,NULL),(487,NULL,'Trường Cao đẳng Y tế Bình Dương',0,-1,NULL,NULL,NULL),(488,NULL,'Trường Cao đẳng Y tế Bình Phước',0,-1,NULL,NULL,NULL),(489,NULL,'Trường Cao đẳng Y tế Đồng Nai',0,-1,NULL,NULL,NULL),(490,NULL,'Trường Cao đẳng Bến Tre',0,-1,NULL,NULL,NULL),(491,NULL,'Trường Cao đẳng Cần Thơ',0,-1,NULL,NULL,NULL),(492,NULL,'Trường Cao đẳng Cơ điện và Nông nghiệp Nam Bộ',0,-1,NULL,NULL,NULL),(493,NULL,'Trường Cao đẳng Cộng đồng Cà Mau',0,-1,NULL,NULL,NULL),(494,NULL,'Trường Cao đẳng Cộng đồng Đồng Tháp',0,-1,NULL,NULL,NULL),(495,NULL,'Trường Cao đẳng Cộng đồng Hậu Giang',0,-1,NULL,NULL,NULL),(496,NULL,'Trường Cao đẳng Cộng đồng Kiên Giang',0,-1,NULL,NULL,NULL),(497,NULL,'Trường Cao đẳng Cộng đồng Sóc Trăng',0,-1,NULL,NULL,NULL),(498,NULL,'Trường Cao đẳng Cộng đồng Vĩnh Long',0,-1,NULL,NULL,NULL),(499,NULL,'Trường Cao đẳng Kinh tế - Kỹ thuật Bạc Liêu',0,-1,NULL,NULL,NULL),(500,NULL,'Trường Cao đẳng Kinh tế - Kỹ thuật Cần Thơ',0,-1,NULL,NULL,NULL),(501,NULL,'Trường Cao đẳng Kinh tế - Tài chính Vĩnh Long',0,-1,NULL,NULL,NULL),(502,NULL,'Trường Cao đẳng Kinh tế - Kỹ thuật Kiên Giang',0,-1,NULL,NULL,NULL),(503,NULL,'Trường Cao đẳng Nông nghiệp Nam Bộ',0,-1,NULL,NULL,NULL),(504,NULL,'Trường Cao đẳng Sư phạm Cà Mau',0,-1,NULL,NULL,NULL),(505,NULL,'Trường Cao đẳng Sư phạm Kiên Giang',0,-1,NULL,NULL,NULL),(506,NULL,'Trường Cao đẳng Sư phạm Long An',0,-1,NULL,NULL,NULL),(507,NULL,'Trường Cao đẳng Sư phạm Sóc Trăng',0,-1,NULL,NULL,NULL),(508,NULL,'Trường Cao đẳng Sư phạm Vĩnh Long',0,-1,NULL,NULL,NULL),(509,NULL,'Trường Cao đẳng Văn hóa Nghệ thuật Cần Thơ',0,-1,NULL,NULL,NULL),(510,NULL,'Trường Cao đẳng Y tế Bạc Liêu',0,-1,NULL,NULL,NULL),(511,NULL,'Trường Cao đẳng Y tế Cà Mau',0,-1,NULL,NULL,NULL),(512,NULL,'Trường Cao đẳng Y tế Cần Thơ',0,-1,NULL,NULL,NULL),(513,NULL,'Trường Cao đẳng Y tế Đồng Tháp',0,-1,NULL,NULL,NULL),(514,NULL,'Trường Cao đẳng Y tế Kiên Giang',0,-1,NULL,NULL,NULL),(515,NULL,'Trường Cao đẳng Y tế Tiền Giang',0,-1,NULL,NULL,NULL),(516,NULL,'Trường Cao đẳng Y tế Trà Vinh',0,-1,NULL,NULL,NULL),(517,NULL,'Trường Cao đẳng ASEAN',0,-1,NULL,NULL,NULL),(518,NULL,'Trường Cao đẳng Bách Việt',0,-1,NULL,NULL,NULL),(519,NULL,'Trường Cao đẳng Bách khoa Đà Nẵng',0,-1,NULL,NULL,NULL),(520,NULL,'Trường Cao đẳng Bách khoa Hưng Yên',0,-1,NULL,NULL,NULL),(521,NULL,'Trường Cao đẳng Bán công Công nghệ và Quản trị doanh nghiệp',0,-1,NULL,NULL,NULL),(522,NULL,'Trường Cao đẳng Dược Phú Thọ',0,-1,NULL,NULL,NULL),(523,NULL,'Trường Cao đẳng Đại Việt Đà Nẵng',0,-1,NULL,NULL,NULL),(524,NULL,'Trường Cao đẳng Đại Việt - Hà Nội',0,-1,NULL,NULL,NULL),(525,NULL,'Trường Cao đẳng Đại Việt Sài Gòn',0,-1,NULL,NULL,NULL),(526,NULL,'Trường Cao đẳng Công Kỹ Nghệ Đông Á - Quảng Nam',0,-1,NULL,NULL,NULL),(527,NULL,'Trường Cao đẳng Công nghệ Bắc Hà',0,-1,NULL,NULL,NULL),(528,NULL,'Trường Cao đẳng Công nghệ Hà Nội',0,-1,NULL,NULL,NULL),(529,NULL,'Trường Cao đẳng Công nghệ thông tin Tp.HCM',0,-1,NULL,NULL,NULL),(530,NULL,'Trường Cao đẳng Công nghệ và Thương mại Hà Nội',0,-1,NULL,NULL,NULL),(531,NULL,'Trường Cao đẳng Hoan Châuu',0,-1,NULL,NULL,NULL),(532,NULL,'Trường Cao đẳng Kinh tế Công nghệ Thành phố Hồ Chí Minh',0,-1,NULL,NULL,NULL),(533,NULL,'Trường Cao đẳng Kinh tế Kỹ thuật Đông Du - Đà Nẵng',0,-1,NULL,NULL,NULL),(534,NULL,'Trường Cao đẳng Kinh tế Kỹ thuật Hà Nội',0,-1,NULL,NULL,NULL),(535,NULL,'Trường Cao đẳng Miền Nam',0,-1,NULL,NULL,NULL),(536,NULL,'Trường Cao đẳng Kỹ thuật Công nghệ Bách Khoa',0,-1,NULL,NULL,NULL),(537,NULL,'Trường Cao đẳng Kỹ thuật Công nghệ Vạn Xuân',0,-1,NULL,NULL,NULL),(538,NULL,'Trường Cao đẳng Kỹ thuật - Công nghiệp Quảng Ngãi',0,-1,NULL,NULL,NULL),(539,NULL,'Trường Cao đẳng Lạc Việt - Đà Nẵng',0,-1,NULL,NULL,NULL),(540,NULL,'Trường Cao đẳng Ngoại ngữ - Công nghệ Việt Nhật',0,-1,NULL,NULL,NULL),(541,NULL,'Trường Cao đẳng Phương Đông - Đà Nẵng',0,-1,NULL,NULL,NULL),(542,NULL,'Trường Cao đẳng Phương Đông - Quảng Nam',0,-1,NULL,NULL,NULL),(543,NULL,'Trường Cao đẳng Quốc tế Pegasus',0,-1,NULL,NULL,NULL),(544,NULL,'Trường Cao đẳng Tư thục Đức Trí - Đà Nẵng',0,-1,NULL,NULL,NULL),(545,NULL,'Trường Cao đẳng Văn hoá Nghệ thuật và Du lịch Sài Gòn',0,-1,NULL,NULL,NULL),(546,NULL,'Trường Cao đẳng Viễn Đông',0,-1,NULL,NULL,NULL),(547,NULL,'Trường Cao đẳng Y Dược Pasteur Hà Nội',0,-1,NULL,NULL,NULL),(548,NULL,'Trường Cao đẳng Y Dược Pasteur Thành phố Hồ Chí Minh',0,-1,NULL,NULL,NULL),(549,NULL,'Trường Cao đẳng Y Dược Pasteur Yên Bái',0,-1,NULL,NULL,NULL),(550,NULL,'Trường Cao đẳng nghề An ninh - Công nghệ',0,-1,NULL,NULL,NULL),(551,NULL,'Trường Cao đẳng nghề Quốc tế Hà Nội',0,-1,NULL,NULL,NULL),(552,NULL,'Trường Cao đẳng nghề Cơ Điện và Công nghệ thực phẩm Hà Nội',0,-1,NULL,NULL,NULL),(553,NULL,'Trường Cao đẳng nghề Kỹ thuật - Công nghệ - Kinh tế Simco Sông Đà',0,-1,NULL,NULL,NULL),(554,NULL,'Trường Cao đẳng nghề Kỹ thuật Công nghệ',0,-1,NULL,NULL,NULL),(555,NULL,'Trường Cao đẳng nghề Kỹ thuật Thiết bị Y tế',0,-1,NULL,NULL,NULL),(556,NULL,'Trường Cao đẳng nghề Kỹ thuật Mỹ nghệ Việt Nam',0,-1,NULL,NULL,NULL),(557,NULL,'Trường Cao đẳng nghề Kỹ thuật và Nghiệp vụ Hà Nội',0,-1,NULL,NULL,NULL),(558,NULL,'Trường Cao đẳng nghề Kinh doanh và Công nghệ Hà Nội',0,-1,NULL,NULL,NULL),(559,NULL,'Trường Cao đẳng nghề Công nghệ và Kinh tế Hà Nội',0,-1,NULL,NULL,NULL),(560,NULL,'Trường Cao đẳng nghề Công nghiệp Hà Nội',0,-1,NULL,NULL,NULL),(561,NULL,'Trường Cao đẳng nghề Công nghệ cao Hà Nội',0,-1,NULL,NULL,NULL),(562,NULL,'Trường Cao đẳng nghề Điện',0,-1,NULL,NULL,NULL),(563,NULL,'Trường Cao đẳng nghề Cơ điện Hà Nội',0,-1,NULL,NULL,NULL),(564,NULL,'Trường Cao đẳng nghề Đường sắt',0,-1,NULL,NULL,NULL),(565,NULL,'Trường Cao đẳng nghề Giao thông vận tải Trung ương I',0,-1,NULL,NULL,NULL),(566,NULL,'Trường Cao đẳng nghề Bách Khoa',0,-1,NULL,NULL,NULL),(567,NULL,'Trường Cao đẳng nghề Bách khoa Hà Nội (Hactech)',0,-1,NULL,NULL,NULL),(568,NULL,'Trường Cao đẳng nghề Phú Châu',0,-1,NULL,NULL,NULL),(569,NULL,'Trường Cao đẳng nghề Long Biên',0,-1,NULL,NULL,NULL),(570,NULL,'Trường Cao đẳng nghề Thăng Long',0,-1,NULL,NULL,NULL),(571,NULL,'Trường Cao đẳng nghề Trần Hưng Đạo',0,-1,NULL,NULL,NULL),(572,NULL,'Trường Cao đẳng nghề Hùng Vương',0,-1,NULL,NULL,NULL),(573,NULL,'Trường Cao đẳng nghề Văn Lang Hà Nội',0,-1,NULL,NULL,NULL),(574,NULL,'Trường Cao đẳng nghề Việt Nam - Hàn Quốc thành phố Hà Nội',0,-1,NULL,NULL,NULL),(575,NULL,'Trường Cao đẳng nghề số 17 - Bộ Quốc phòng',0,-1,NULL,NULL,NULL),(576,NULL,'Trường Cao đẳng Thực hành FPT',0,-1,NULL,NULL,NULL),(577,NULL,'Trường Cao đẳng nghề Thành phố Hồ Chí Minh',0,-1,NULL,NULL,NULL),(578,NULL,'Trường Cao đẳng nghề Kỹ thuật - Công nghệ Thành phố Hồ Chí Minh',0,-1,NULL,NULL,NULL),(579,NULL,'Trường Cao đẳng nghề Kinh tế kỹ thuật Thành phố Hồ Chí Minh',0,-1,NULL,NULL,NULL),(580,NULL,'Trường Cao đẳng nghề Kinh tế công nghệ Thành phố Hồ Chí Minh',0,-1,NULL,NULL,NULL),(581,NULL,'Trường Cao đẳng nghề Hàng hải Thành phố Hồ Chí Minh',0,-1,NULL,NULL,NULL),(582,NULL,'Trường Cao đẳng nghề Giao thông vận tải Trung ương III',0,-1,NULL,NULL,NULL),(583,NULL,'Trường Cao đẳng nghề Giao thông vận tải Đường thủy II',0,-1,NULL,NULL,NULL),(584,NULL,'Trường Cao đẳng nghề Sài Gòn',0,-1,NULL,NULL,NULL),(585,NULL,'Trường Cao đẳng nghề Du lịch Sài Gòn',0,-1,NULL,NULL,NULL),(586,NULL,'Trường Cao đẳng nghề Việt Mỹ',0,-1,NULL,NULL,NULL),(587,NULL,'Trường Cao đẳng nghề Công nghệ thông tin iSPACE',0,-1,NULL,NULL,NULL),(588,NULL,'Trường Cao đẳng nghề Nguyễn Trường Tộ',0,-1,NULL,NULL,NULL),(589,NULL,'Trường Cao đẳng nghề Thủ Đức',0,-1,NULL,NULL,NULL),(590,NULL,'Trường Cao đẳng nghề Quận 2 - TP. Hồ Chí Minh',0,-1,NULL,NULL,NULL),(591,NULL,'Trường Cao đẳng nghề số 7 - Bộ Quốc phòng',0,-1,NULL,NULL,NULL),(592,NULL,'Trường Cao đẳng nghề Bắc Kạn',0,-1,NULL,NULL,NULL),(593,NULL,'Trường Cao đẳng nghề Điện Biên',0,-1,NULL,NULL,NULL),(594,NULL,'Trường Cao đẳng nghề Hà Giang',0,-1,NULL,NULL,NULL),(595,NULL,'Trường Cao đẳng nghề Kỹ thuật - Công nghệ Tuyên Quang',0,-1,NULL,NULL,NULL),(596,NULL,'Trường Cao đẳng nghề Sơn La',0,-1,NULL,NULL,NULL),(597,NULL,'Trường Cao đẳng nghề Lào Cai',0,-1,NULL,NULL,NULL),(598,NULL,'Trường Cao đẳng nghề Yên Bái',0,-1,NULL,NULL,NULL),(599,NULL,'Trường Cao đẳng nghề Âu Lạc',0,-1,NULL,NULL,NULL),(600,NULL,'Trường Cao đẳng nghề Lạng Sơn',0,-1,NULL,NULL,NULL),(601,NULL,'Trường Cao đẳng nghề Công nghệ và Nông lâm Đông Bắc',0,-1,NULL,NULL,NULL),(602,NULL,'Trường Cao đẳng nghề Công nghiệp Việt Bắc - Vinacomin',0,-1,NULL,NULL,NULL),(603,NULL,'Trường Cao đẳng nghề Cơ điện – Luyện kim Thái Nguyên',0,-1,NULL,NULL,NULL),(604,NULL,'Trường Cao đẳng nghề Công thương Việt Nam',0,-1,NULL,NULL,NULL),(605,NULL,'Trường Cao đẳng nghề Cơ điện Tây Bắc',0,-1,NULL,NULL,NULL),(606,NULL,'Trường Cao đẳng nghề Sông Đà',0,-1,NULL,NULL,NULL),(607,NULL,'Trường Cao đẳng nghề Hòa Bình',0,-1,NULL,NULL,NULL),(608,NULL,'Trường Cao đẳng nghề Cơ điện Phú Thọ',0,-1,NULL,NULL,NULL),(609,NULL,'Trường Cao đẳng nghề Phú Thọ',0,-1,NULL,NULL,NULL),(610,NULL,'Trường Cao đẳng nghề Công nghệ và Nông lâm Phú Thọ',0,-1,NULL,NULL,NULL),(611,NULL,'Trường Cao đẳng nghề Công nghệ Giấy và Cơ điện',0,-1,NULL,NULL,NULL),(612,NULL,'Trường Cao đẳng nghề Vĩnh Phúc',0,-1,NULL,NULL,NULL),(613,NULL,'Trường Cao đẳng nghề Cơ khí Nông nghiệp',0,-1,NULL,NULL,NULL),(614,NULL,'Trường Cao đẳng nghề Việt Xô số 1',0,-1,NULL,NULL,NULL),(615,NULL,'Trường Cao đẳng nghề Bắc Giang',0,-1,NULL,NULL,NULL),(616,NULL,'Trường Cao đẳng nghề Công nghệ Việt - Hàn Bắc Giang',0,-1,NULL,NULL,NULL),(617,NULL,'Trường Cao đẳng nghề Cơ điện và Xây dựng Bắc Ninh',0,-1,NULL,NULL,NULL),(618,NULL,'Trường Cao đẳng nghề Kinh tế - Kỹ thuật Bắc Ninh',0,-1,NULL,NULL,NULL),(619,NULL,'Trường Cao đẳng nghề Kỹ thuật y tế Thăng Long',0,-1,NULL,NULL,NULL),(620,NULL,'Trường Cao đẳng nghề Quản lý và Công nghệ',0,-1,NULL,NULL,NULL),(621,NULL,'Trường Cao đẳng nghề Viglacera',0,-1,NULL,NULL,NULL),(622,NULL,'Trường Cao đẳng nghề Hải Dương',0,-1,NULL,NULL,NULL),(623,NULL,'Trường Cao đẳng nghề LICOGI',0,-1,NULL,NULL,NULL),(624,NULL,'Trường Cao đẳng nghề Đại An',0,-1,NULL,NULL,NULL),(625,NULL,'Trường Cao đẳng nghề Thương mại và Công nghiệp',0,-1,NULL,NULL,NULL),(626,NULL,'Trường Cao đẳng nghề Giao thông Vận tải Đường thủy I',0,-1,NULL,NULL,NULL),(627,NULL,'Trường Cao đẳng nghề Kinh tế - Kỹ thuật Tô Hiệu',0,-1,NULL,NULL,NULL),(628,NULL,'Trường Cao đẳng nghề Cơ điện và Thủy lợi',0,-1,NULL,NULL,NULL),(629,NULL,'Trường Cao đẳng nghề Dịch vụ Hàng không AIRSERCO',0,-1,NULL,NULL,NULL),(630,NULL,'Trường Cao đẳng nghề Kỹ thuật - Công nghệ LOD',0,-1,NULL,NULL,NULL),(631,NULL,'Trường Cao đẳng nghề Duyên Hải',0,-1,NULL,NULL,NULL),(632,NULL,'Trường Cao đẳng nghề Giao thông vận tải trung ương II',0,-1,NULL,NULL,NULL),(633,NULL,'Trường Cao đẳng nghề Bắc Nam',0,-1,NULL,NULL,NULL),(634,NULL,'Trường Cao đẳng nghề VMU',0,-1,NULL,NULL,NULL),(635,NULL,'Trường Cao đẳng nghề Công nghệ, Kinh tế và Thủy sản',0,-1,NULL,NULL,NULL),(636,NULL,'Trường Cao đẳng nghề Kinh tế - Kỹ thuật Bắc Bộ',0,-1,NULL,NULL,NULL),(637,NULL,'Trường Cao đẳng nghề Công nghiệp Hải Phòng',0,-1,NULL,NULL,NULL),(638,NULL,'Trường Cao đẳng nghề Bách nghệ Hải Phòng',0,-1,NULL,NULL,NULL),(639,NULL,'Trường Cao đẳng nghề Du lịch và dịch vụ Hải Phòng',0,-1,NULL,NULL,NULL),(640,NULL,'Trường Cao đẳng nghề Lao động - Xã hội Hải Phòng',0,-1,NULL,NULL,NULL),(641,NULL,'Trường Cao đẳng nghề Giao thông Cơ điện Quảng Ninh',0,-1,NULL,NULL,NULL),(642,NULL,'Trường Cao đẳng nghề Việt - Hàn Quảng Ninh',0,-1,NULL,NULL,NULL),(643,NULL,'Trường Cao đẳng nghề Than – Khoáng sản Việt Nam',0,-1,NULL,NULL,NULL),(644,NULL,'Trường Trường Cao đẳng nghề mỏ Hữu Nghị - Vinacomin',0,-1,NULL,NULL,NULL),(645,NULL,'Trường Cao đẳng nghề Thái Bình',0,-1,NULL,NULL,NULL),(646,NULL,'Trường Cao đẳng nghề Công nghệ, Kinh tế và Chế biến lâm sản',0,-1,NULL,NULL,NULL),(647,NULL,'Trường Cao đẳng nghề Hà Nam',0,-1,NULL,NULL,NULL),(648,NULL,'Trường Cao đẳng nghề Nam Định',0,-1,NULL,NULL,NULL),(649,NULL,'Trường Cao đẳng nghề Kinh tế Kỹ thuật Vinatex',0,-1,NULL,NULL,NULL),(650,NULL,'Trường Cao đẳng nghề Cơ giới Ninh Bình',0,-1,NULL,NULL,NULL),(651,NULL,'Trường Cao đẳng nghề Cơ điện xây dựng Tam Điệp',0,-1,NULL,NULL,NULL),(652,NULL,'Trường Cao đẳng nghề LILAMA - 1',0,-1,NULL,NULL,NULL),(653,NULL,'Trường Cao đẳng nghề Công nghệ LICOGI Thanh Hóa',0,-1,NULL,NULL,NULL),(654,NULL,'Trường Cao đẳng nghề Nông nghiệp và Phát triển nông thôn Thanh Hóa',0,-1,NULL,NULL,NULL),(655,NULL,'Trường Cao đẳng nghề Công nghiệp Thanh Hóa',0,-1,NULL,NULL,NULL),(656,NULL,'Trường Cao đẳng nghề Lam Kinh',0,-1,NULL,NULL,NULL),(657,NULL,'Trường Cao đẳng nghề An Nhất Vinh',0,-1,NULL,NULL,NULL),(658,NULL,'Trường Cao đẳng nghề Kinh tế - Công nghệ VICET',0,-1,NULL,NULL,NULL),(659,NULL,'Trường Cao đẳng nghề Kinh tế - Kỹ thuật số 1 Nghệ An',0,-1,NULL,NULL,NULL),(660,NULL,'Trường Cao đẳng nghề Kỹ thuật Công nghiệp Việt Nam - Hàn Quốc Nghệ An',0,-1,NULL,NULL,NULL),(661,NULL,'Trường Cao đẳng nghề Du lịch – Thương mại Nghệ An',0,-1,NULL,NULL,NULL),(662,NULL,'Trường Cao đẳng nghề Kỹ thuật Việt Đức Nghệ An',0,-1,NULL,NULL,NULL),(663,NULL,'Trường Cao đẳng nghề số 1 - Bộ Quốc phòng',0,-1,NULL,NULL,NULL),(664,NULL,'Trường Cao đẳng nghề số 2 - Bộ Quốc phòng',0,-1,NULL,NULL,NULL),(665,NULL,'Trường Cao đẳng nghề số 3 - Bộ Quốc phòng',0,-1,NULL,NULL,NULL),(666,NULL,'Trường Cao đẳng nghề số 4 - Bộ Quốc phòng',0,-1,NULL,NULL,NULL),(667,NULL,'Trường Cao đẳng nghề số 13 - Bộ Quốc phòng',0,-1,NULL,NULL,NULL),(668,NULL,'Trường Cao đẳng nghề số 19 - Bộ Quốc phòng',0,-1,NULL,NULL,NULL),(669,NULL,'Trường Cao đẳng nghề số 20 - Bộ Quốc phòng',0,-1,NULL,NULL,NULL),(670,NULL,'Trường Cao đẳng nghề Việt - Đức Hà Tĩnh',0,-1,NULL,NULL,NULL),(671,NULL,'Trường Cao đẳng nghề Công nghệ Hà Tĩnh',0,-1,NULL,NULL,NULL),(672,NULL,'Trường Cao đẳng nghề Quảng Bình',0,-1,NULL,NULL,NULL),(673,NULL,'Trường Cao đẳng nghề Thừa Thiên Huế',0,-1,NULL,NULL,NULL),(674,NULL,'Trường Cao đẳng nghề Du lịch Huế',0,-1,NULL,NULL,NULL),(675,NULL,'Trường Cao đẳng nghề Nguyễn Tri Phương',0,-1,NULL,NULL,NULL),(676,NULL,'Trường Cao đẳng nghề số 23 - Bộ Quốc phòng',0,-1,NULL,NULL,NULL),(677,NULL,'Trường Cao đẳng nghề số 21 - Bộ Quốc phòng',0,-1,NULL,NULL,NULL),(678,NULL,'Trường Cao đẳng nghề số 22 - Bộ Quốc phòng',0,-1,NULL,NULL,NULL),(679,NULL,'Trường Cao đẳng nghề số 5 - Bộ Quốc phòng',0,-1,NULL,NULL,NULL),(680,NULL,'Trường Cao đẳng nghề số 8 - Bộ Quốc phòng',0,-1,NULL,NULL,NULL),(681,NULL,'Trường Cao đẳng nghề số 9 - Bộ Quốc phòng',0,-1,NULL,NULL,NULL),(682,NULL,'Trường Cao đẳng nghề Hoa Sen',0,-1,NULL,NULL,NULL),(683,NULL,'Trường Cao đẳng nghề Việt - Úc Đà Nẵng',0,-1,NULL,NULL,NULL),(684,NULL,'Trường Cao đẳng nghề Đà Nẵng',0,-1,NULL,NULL,NULL),(685,NULL,'Trường Cao đẳng nghề Du lịch Đà Nẵng',0,-1,NULL,NULL,NULL),(686,NULL,'Trường Cao đẳng nghề Hoàng Diệu',0,-1,NULL,NULL,NULL),(687,NULL,'Trường Cao đẳng nghề Nguyễn Văn Trỗi',0,-1,NULL,NULL,NULL),(688,NULL,'Trường Cao đẳng nghề Quảng Nam',0,-1,NULL,NULL,NULL),(689,NULL,'Trường Cao đẳng nghề Chu Lai - Trường Hải',0,-1,NULL,NULL,NULL),(690,NULL,'Trường Cao đẳng nghề Việt Nam - Hàn Quốc Quảng Ngãi',0,-1,NULL,NULL,NULL),(691,NULL,'Trường Cao đẳng nghề Cơ giới Quảng Ngãi',0,-1,NULL,NULL,NULL),(692,NULL,'Trường Cao đẳng Kỹ nghệ Dung Quất',0,-1,NULL,NULL,NULL),(693,NULL,'Trường Cao đẳng nghề Cơ điện - Xây dựng và Nông lâm Trung Bộ',0,-1,NULL,NULL,NULL),(694,NULL,'Trường Cao đẳng nghề Quy Nhơn',0,-1,NULL,NULL,NULL),(695,NULL,'Trường Cao đẳng nghề Phú Yên',0,-1,NULL,NULL,NULL),(696,NULL,'Trường Cao đẳng nghề Quốc tế Nam Việt',0,-1,NULL,NULL,NULL),(697,NULL,'Trường Cao đẳng nghề Nha Trang',0,-1,NULL,NULL,NULL),(698,NULL,'Trường Cao đẳng nghề Du lịch Nha Trang',0,-1,NULL,NULL,NULL),(699,NULL,'Trường Cao đẳng nghề Ninh Thuận',0,-1,NULL,NULL,NULL),(700,NULL,'Trường Cao đẳng nghề Bình Thuận',0,-1,NULL,NULL,NULL),(701,NULL,'Trường Cao đẳng nghề Thanh niên Dân tộc Tây Nguyên',0,-1,NULL,NULL,NULL),(702,NULL,'Trường Cao đẳng nghề Đắk Lắk',0,-1,NULL,NULL,NULL),(703,NULL,'Trường Cao đẳng nghề Đà Lạt',0,-1,NULL,NULL,NULL),(704,NULL,'Trường Cao đẳng nghề Du lịch Đà Lạt',0,-1,NULL,NULL,NULL),(705,NULL,'Trường Cao đẳng nghề Công nghệ cao Đồng An',0,-1,NULL,NULL,NULL),(706,NULL,'Trường Cao đẳng nghề Việt Nam - Singapore',0,-1,NULL,NULL,NULL),(707,NULL,'Trường Cao đẳng nghề Công nghệ và Nông lâm Nam Bộ',0,-1,NULL,NULL,NULL),(708,NULL,'Trường Cao đẳng nghề Kỹ thuật thiết bị Y tế Bình Dương',0,-1,NULL,NULL,NULL),(709,NULL,'Trường Cao đẳng nghề Công nghệ cao Đồng Nai',0,-1,NULL,NULL,NULL),(710,NULL,'Trường Cao đẳng nghề LILAMA - 2',0,-1,NULL,NULL,NULL),(711,NULL,'Trường Cao đẳng nghề Đồng Nai',0,-1,NULL,NULL,NULL),(712,NULL,'Trường Cao đẳng nghề Cơ giới và Thủy lợi',0,-1,NULL,NULL,NULL),(713,NULL,'Trường Cao đẳng nghề Khách sạn Du lịch Quốc tế IMPERIAL',0,-1,NULL,NULL,NULL),(714,NULL,'Trường Cao đẳng nghề Quốc tế Vabis Hồng Lam',0,-1,NULL,NULL,NULL),(715,NULL,'Trường Cao đẳng nghề Dầu khí',0,-1,NULL,NULL,NULL),(716,NULL,'Trường Cao đẳng nghề Du lịch Vũng Tàu',0,-1,NULL,NULL,NULL),(717,NULL,'Trường Cao đẳng nghề Bà Rịa - Vũng Tàu',0,-1,NULL,NULL,NULL),(718,NULL,'Trường Cao đẳng nghề Bình Phước',0,-1,NULL,NULL,NULL),(719,NULL,'Trường Cao đẳng nghề Tây Ninh',0,-1,NULL,NULL,NULL),(720,NULL,'Trường Cao đẳng nghề Tây Sài Gòn',0,-1,NULL,NULL,NULL),(721,NULL,'Trường Cao đẳng nghề Kỹ thuật Công nghệ LADEC',0,-1,NULL,NULL,NULL),(722,NULL,'Trường Cao đẳng nghề Long An',0,-1,NULL,NULL,NULL),(723,NULL,'Trường Cao đẳng nghề Đồng Khởi',0,-1,NULL,NULL,NULL),(724,NULL,'Trường Cao đẳng nghề Đồng Tháp',0,-1,NULL,NULL,NULL),(725,NULL,'Trường Cao đẳng nghề Vĩnh Long',0,-1,NULL,NULL,NULL),(726,NULL,'Trường Cao đẳng nghề Trà Vinh',0,-1,NULL,NULL,NULL),(727,NULL,'Trường Cao đẳng nghề Tiền Giang',0,-1,NULL,NULL,NULL),(728,NULL,'Trường Cao đẳng nghề An Giang',0,-1,NULL,NULL,NULL),(729,NULL,'Trường Cao đẳng nghề Công nghệ Sài Gòn',0,-1,NULL,NULL,NULL),(730,NULL,'Trường Cao đẳng nghề Cần Thơ',0,-1,NULL,NULL,NULL),(731,NULL,'Trường Cao đẳng nghề Du lịch Cần Thơ',0,-1,NULL,NULL,NULL),(732,NULL,'Trường Cao đẳng nghề Trần Đại Nghĩa',0,-1,NULL,NULL,NULL),(733,NULL,'Trường Cao đẳng nghề Sóc Trăng',0,-1,NULL,NULL,NULL),(734,NULL,'Trường Cao đẳng nghề Bạc Liêu',0,-1,NULL,NULL,NULL),(735,NULL,'Trường Cao đẳng nghề Kiên Giang',0,-1,NULL,NULL,NULL),(736,NULL,'Trường Cao đẳng nghề Việt Nam - Hàn Quốc Cà Mau',0,-1,NULL,NULL,NULL);
/*!40000 ALTER TABLE `university` ENABLE KEYS */;
UNLOCK TABLES;

--
-- Table structure for table `university_profile`
--

DROP TABLE IF EXISTS `university_profile`;
/*!40101 SET @saved_cs_client     = @@character_set_client */;
/*!40101 SET character_set_client = utf8 */;
CREATE TABLE `university_profile` (
  `university_id` int(11) NOT NULL,
  `overview` longtext,
  `site_url` varchar(200) DEFAULT NULL,
  `address` longtext,
  PRIMARY KEY (`university_id`),
  CONSTRAINT `university_profile_university_id_23c4653a_fk_university_id` FOREIGN KEY (`university_id`) REFERENCES `university` (`id`)
) ENGINE=InnoDB DEFAULT CHARSET=utf8;
/*!40101 SET character_set_client = @saved_cs_client */;

--
-- Dumping data for table `university_profile`
--

LOCK TABLES `university_profile` WRITE;
/*!40000 ALTER TABLE `university_profile` DISABLE KEYS */;
INSERT INTO `university_profile` VALUES (1,'',NULL,'144'),(2,NULL,NULL,NULL),(3,NULL,NULL,NULL),(4,NULL,NULL,NULL),(5,NULL,NULL,NULL),(6,NULL,NULL,NULL),(7,NULL,NULL,NULL),(8,NULL,NULL,NULL),(9,NULL,NULL,NULL),(10,NULL,NULL,NULL),(11,NULL,NULL,NULL),(12,NULL,NULL,NULL),(13,NULL,NULL,NULL),(14,NULL,NULL,NULL),(15,NULL,NULL,NULL),(16,NULL,NULL,NULL),(17,NULL,NULL,NULL),(18,NULL,NULL,NULL),(19,NULL,NULL,NULL),(20,NULL,NULL,NULL),(21,NULL,NULL,NULL),(22,NULL,NULL,NULL),(23,NULL,NULL,NULL),(24,NULL,NULL,NULL),(25,NULL,NULL,NULL),(26,NULL,NULL,NULL),(27,NULL,NULL,NULL),(28,NULL,NULL,NULL),(29,NULL,NULL,NULL),(30,NULL,NULL,NULL),(31,NULL,NULL,NULL),(32,NULL,NULL,NULL),(33,NULL,NULL,NULL),(34,NULL,NULL,NULL),(35,NULL,NULL,NULL),(36,NULL,NULL,NULL),(37,NULL,NULL,NULL),(38,NULL,NULL,NULL),(39,NULL,NULL,NULL),(40,NULL,NULL,NULL),(41,NULL,NULL,NULL),(42,NULL,NULL,NULL),(43,NULL,NULL,NULL),(44,NULL,NULL,NULL),(45,NULL,NULL,NULL),(46,NULL,NULL,NULL),(47,NULL,NULL,NULL),(48,NULL,NULL,NULL),(49,NULL,NULL,NULL),(50,NULL,NULL,NULL),(51,NULL,NULL,NULL),(52,NULL,NULL,NULL),(53,NULL,NULL,NULL),(54,NULL,NULL,NULL),(55,NULL,NULL,NULL),(56,NULL,NULL,NULL),(57,NULL,NULL,NULL),(58,NULL,NULL,NULL),(59,NULL,NULL,NULL),(60,NULL,NULL,NULL),(61,NULL,NULL,NULL),(62,NULL,NULL,NULL),(63,NULL,NULL,NULL),(64,NULL,NULL,NULL),(65,NULL,NULL,NULL),(66,NULL,NULL,NULL),(67,NULL,NULL,NULL),(68,NULL,NULL,NULL),(69,NULL,NULL,NULL),(70,NULL,NULL,NULL),(71,NULL,NULL,NULL),(72,NULL,NULL,NULL),(73,NULL,NULL,NULL),(74,NULL,NULL,NULL),(75,NULL,NULL,NULL),(76,NULL,NULL,NULL),(77,NULL,NULL,NULL),(78,NULL,NULL,NULL),(79,NULL,NULL,NULL),(80,NULL,NULL,NULL),(81,NULL,NULL,NULL),(82,NULL,NULL,NULL),(83,NULL,NULL,NULL),(84,NULL,NULL,NULL),(85,NULL,NULL,NULL),(86,NULL,NULL,NULL),(87,NULL,NULL,NULL),(88,NULL,NULL,NULL),(89,NULL,NULL,NULL),(90,NULL,NULL,NULL),(91,NULL,NULL,NULL),(92,NULL,NULL,NULL),(93,NULL,NULL,NULL),(94,NULL,NULL,NULL),(95,NULL,NULL,NULL),(96,NULL,NULL,NULL),(97,NULL,NULL,NULL),(98,NULL,NULL,NULL),(99,NULL,NULL,NULL),(100,NULL,NULL,NULL),(101,NULL,NULL,NULL),(102,NULL,NULL,NULL),(103,NULL,NULL,NULL),(104,NULL,NULL,NULL),(105,NULL,NULL,NULL),(106,NULL,NULL,NULL),(107,NULL,NULL,NULL),(108,NULL,NULL,NULL),(109,NULL,NULL,NULL),(110,NULL,NULL,NULL),(111,NULL,NULL,NULL),(112,NULL,NULL,NULL),(113,NULL,NULL,NULL),(114,NULL,NULL,NULL),(115,NULL,NULL,NULL),(116,NULL,NULL,NULL),(117,NULL,NULL,NULL),(118,NULL,NULL,NULL),(119,NULL,NULL,NULL),(120,NULL,NULL,NULL),(121,NULL,NULL,NULL),(122,NULL,NULL,NULL),(123,NULL,NULL,NULL),(124,NULL,NULL,NULL),(125,NULL,NULL,NULL),(126,NULL,NULL,NULL),(127,NULL,NULL,NULL),(128,NULL,NULL,NULL),(129,NULL,NULL,NULL),(130,NULL,NULL,NULL),(131,NULL,NULL,NULL),(132,NULL,NULL,NULL),(133,NULL,NULL,NULL),(134,NULL,NULL,NULL),(135,NULL,NULL,NULL),(136,NULL,NULL,NULL),(137,NULL,NULL,NULL),(138,NULL,NULL,NULL),(139,NULL,NULL,NULL),(140,NULL,NULL,NULL),(141,NULL,NULL,NULL),(142,NULL,NULL,NULL),(143,NULL,NULL,NULL),(144,NULL,NULL,NULL),(145,NULL,NULL,NULL),(146,NULL,NULL,NULL),(147,NULL,NULL,NULL),(148,NULL,NULL,NULL),(149,NULL,NULL,NULL),(150,NULL,NULL,NULL),(151,NULL,NULL,NULL),(152,NULL,NULL,NULL),(153,NULL,NULL,NULL),(154,NULL,NULL,NULL),(155,NULL,NULL,NULL),(156,NULL,NULL,NULL),(157,NULL,NULL,NULL),(158,NULL,NULL,NULL),(159,NULL,NULL,NULL),(160,NULL,NULL,NULL),(161,NULL,NULL,NULL),(162,NULL,NULL,NULL),(163,NULL,NULL,NULL),(164,NULL,NULL,NULL),(165,NULL,NULL,NULL),(166,NULL,NULL,NULL),(167,NULL,NULL,NULL),(168,NULL,NULL,NULL),(169,NULL,NULL,NULL),(170,NULL,NULL,NULL),(171,NULL,NULL,NULL),(172,NULL,NULL,NULL),(173,NULL,NULL,NULL),(174,NULL,NULL,NULL),(175,NULL,NULL,NULL),(176,NULL,NULL,NULL),(177,NULL,NULL,NULL),(178,NULL,NULL,NULL),(179,NULL,NULL,NULL),(180,NULL,NULL,NULL),(181,NULL,NULL,NULL),(182,NULL,NULL,NULL),(183,NULL,NULL,NULL),(184,NULL,NULL,NULL),(185,NULL,NULL,NULL),(186,NULL,NULL,NULL),(187,NULL,NULL,NULL),(188,NULL,NULL,NULL),(189,NULL,NULL,NULL),(190,NULL,NULL,NULL),(191,NULL,NULL,NULL),(192,NULL,NULL,NULL),(193,NULL,NULL,NULL),(194,NULL,NULL,NULL),(195,NULL,NULL,NULL),(196,NULL,NULL,NULL),(197,NULL,NULL,NULL),(198,NULL,NULL,NULL),(199,NULL,NULL,NULL),(200,NULL,NULL,NULL),(201,NULL,NULL,NULL),(202,NULL,NULL,NULL),(203,NULL,NULL,NULL),(204,NULL,NULL,NULL),(205,NULL,NULL,NULL),(206,NULL,NULL,NULL),(207,NULL,NULL,NULL),(208,NULL,NULL,NULL),(209,NULL,NULL,NULL),(210,NULL,NULL,NULL),(211,NULL,NULL,NULL),(212,NULL,NULL,NULL),(213,NULL,NULL,NULL),(214,NULL,NULL,NULL),(215,NULL,NULL,NULL),(216,NULL,NULL,NULL),(217,NULL,NULL,NULL),(218,NULL,NULL,NULL),(219,NULL,NULL,NULL),(220,NULL,NULL,NULL),(221,NULL,NULL,NULL),(222,NULL,NULL,NULL),(223,NULL,NULL,NULL),(224,NULL,NULL,NULL),(225,NULL,NULL,NULL),(226,NULL,NULL,NULL),(227,NULL,NULL,NULL),(228,NULL,NULL,NULL),(229,NULL,NULL,NULL),(230,NULL,NULL,NULL),(231,NULL,NULL,NULL),(232,NULL,NULL,NULL),(233,NULL,NULL,NULL),(234,NULL,NULL,NULL),(235,NULL,NULL,NULL),(236,NULL,NULL,NULL),(237,NULL,NULL,NULL),(238,NULL,NULL,NULL),(239,NULL,NULL,NULL),(240,NULL,NULL,NULL),(241,NULL,NULL,NULL),(242,NULL,NULL,NULL),(243,NULL,NULL,NULL),(244,NULL,NULL,NULL),(245,NULL,NULL,NULL),(246,NULL,NULL,NULL),(247,NULL,NULL,NULL),(248,NULL,NULL,NULL),(249,NULL,NULL,NULL),(250,NULL,NULL,NULL),(251,NULL,NULL,NULL),(252,NULL,NULL,NULL),(253,NULL,NULL,NULL),(254,NULL,NULL,NULL),(255,NULL,NULL,NULL),(256,NULL,NULL,NULL),(257,NULL,NULL,NULL),(258,NULL,NULL,NULL),(259,NULL,NULL,NULL),(260,NULL,NULL,NULL),(261,NULL,NULL,NULL),(262,NULL,NULL,NULL),(263,NULL,NULL,NULL),(264,NULL,NULL,NULL),(265,NULL,NULL,NULL),(266,NULL,NULL,NULL),(267,NULL,NULL,NULL),(268,NULL,NULL,NULL),(269,NULL,NULL,NULL),(270,NULL,NULL,NULL),(271,NULL,NULL,NULL),(272,NULL,NULL,NULL),(273,NULL,NULL,NULL),(274,NULL,NULL,NULL),(275,NULL,NULL,NULL),(276,NULL,NULL,NULL),(277,NULL,NULL,NULL),(278,NULL,NULL,NULL),(279,NULL,NULL,NULL),(280,NULL,NULL,NULL),(281,NULL,NULL,NULL),(282,NULL,NULL,NULL),(283,NULL,NULL,NULL),(284,NULL,NULL,NULL),(285,NULL,NULL,NULL),(286,NULL,NULL,NULL),(287,NULL,NULL,NULL),(288,NULL,NULL,NULL),(289,NULL,NULL,NULL),(290,NULL,NULL,NULL),(291,NULL,NULL,NULL),(292,NULL,NULL,NULL),(293,NULL,NULL,NULL),(294,NULL,NULL,NULL),(295,NULL,NULL,NULL),(296,NULL,NULL,NULL),(297,NULL,NULL,NULL),(298,NULL,NULL,NULL),(299,NULL,NULL,NULL),(300,NULL,NULL,NULL),(301,NULL,NULL,NULL),(302,NULL,NULL,NULL),(303,NULL,NULL,NULL),(304,NULL,NULL,NULL),(305,NULL,NULL,NULL),(306,NULL,NULL,NULL),(307,NULL,NULL,NULL),(308,NULL,NULL,NULL),(309,NULL,NULL,NULL),(310,NULL,NULL,NULL),(311,NULL,NULL,NULL),(312,NULL,NULL,NULL),(313,NULL,NULL,NULL),(314,NULL,NULL,NULL),(315,NULL,NULL,NULL),(316,NULL,NULL,NULL),(317,NULL,NULL,NULL),(318,NULL,NULL,NULL),(319,NULL,NULL,NULL),(320,NULL,NULL,NULL),(321,NULL,NULL,NULL),(322,NULL,NULL,NULL),(323,NULL,NULL,NULL),(324,NULL,NULL,NULL),(325,NULL,NULL,NULL),(326,NULL,NULL,NULL),(327,NULL,NULL,NULL),(328,NULL,NULL,NULL),(329,NULL,NULL,NULL),(330,NULL,NULL,NULL),(331,NULL,NULL,NULL),(332,NULL,NULL,NULL),(333,NULL,NULL,NULL),(334,NULL,NULL,NULL),(335,NULL,NULL,NULL),(336,NULL,NULL,NULL),(337,NULL,NULL,NULL),(338,NULL,NULL,NULL),(339,NULL,NULL,NULL),(340,NULL,NULL,NULL),(341,NULL,NULL,NULL),(342,NULL,NULL,NULL),(343,NULL,NULL,NULL),(344,NULL,NULL,NULL),(345,NULL,NULL,NULL),(346,NULL,NULL,NULL),(347,NULL,NULL,NULL),(348,NULL,NULL,NULL),(349,NULL,NULL,NULL),(350,NULL,NULL,NULL),(351,NULL,NULL,NULL),(352,NULL,NULL,NULL),(353,NULL,NULL,NULL),(354,NULL,NULL,NULL),(355,NULL,NULL,NULL),(356,NULL,NULL,NULL),(357,NULL,NULL,NULL),(358,NULL,NULL,NULL),(359,NULL,NULL,NULL),(360,NULL,NULL,NULL),(361,NULL,NULL,NULL),(362,NULL,NULL,NULL),(363,NULL,NULL,NULL),(364,NULL,NULL,NULL),(365,NULL,NULL,NULL),(366,NULL,NULL,NULL),(367,NULL,NULL,NULL),(368,NULL,NULL,NULL),(369,NULL,NULL,NULL),(370,NULL,NULL,NULL),(371,NULL,NULL,NULL),(372,NULL,NULL,NULL),(373,NULL,NULL,NULL),(374,NULL,NULL,NULL),(375,NULL,NULL,NULL),(376,NULL,NULL,NULL),(377,NULL,NULL,NULL),(378,NULL,NULL,NULL),(379,NULL,NULL,NULL),(380,NULL,NULL,NULL),(381,NULL,NULL,NULL),(382,NULL,NULL,NULL),(383,NULL,NULL,NULL),(384,NULL,NULL,NULL),(385,NULL,NULL,NULL),(386,NULL,NULL,NULL),(387,NULL,NULL,NULL),(388,NULL,NULL,NULL),(389,NULL,NULL,NULL),(390,NULL,NULL,NULL),(391,NULL,NULL,NULL),(392,NULL,NULL,NULL),(393,NULL,NULL,NULL),(394,NULL,NULL,NULL),(395,NULL,NULL,NULL),(396,NULL,NULL,NULL),(397,NULL,NULL,NULL),(398,NULL,NULL,NULL),(399,NULL,NULL,NULL),(400,NULL,NULL,NULL),(401,NULL,NULL,NULL),(402,NULL,NULL,NULL),(403,NULL,NULL,NULL),(404,NULL,NULL,NULL),(405,NULL,NULL,NULL),(406,NULL,NULL,NULL),(407,NULL,NULL,NULL),(408,NULL,NULL,NULL),(409,NULL,NULL,NULL),(410,NULL,NULL,NULL),(411,NULL,NULL,NULL),(412,NULL,NULL,NULL),(413,NULL,NULL,NULL),(414,NULL,NULL,NULL),(415,NULL,NULL,NULL),(416,NULL,NULL,NULL),(417,NULL,NULL,NULL),(418,NULL,NULL,NULL),(419,NULL,NULL,NULL),(420,NULL,NULL,NULL),(421,NULL,NULL,NULL),(422,NULL,NULL,NULL),(423,NULL,NULL,NULL),(424,NULL,NULL,NULL),(425,NULL,NULL,NULL),(426,NULL,NULL,NULL),(427,NULL,NULL,NULL),(428,NULL,NULL,NULL),(429,NULL,NULL,NULL),(430,NULL,NULL,NULL),(431,NULL,NULL,NULL),(432,NULL,NULL,NULL),(433,NULL,NULL,NULL),(434,NULL,NULL,NULL),(435,NULL,NULL,NULL),(436,NULL,NULL,NULL),(437,NULL,NULL,NULL),(438,NULL,NULL,NULL),(439,NULL,NULL,NULL),(440,NULL,NULL,NULL),(441,NULL,NULL,NULL),(442,NULL,NULL,NULL),(443,NULL,NULL,NULL),(444,NULL,NULL,NULL),(445,NULL,NULL,NULL),(446,NULL,NULL,NULL),(447,NULL,NULL,NULL),(448,NULL,NULL,NULL),(449,NULL,NULL,NULL),(450,NULL,NULL,NULL),(451,NULL,NULL,NULL),(452,NULL,NULL,NULL),(453,NULL,NULL,NULL),(454,NULL,NULL,NULL),(455,NULL,NULL,NULL),(456,NULL,NULL,NULL),(457,NULL,NULL,NULL),(458,NULL,NULL,NULL),(459,NULL,NULL,NULL),(460,NULL,NULL,NULL),(461,NULL,NULL,NULL),(462,NULL,NULL,NULL),(463,NULL,NULL,NULL),(464,NULL,NULL,NULL),(465,NULL,NULL,NULL),(466,NULL,NULL,NULL),(467,NULL,NULL,NULL),(468,NULL,NULL,NULL),(469,NULL,NULL,NULL),(470,NULL,NULL,NULL),(471,NULL,NULL,NULL),(472,NULL,NULL,NULL),(473,NULL,NULL,NULL),(474,NULL,NULL,NULL),(475,NULL,NULL,NULL),(476,NULL,NULL,NULL),(477,NULL,NULL,NULL),(478,NULL,NULL,NULL),(479,NULL,NULL,NULL),(480,NULL,NULL,NULL),(481,NULL,NULL,NULL),(482,NULL,NULL,NULL),(483,NULL,NULL,NULL),(484,NULL,NULL,NULL),(485,NULL,NULL,NULL),(486,NULL,NULL,NULL),(487,NULL,NULL,NULL),(488,NULL,NULL,NULL),(489,NULL,NULL,NULL),(490,NULL,NULL,NULL),(491,NULL,NULL,NULL),(492,NULL,NULL,NULL),(493,NULL,NULL,NULL),(494,NULL,NULL,NULL),(495,NULL,NULL,NULL),(496,NULL,NULL,NULL),(497,NULL,NULL,NULL),(498,NULL,NULL,NULL),(499,NULL,NULL,NULL),(500,NULL,NULL,NULL),(501,NULL,NULL,NULL),(502,NULL,NULL,NULL),(503,NULL,NULL,NULL),(504,NULL,NULL,NULL),(505,NULL,NULL,NULL),(506,NULL,NULL,NULL),(507,NULL,NULL,NULL),(508,NULL,NULL,NULL),(509,NULL,NULL,NULL),(510,NULL,NULL,NULL),(511,NULL,NULL,NULL),(512,NULL,NULL,NULL),(513,NULL,NULL,NULL),(514,NULL,NULL,NULL),(515,NULL,NULL,NULL),(516,NULL,NULL,NULL),(517,NULL,NULL,NULL),(518,NULL,NULL,NULL),(519,NULL,NULL,NULL),(520,NULL,NULL,NULL),(521,NULL,NULL,NULL),(522,NULL,NULL,NULL),(523,NULL,NULL,NULL),(524,NULL,NULL,NULL),(525,NULL,NULL,NULL),(526,NULL,NULL,NULL),(527,NULL,NULL,NULL),(528,NULL,NULL,NULL),(529,NULL,NULL,NULL),(530,NULL,NULL,NULL),(531,NULL,NULL,NULL),(532,NULL,NULL,NULL),(533,NULL,NULL,NULL),(534,NULL,NULL,NULL),(535,NULL,NULL,NULL),(536,NULL,NULL,NULL),(537,NULL,NULL,NULL),(538,NULL,NULL,NULL),(539,NULL,NULL,NULL),(540,NULL,NULL,NULL),(541,NULL,NULL,NULL),(542,NULL,NULL,NULL),(543,NULL,NULL,NULL),(544,NULL,NULL,NULL),(545,NULL,NULL,NULL),(546,NULL,NULL,NULL),(547,NULL,NULL,NULL),(548,NULL,NULL,NULL),(549,NULL,NULL,NULL),(550,NULL,NULL,NULL),(551,NULL,NULL,NULL),(552,NULL,NULL,NULL),(553,NULL,NULL,NULL),(554,NULL,NULL,NULL),(555,NULL,NULL,NULL),(556,NULL,NULL,NULL),(557,NULL,NULL,NULL),(558,NULL,NULL,NULL),(559,NULL,NULL,NULL),(560,NULL,NULL,NULL),(561,NULL,NULL,NULL),(562,NULL,NULL,NULL),(563,NULL,NULL,NULL),(564,NULL,NULL,NULL),(565,NULL,NULL,NULL),(566,NULL,NULL,NULL),(567,NULL,NULL,NULL),(568,NULL,NULL,NULL),(569,NULL,NULL,NULL),(570,NULL,NULL,NULL),(571,NULL,NULL,NULL),(572,NULL,NULL,NULL),(573,NULL,NULL,NULL),(574,NULL,NULL,NULL),(575,NULL,NULL,NULL),(576,NULL,NULL,NULL),(577,NULL,NULL,NULL),(578,NULL,NULL,NULL),(579,NULL,NULL,NULL),(580,NULL,NULL,NULL),(581,NULL,NULL,NULL),(582,NULL,NULL,NULL),(583,NULL,NULL,NULL),(584,NULL,NULL,NULL),(585,NULL,NULL,NULL),(586,NULL,NULL,NULL),(587,NULL,NULL,NULL),(588,NULL,NULL,NULL),(589,NULL,NULL,NULL),(590,NULL,NULL,NULL),(591,NULL,NULL,NULL),(592,NULL,NULL,NULL),(593,NULL,NULL,NULL),(594,NULL,NULL,NULL),(595,NULL,NULL,NULL),(596,NULL,NULL,NULL),(597,NULL,NULL,NULL),(598,NULL,NULL,NULL),(599,NULL,NULL,NULL),(600,NULL,NULL,NULL),(601,NULL,NULL,NULL),(602,NULL,NULL,NULL),(603,NULL,NULL,NULL),(604,NULL,NULL,NULL),(605,NULL,NULL,NULL),(606,NULL,NULL,NULL),(607,NULL,NULL,NULL),(608,NULL,NULL,NULL),(609,NULL,NULL,NULL),(610,NULL,NULL,NULL),(611,NULL,NULL,NULL),(612,NULL,NULL,NULL),(613,NULL,NULL,NULL),(614,NULL,NULL,NULL),(615,NULL,NULL,NULL),(616,NULL,NULL,NULL),(617,NULL,NULL,NULL),(618,NULL,NULL,NULL),(619,NULL,NULL,NULL),(620,NULL,NULL,NULL),(621,NULL,NULL,NULL),(622,NULL,NULL,NULL),(623,NULL,NULL,NULL),(624,NULL,NULL,NULL),(625,NULL,NULL,NULL),(626,NULL,NULL,NULL),(627,NULL,NULL,NULL),(628,NULL,NULL,NULL),(629,NULL,NULL,NULL),(630,NULL,NULL,NULL),(631,NULL,NULL,NULL),(632,NULL,NULL,NULL),(633,NULL,NULL,NULL),(634,NULL,NULL,NULL),(635,NULL,NULL,NULL),(636,NULL,NULL,NULL),(637,NULL,NULL,NULL),(638,NULL,NULL,NULL),(639,NULL,NULL,NULL),(640,NULL,NULL,NULL),(641,NULL,NULL,NULL),(642,NULL,NULL,NULL),(643,NULL,NULL,NULL),(644,NULL,NULL,NULL),(645,NULL,NULL,NULL),(646,NULL,NULL,NULL),(647,NULL,NULL,NULL),(648,NULL,NULL,NULL),(649,NULL,NULL,NULL),(650,NULL,NULL,NULL),(651,NULL,NULL,NULL),(652,NULL,NULL,NULL),(653,NULL,NULL,NULL),(654,NULL,NULL,NULL),(655,NULL,NULL,NULL),(656,NULL,NULL,NULL),(657,NULL,NULL,NULL),(658,NULL,NULL,NULL),(659,NULL,NULL,NULL),(660,NULL,NULL,NULL),(661,NULL,NULL,NULL),(662,NULL,NULL,NULL),(663,NULL,NULL,NULL),(664,NULL,NULL,NULL),(665,NULL,NULL,NULL),(666,NULL,NULL,NULL),(667,NULL,NULL,NULL),(668,NULL,NULL,NULL),(669,NULL,NULL,NULL),(670,NULL,NULL,NULL),(671,NULL,NULL,NULL),(672,NULL,NULL,NULL),(673,NULL,NULL,NULL),(674,NULL,NULL,NULL),(675,NULL,NULL,NULL),(676,NULL,NULL,NULL),(677,NULL,NULL,NULL),(678,NULL,NULL,NULL),(679,NULL,NULL,NULL),(680,NULL,NULL,NULL),(681,NULL,NULL,NULL),(682,NULL,NULL,NULL),(683,NULL,NULL,NULL),(684,NULL,NULL,NULL),(685,NULL,NULL,NULL),(686,NULL,NULL,NULL),(687,NULL,NULL,NULL),(688,NULL,NULL,NULL),(689,NULL,NULL,NULL),(690,NULL,NULL,NULL),(691,NULL,NULL,NULL),(692,NULL,NULL,NULL),(693,NULL,NULL,NULL),(694,NULL,NULL,NULL),(695,NULL,NULL,NULL),(696,NULL,NULL,NULL),(697,NULL,NULL,NULL),(698,NULL,NULL,NULL),(699,NULL,NULL,NULL),(700,NULL,NULL,NULL),(701,NULL,NULL,NULL),(702,NULL,NULL,NULL),(703,NULL,NULL,NULL),(704,NULL,NULL,NULL),(705,NULL,NULL,NULL),(706,NULL,NULL,NULL),(707,NULL,NULL,NULL),(708,NULL,NULL,NULL),(709,NULL,NULL,NULL),(710,NULL,NULL,NULL),(711,NULL,NULL,NULL),(712,NULL,NULL,NULL),(713,NULL,NULL,NULL),(714,NULL,NULL,NULL),(715,NULL,NULL,NULL),(716,NULL,NULL,NULL),(717,NULL,NULL,NULL),(718,NULL,NULL,NULL),(719,NULL,NULL,NULL),(720,NULL,NULL,NULL),(721,NULL,NULL,NULL),(722,NULL,NULL,NULL),(723,NULL,NULL,NULL),(724,NULL,NULL,NULL),(725,NULL,NULL,NULL),(726,NULL,NULL,NULL),(727,NULL,NULL,NULL),(728,NULL,NULL,NULL),(729,NULL,NULL,NULL),(730,NULL,NULL,NULL),(731,NULL,NULL,NULL),(732,NULL,NULL,NULL),(733,NULL,NULL,NULL),(734,NULL,NULL,NULL),(735,NULL,NULL,NULL),(736,NULL,NULL,NULL);
/*!40000 ALTER TABLE `university_profile` ENABLE KEYS */;
UNLOCK TABLES;

--
-- Table structure for table `university_score`
--

DROP TABLE IF EXISTS `university_score`;
/*!40101 SET @saved_cs_client     = @@character_set_client */;
/*!40101 SET character_set_client = utf8 */;
CREATE TABLE `university_score` (
  `id` int(11) NOT NULL AUTO_INCREMENT,
  `score` double NOT NULL,
  `criterion_id` int(11) NOT NULL,
  `university_id` int(11) NOT NULL,
  PRIMARY KEY (`id`),
  UNIQUE KEY `university_score_university_id_criterion_id_9cdc9d60_uniq` (`university_id`,`criterion_id`),
  KEY `university_score_criterion_id_c424b895_fk_criterion_id` (`criterion_id`),
  CONSTRAINT `university_score_criterion_id_c424b895_fk_criterion_id` FOREIGN KEY (`criterion_id`) REFERENCES `criterion` (`id`),
  CONSTRAINT `university_score_university_id_91ebf572_fk_university_id` FOREIGN KEY (`university_id`) REFERENCES `university` (`id`)
) ENGINE=InnoDB AUTO_INCREMENT=2881 DEFAULT CHARSET=utf8;
/*!40101 SET character_set_client = @saved_cs_client */;

--
-- Dumping data for table `university_score`
--

LOCK TABLES `university_score` WRITE;
/*!40000 ALTER TABLE `university_score` DISABLE KEYS */;
INSERT INTO `university_score` VALUES (374,9,25,13),(375,8,32,15),(378,1.75,26,1),(379,4.75,27,1),(380,5.5,28,1),(381,9,29,1),(382,4.25,30,1),(383,7.25,31,1),(384,4,32,1),(385,4.5,33,1),(386,5.75,35,1),(388,6.5,37,1),(389,6,38,1),(390,3,39,1),(391,9.5,40,1),(392,7.5,41,1),(393,8.75,42,1),(394,4.25,43,1),(395,8,44,1),(396,1.5,45,1),(397,5.75,46,1),(398,2.5,47,1),(399,1.25,48,1),(400,7.5,49,1),(401,5.5,50,1),(402,9.5,51,1),(403,6,52,1),(404,1.5,54,1),(405,5.5,55,1),(406,4.5,56,1),(407,4.5,57,1),(408,4.5,58,1),(409,1.75,59,1),(410,2.75,60,1),(411,8.75,61,1),(412,9,62,1),(413,2.75,63,1),(414,6.25,64,1),(415,8,65,1),(416,7,66,1),(417,7.75,67,1),(418,3.5,24,2),(419,6.25,25,2),(420,10,26,2),(421,6.25,27,2),(422,4.25,28,2),(423,10,29,2),(424,5,30,2),(425,8.25,31,2),(426,8,32,2),(427,5.25,33,2),(428,3.25,34,2),(429,5,35,2),(431,5,37,2),(432,7.5,38,2),(433,3,39,2),(434,6.75,40,2),(435,1.5,41,2),(436,9,42,2),(437,4.5,43,2),(438,9.75,44,2),(439,9.5,45,2),(440,7.25,46,2),(441,6.25,47,2),(442,8.25,48,2),(443,9,49,2),(444,3.25,50,2),(445,2.75,51,2),(446,1.75,52,2),(447,6,54,2),(448,8.25,55,2),(449,1.25,56,2),(450,6,57,2),(451,5.5,58,2),(452,5.25,59,2),(453,9.5,60,2),(454,3.25,61,2),(455,8.25,62,2),(456,8.75,64,2),(457,3,65,2),(458,5,66,2),(459,1.75,67,2),(460,4,24,3),(461,5,25,3),(462,4.75,26,3),(463,3,27,3),(464,8.75,28,3),(465,2.5,29,3),(466,4.25,30,3),(467,4.5,31,3),(468,3,32,3),(469,8.75,33,3),(470,8.5,34,3),(471,8.75,35,3),(473,1.5,37,3),(474,8,38,3),(475,4,39,3),(476,5.5,40,3),(477,8.75,41,3),(478,4.75,42,3),(479,1.75,43,3),(480,5.25,44,3),(481,6.5,45,3),(482,9.5,46,3),(483,4.75,47,3),(484,6.25,48,3),(485,5,49,3),(486,3,50,3),(487,7.75,51,3),(488,2,52,3),(489,4.5,54,3),(490,7.5,55,3),(491,9.75,56,3),(492,1.25,57,3),(493,3.5,58,3),(494,9.75,59,3),(495,9,60,3),(496,3.75,62,3),(497,5,63,3),(498,7.25,64,3),(499,5,65,3),(500,1.5,66,3),(501,6.75,67,3),(502,2.75,24,4),(503,7.25,25,4),(504,9.75,26,4),(505,2,27,4),(506,1,28,4),(507,9,29,4),(508,5.25,30,4),(509,9.25,31,4),(510,8.75,32,4),(511,7,33,4),(512,3.25,34,4),(513,8,35,4),(515,2.75,37,4),(516,7,38,4),(517,3.5,39,4),(518,1.75,40,4),(519,2.25,41,4),(520,7,42,4),(521,7.25,43,4),(522,4.5,44,4),(523,7.25,45,4),(524,3.75,46,4),(525,7.25,47,4),(526,9.5,48,4),(527,6.5,49,4),(528,3.75,50,4),(529,1.75,51,4),(530,8,52,4),(531,6,54,4),(532,5.5,55,4),(533,2.5,56,4),(534,9,57,4),(535,8.75,58,4),(536,8.5,59,4),(537,3,60,4),(538,7.25,61,4),(539,2,62,4),(540,3.75,63,4),(541,3.25,64,4),(542,1,65,4),(543,8.5,66,4),(544,4.75,67,4),(545,1.25,24,5),(546,6.25,25,5),(547,5.75,26,5),(548,7.25,27,5),(549,9.5,28,5),(550,7.75,29,5),(551,2.5,30,5),(552,2,31,5),(553,3.75,32,5),(554,6.5,33,5),(555,9.5,34,5),(556,9,35,5),(558,2.75,37,5),(559,3,38,5),(560,1.75,39,5),(561,9.5,40,5),(562,7.25,41,5),(563,9.75,42,5),(564,3,43,5),(565,1.5,44,5),(566,5.5,45,5),(567,4.5,46,5),(568,9,47,5),(569,7,48,5),(570,8.75,49,5),(571,7.5,50,5),(572,3,51,5),(573,2,52,5),(574,6.75,54,5),(575,2.25,55,5),(576,5,56,5),(577,9.75,57,5),(578,9.25,58,5),(579,8.25,59,5),(580,5.5,60,5),(581,6.5,61,5),(582,2.75,62,5),(583,4.5,63,5),(584,1,64,5),(585,9.5,65,5),(586,1.75,66,5),(587,2.5,67,5),(588,9.25,24,7),(589,5.5,25,7),(590,9.5,26,7),(591,9.25,27,7),(592,4.5,28,7),(593,2.25,29,7),(594,4.75,30,7),(595,4.75,31,7),(596,5.25,32,7),(597,4,33,7),(598,10,34,7),(599,4.25,35,7),(601,7.5,37,7),(602,4,38,7),(603,7.25,39,7),(604,3.75,40,7),(605,5.25,41,7),(606,4,42,7),(607,8.25,43,7),(608,1.5,44,7),(609,2,45,7),(610,3.5,46,7),(611,2.5,47,7),(612,6.25,48,7),(613,8,49,7),(614,3.75,50,7),(615,3.25,51,7),(616,6.5,52,7),(617,3.5,55,7),(618,4,56,7),(619,4.25,57,7),(620,10,58,7),(621,8.5,59,7),(622,5.25,60,7),(623,6.5,61,7),(624,5,62,7),(625,5.5,63,7),(626,5.75,64,7),(627,1.75,65,7),(628,5.5,66,7),(629,9.25,67,7),(630,10,24,6),(631,6,25,6),(632,5.5,26,6),(633,5.5,27,6),(634,5.75,28,6),(635,6,29,6),(636,9.25,30,6),(637,4.75,31,6),(638,3.75,32,6),(639,4.25,33,6),(640,9,34,6),(641,4.5,35,6),(643,6.5,37,6),(644,9.5,38,6),(645,4.25,39,6),(646,8.5,40,6),(647,5.25,41,6),(648,3.25,42,6),(649,1.25,43,6),(650,3.75,44,6),(651,3.75,45,6),(652,5.5,46,6),(653,6.75,47,6),(654,4.75,48,6),(655,9.5,49,6),(656,2.75,50,6),(657,7.5,51,6),(658,1.25,52,6),(659,4.25,54,6),(660,8.75,55,6),(661,6.25,56,6),(662,2,57,6),(663,8,58,6),(664,5.5,59,6),(665,3.75,60,6),(666,4.5,61,6),(667,9.5,62,6),(668,5.75,63,6),(669,6.25,64,6),(670,2,65,6),(671,5.75,66,6),(672,3,67,6),(673,4.5,24,8),(674,3,25,8),(675,5.5,26,8),(676,2.5,27,8),(677,4,28,8),(678,4.5,29,8),(679,3,30,8),(680,3.75,31,8),(681,1,32,8),(682,2.75,33,8),(683,3.75,34,8),(684,5.5,35,8),(686,5.75,37,8),(687,5.5,38,8),(688,6.25,39,8),(689,5.25,40,8),(690,9.25,41,8),(691,9.75,42,8),(692,8.25,43,8),(693,7.5,44,8),(694,8.25,45,8),(695,8.5,46,8),(696,3.75,47,8),(697,2,48,8),(698,3.5,49,8),(699,7.75,50,8),(700,3,51,8),(701,9.75,52,8),(702,9.25,54,8),(703,2,55,8),(704,4.25,56,8),(705,2.25,57,8),(706,1.25,58,8),(707,3.25,59,8),(708,5.75,60,8),(709,1.25,61,8),(710,5,62,8),(711,7.25,63,8),(712,2,64,8),(713,5.75,65,8),(714,6.5,66,8),(715,6.25,67,8),(716,10,24,9),(717,7,25,9),(718,4.5,26,9),(719,10,27,9),(720,1.25,28,9),(721,4,29,9),(722,7.5,30,9),(723,4.5,31,9),(724,8.75,32,9),(725,7.5,33,9),(726,2.5,34,9),(727,3.75,35,9),(729,4,37,9),(730,1.25,38,9),(731,4.75,39,9),(732,3.25,40,9),(733,8.25,41,9),(734,9.25,42,9),(735,2.75,43,9),(736,4.25,44,9),(737,6.25,45,9),(738,3,46,9),(739,3,47,9),(740,6.75,48,9),(741,3.75,49,9),(742,6.75,50,9),(743,5.5,51,9),(744,8.75,52,9),(745,4.25,54,9),(746,2.25,55,9),(747,1,56,9),(748,7.75,57,9),(749,3.5,58,9),(750,9.25,59,9),(751,8.25,60,9),(752,4.25,61,9),(753,1.25,62,9),(754,3.75,63,9),(755,9.5,64,9),(756,8.75,65,9),(757,7.75,66,9),(758,4.75,67,9),(759,9.5,24,10),(760,10,25,10),(761,4.25,26,10),(762,5,27,10),(763,8.25,28,10),(764,6.5,29,10),(765,5.5,30,10),(766,9.25,31,10),(767,2.75,32,10),(768,7.5,33,10),(769,3,34,10),(770,3.5,35,10),(772,4.75,37,10),(773,7.5,38,10),(774,4.25,39,10),(775,4.5,40,10),(776,4.75,41,10),(777,7.25,42,10),(778,1.75,43,10),(779,7.75,44,10),(780,1.25,45,10),(781,1.75,46,10),(782,2,47,10),(783,9.75,48,10),(784,2,49,10),(785,3,51,10),(786,7.75,52,10),(787,9,54,10),(788,7.25,55,10),(789,4.25,56,10),(790,7.75,57,10),(791,5.25,58,10),(792,10,59,10),(793,8.75,60,10),(794,3.5,61,10),(795,7.5,62,10),(796,6.25,63,10),(797,7.25,64,10),(798,1,65,10),(799,9.75,66,10),(800,9.5,67,10),(801,1.5,24,11),(802,3,25,11),(803,5.75,26,11),(804,9.5,27,11),(805,4.5,28,11),(806,1.5,29,11),(807,4.5,30,11),(808,9.5,31,11),(809,5.5,32,11),(810,8.75,33,11),(811,9.75,34,11),(812,6,35,11),(814,3.75,37,11),(815,4.5,38,11),(816,3.5,39,11),(817,6.75,40,11),(818,6,41,11),(819,6,42,11),(820,2.25,43,11),(821,2.25,44,11),(822,5.75,45,11),(823,10,46,11),(824,6.5,47,11),(825,9.25,48,11),(826,10,49,11),(827,5,50,11),(828,7.25,52,11),(829,9.75,54,11),(830,8,55,11),(831,2,56,11),(832,1.25,57,11),(833,6,58,11),(834,8.75,59,11),(835,7.25,60,11),(836,6.25,61,11),(837,2.75,62,11),(838,3.5,63,11),(839,3.75,64,11),(840,3,65,11),(841,1.25,66,11),(842,5.25,67,11),(843,5,24,12),(844,8.5,25,12),(845,6.25,26,12),(846,3,27,12),(847,8.75,28,12),(848,5.25,29,12),(849,4.75,30,12),(850,5.5,31,12),(851,3,32,12),(852,3.5,33,12),(853,8.5,34,12),(854,3.25,35,12),(856,9.25,37,12),(857,2,38,12),(858,8.5,39,12),(859,6,40,12),(860,4.75,41,12),(861,2.5,42,12),(862,3,43,12),(863,9.5,44,12),(864,1,45,12),(865,6.25,46,12),(866,3.75,47,12),(867,7.5,48,12),(868,7,50,12),(869,2.75,51,12),(870,9.75,52,12),(871,6.25,54,12),(872,7,55,12),(873,2.25,56,12),(874,9,57,12),(875,10,58,12),(876,9.75,59,12),(877,2.75,60,12),(878,8.5,61,12),(879,1,62,12),(880,7.25,63,12),(881,7.25,64,12),(882,8.75,65,12),(883,10,66,12),(884,8.25,67,12),(885,1.25,24,13),(886,9,26,13),(887,9,27,13),(888,4.75,28,13),(889,3.75,29,13),(890,2.75,30,13),(891,8.75,31,13),(892,1,32,13),(893,8.5,33,13),(894,5.5,34,13),(895,5.25,35,13),(897,4.25,37,13),(898,8.5,38,13),(899,3.75,39,13),(900,7.5,40,13),(901,5,41,13),(902,9,43,13),(903,2,44,13),(904,5.5,45,13),(905,1.5,46,13),(906,1.5,47,13),(907,5.25,48,13),(908,9,49,13),(909,4.75,50,13),(910,8.75,51,13),(911,4.5,52,13),(912,9.75,54,13),(913,4,55,13),(914,3.5,56,13),(915,1,57,13),(916,5.5,58,13),(917,7.5,59,13),(918,5,60,13),(919,3,61,13),(920,5.75,62,13),(921,6,63,13),(922,5.25,64,13),(923,3,65,13),(924,1.25,66,13),(925,9.25,67,13),(926,3.25,24,14),(927,2.75,25,14),(928,9,26,14),(929,6,27,14),(930,10,28,14),(931,1.75,29,14),(932,8.25,30,14),(933,7.5,31,14),(934,7.25,32,14),(935,4.75,33,14),(936,3.5,34,14),(937,4.5,35,14),(939,4.5,37,14),(940,8.5,38,14),(941,2.5,39,14),(942,6.5,40,14),(943,7.5,41,14),(944,3.5,42,14),(945,6.25,43,14),(946,2.5,44,14),(947,2,45,14),(948,8.5,46,14),(949,10,47,14),(950,4.75,48,14),(951,6.5,49,14),(952,7.75,50,14),(953,6.75,51,14),(954,6.5,52,14),(955,1.25,54,14),(956,4.5,55,14),(957,9,56,14),(958,8.25,57,14),(959,9.75,58,14),(960,2.25,59,14),(961,8.75,60,14),(962,7,61,14),(963,5.25,62,14),(964,10,63,14),(965,4.25,64,14),(966,3.25,65,14),(967,1.5,67,14),(968,1.5,66,14),(969,5.25,24,15),(970,1,25,15),(971,7.25,26,15),(972,7.75,27,15),(973,8.5,28,15),(974,8.75,29,15),(975,1.25,31,15),(976,7.25,33,15),(977,7.75,34,15),(978,1,35,15),(980,3.25,37,15),(981,6.75,38,15),(982,7.75,39,15),(983,2,40,15),(984,3,41,15),(985,5.5,42,15),(986,7.25,43,15),(987,4.5,44,15),(988,8.5,45,15),(989,10,46,15),(990,5.5,47,15),(991,6.75,48,15),(992,3,49,15),(993,6.75,50,15),(994,4.25,51,15),(995,6.75,52,15),(996,1.5,54,15),(997,6.25,55,15),(998,3.25,56,15),(999,9.25,57,15),(1000,9,58,15),(1001,2.25,59,15),(1002,7.25,60,15),(1003,2,61,15),(1004,1.75,62,15),(1005,2.25,63,15),(1006,3.25,64,15),(1007,6.5,65,15),(1008,2,66,15),(1009,5,67,15),(1010,5.25,24,16),(1011,4.5,25,16),(1012,2,26,16),(1013,6.75,27,16),(1014,4.5,28,16),(1015,5,29,16),(1016,2.25,30,16),(1017,1.5,31,16),(1018,8.75,32,16),(1019,9.75,33,16),(1020,8.25,34,16),(1021,2.25,35,16),(1023,2,37,16),(1024,7,38,16),(1025,8.75,39,16),(1026,8.5,40,16),(1027,9,41,16),(1028,10,42,16),(1029,7.75,43,16),(1030,5.75,44,16),(1031,1.5,45,16),(1032,4.75,46,16),(1033,5.25,47,16),(1034,3.25,48,16),(1035,9,49,16),(1036,2,50,16),(1037,3,52,16),(1038,4.5,54,16),(1039,1,55,16),(1040,7,56,16),(1041,7.5,57,16),(1042,8.75,58,16),(1043,1,59,16),(1044,4.25,60,16),(1045,7,61,16),(1046,7.75,62,16),(1047,1,63,16),(1048,2,64,16),(1049,3.5,65,16),(1050,2.75,66,16),(1051,8.75,67,16),(1052,4.75,24,17),(1053,5,25,17),(1054,7.5,26,17),(1055,9.75,27,17),(1056,1.25,28,17),(1057,5.5,29,17),(1058,5.75,30,17),(1059,9,31,17),(1060,1.75,32,17),(1061,10,33,17),(1062,5,34,17),(1063,3.25,35,17),(1065,9.5,37,17),(1066,7,38,17),(1067,4,39,17),(1068,8,40,17),(1069,7.25,41,17),(1070,1.25,42,17),(1071,9,43,17),(1072,7,44,17),(1073,9,45,17),(1074,6.75,46,17),(1075,2.5,47,17),(1076,9.5,48,17),(1077,9.25,49,17),(1078,4.5,50,17),(1079,5.75,51,17),(1080,9,52,17),(1081,7,54,17),(1082,3.25,55,17),(1083,5.5,56,17),(1084,8,57,17),(1085,1.5,58,17),(1086,1.5,59,17),(1087,5.5,60,17),(1088,3.25,61,17),(1089,9.75,62,17),(1090,1.5,63,17),(1091,10,64,17),(1092,7.25,65,17),(1093,8.75,66,17),(1094,4,67,17),(1095,3.5,24,18),(1096,10,25,18),(1097,9,26,18),(1098,7.5,27,18),(1099,9,28,18),(1100,2.75,29,18),(1101,7,30,18),(1102,7.25,31,18),(1103,9.5,32,18),(1104,4.5,33,18),(1105,9.5,34,18),(1106,5,35,18),(1108,8.75,37,18),(1109,2,38,18),(1110,7.25,39,18),(1111,7.25,40,18),(1112,9.75,41,18),(1113,2.25,42,18),(1114,5.75,43,18),(1115,6.5,44,18),(1116,8,45,18),(1117,3.75,46,18),(1118,2.5,47,18),(1119,7.25,48,18),(1120,10,49,18),(1121,2.5,50,18),(1122,2,51,18),(1123,9,52,18),(1124,9.75,54,18),(1125,3,55,18),(1126,3,56,18),(1127,6.75,57,18),(1128,7.25,58,18),(1129,3.5,59,18),(1130,4.25,60,18),(1131,8.75,61,18),(1132,1.25,62,18),(1133,4,63,18),(1134,6,64,18),(1135,6.75,65,18),(1136,3.75,66,18),(1137,5.75,67,18),(1138,3,24,19),(1139,6.75,25,19),(1140,4,26,19),(1141,6.75,27,19),(1142,8.25,28,19),(1143,5.25,29,19),(1144,8.25,30,19),(1145,6.25,31,19),(1146,8.5,32,19),(1147,2,33,19),(1148,1.5,34,19),(1149,8.25,35,19),(1151,1,37,19),(1152,3,38,19),(1153,3.5,39,19),(1154,6.5,40,19),(1155,7.25,41,19),(1156,1.75,42,19),(1157,1,43,19),(1158,6.5,44,19),(1159,3,45,19),(1160,9.75,46,19),(1161,4.75,47,19),(1162,6.75,48,19),(1163,5,49,19),(1164,6.5,50,19),(1165,8.75,51,19),(1166,5.5,52,19),(1167,8.5,54,19),(1168,9.5,55,19),(1169,3,56,19),(1170,6,57,19),(1171,4.75,58,19),(1172,4,59,19),(1173,5.25,60,19),(1174,9.25,61,19),(1175,6.75,62,19),(1176,9,63,19),(1177,9.5,64,19),(1178,9.25,65,19),(1179,2.75,66,19),(1180,6,67,19),(1181,1.25,24,20),(1182,3.75,25,20),(1183,1.75,26,20),(1184,7.5,28,20),(1185,6.75,29,20),(1186,4.5,30,20),(1187,10,31,20),(1188,6.5,32,20),(1189,2,33,20),(1190,5.5,34,20),(1191,1,35,20),(1193,3.25,37,20),(1194,2,38,20),(1195,4,39,20),(1196,6.75,40,20),(1197,2.25,41,20),(1198,7.25,42,20),(1199,9,43,20),(1200,2.75,44,20),(1201,4.75,45,20),(1202,5.75,46,20),(1203,2.25,47,20),(1204,9.25,48,20),(1205,4.75,49,20),(1206,2.5,50,20),(1207,9.25,51,20),(1208,3.25,52,20),(1209,8,54,20),(1210,3,55,20),(1211,2.75,56,20),(1212,4.75,57,20),(1213,6.75,58,20),(1214,9.5,59,20),(1215,8.5,60,20),(1216,8.5,61,20),(1217,8,62,20),(1218,5,63,20),(1219,7.5,64,20),(1220,8.25,65,20),(1221,9.5,66,20),(1222,8,67,20),(1223,6,24,21),(1224,2.75,25,21),(1225,3.5,26,21),(1226,1.75,27,21),(1227,9.25,28,21),(1228,3.75,29,21),(1229,8,30,21),(1230,6,31,21),(1231,4,32,21),(1232,9.25,33,21),(1233,6.75,34,21),(1234,2.5,35,21),(1236,7,37,21),(1237,7.5,38,21),(1238,2,39,21),(1239,2.5,40,21),(1240,4.5,41,21),(1241,5.75,42,21),(1242,3,43,21),(1243,1.25,44,21),(1244,4.5,45,21),(1245,10,46,21),(1246,5.25,47,21),(1247,2,48,21),(1248,8.5,49,21),(1249,10,50,21),(1250,9.25,51,21),(1251,4,52,21),(1252,9.5,54,21),(1253,7.5,55,21),(1254,2.75,56,21),(1255,8.25,57,21),(1256,8.75,58,21),(1257,9.75,59,21),(1258,4,60,21),(1259,8,61,21),(1260,7.75,62,21),(1261,6.75,63,21),(1262,2.5,64,21),(1263,6,65,21),(1264,8.5,66,21),(1265,3.5,67,21),(1266,7.5,24,22),(1267,8.5,25,22),(1268,6.5,26,22),(1269,5,27,22),(1270,4,28,22),(1271,8.25,29,22),(1272,7.75,30,22),(1273,5.25,31,22),(1274,1,32,22),(1275,4.25,33,22),(1276,8,34,22),(1277,10,35,22),(1279,5,37,22),(1280,6.75,38,22),(1281,6,39,22),(1282,10,40,22),(1283,9.25,41,22),(1284,1.75,42,22),(1285,3,43,22),(1286,2.25,44,22),(1287,1.75,45,22),(1288,10,46,22),(1289,8.75,47,22),(1290,6,48,22),(1291,1.5,49,22),(1292,7.75,50,22),(1293,6,51,22),(1294,5,52,22),(1295,4.75,54,22),(1296,3,55,22),(1297,9.25,56,22),(1298,7,57,22),(1299,3,58,22),(1300,3,59,22),(1301,5,60,22),(1302,1.25,61,22),(1303,8.25,62,22),(1304,7.5,63,22),(1305,8.25,64,22),(1306,10,65,22),(1307,4.75,66,22),(1308,2,67,22),(1309,5.25,24,23),(1310,2,25,23),(1311,9,26,23),(1312,6.75,27,23),(1313,5.75,28,23),(1314,6,30,23),(1315,6.5,31,23),(1316,3.5,32,23),(1317,9,33,23),(1318,6,34,23),(1319,1.75,35,23),(1321,7.25,37,23),(1322,4.5,38,23),(1323,8.25,39,23),(1324,8.75,40,23),(1325,2,41,23),(1326,5.75,42,23),(1327,1.5,43,23),(1328,6.25,44,23),(1329,9.5,45,23),(1330,3.75,46,23),(1331,1.75,47,23),(1332,5.5,48,23),(1333,6.75,49,23),(1334,6.75,50,23),(1335,5,51,23),(1336,3.75,52,23),(1337,3.25,54,23),(1338,9.75,55,23),(1339,1.25,56,23),(1340,4.5,57,23),(1341,5.75,58,23),(1342,4.75,59,23),(1343,2.75,60,23),(1344,2,61,23),(1345,3,62,23),(1346,5,63,23),(1347,5.25,64,23),(1348,7.5,65,23),(1349,7.5,66,23),(1350,4.25,67,23),(1351,2.5,24,24),(1352,2.5,25,24),(1353,7.75,26,24),(1354,5.75,27,24),(1355,5.75,28,24),(1356,3.75,29,24),(1357,6,30,24),(1358,2.25,31,24),(1359,8.75,32,24),(1360,6,33,24),(1361,4.75,34,24),(1362,8,35,24),(1364,5.25,37,24),(1365,7.5,38,24),(1366,4.75,39,24),(1367,1.75,40,24),(1368,5.25,41,24),(1369,1.5,42,24),(1370,6.25,43,24),(1371,2.75,44,24),(1372,2.75,45,24),(1373,9.75,46,24),(1374,1.25,47,24),(1375,9.75,48,24),(1376,7.75,49,24),(1377,7,50,24),(1378,6,51,24),(1379,1.75,52,24),(1380,10,54,24),(1381,7,55,24),(1382,8.5,56,24),(1383,4,57,24),(1384,2,58,24),(1385,4.5,59,24),(1386,6.75,60,24),(1387,4.25,61,24),(1388,2.25,62,24),(1389,5,63,24),(1390,6,64,24),(1391,10,65,24),(1392,1.75,66,24),(1393,8,67,24),(1394,2.75,24,25),(1395,3,25,25),(1396,2.5,26,25),(1397,4.75,27,25),(1398,2,28,25),(1399,1.25,29,25),(1400,8.75,30,25),(1401,1.25,31,25),(1402,2.25,32,25),(1403,6.75,33,25),(1404,4,34,25),(1405,10,35,25),(1407,4.5,37,25),(1408,6.75,38,25),(1409,1.25,39,25),(1410,8.5,40,25),(1411,1,41,25),(1412,2,42,25),(1413,3.75,43,25),(1414,6,44,25),(1415,5.25,45,25),(1416,5.5,46,25),(1417,3.75,47,25),(1418,5.5,48,25),(1419,2.75,49,25),(1420,5,50,25),(1421,4,51,25),(1422,8,52,25),(1423,6,54,25),(1424,8.5,55,25),(1425,1.75,56,25),(1426,6.5,57,25),(1427,4,58,25),(1428,6.25,59,25),(1429,2.25,60,25),(1430,2.25,61,25),(1431,2.25,62,25),(1432,5,63,25),(1433,8.5,64,25),(1434,7.25,65,25),(1435,1.5,66,25),(1436,1.75,67,25),(1437,1,24,26),(1438,1.5,25,26),(1439,9.5,26,26),(1440,6,27,26),(1441,7.75,28,26),(1442,9.75,29,26),(1443,3.5,30,26),(1444,2.5,31,26),(1445,7,32,26),(1446,1.5,33,26),(1447,1,34,26),(1448,6,35,26),(1450,1.25,37,26),(1451,10,38,26),(1452,4.25,39,26),(1453,9.25,40,26),(1454,6.5,41,26),(1455,4,42,26),(1456,7.75,43,26),(1457,4.5,44,26),(1458,3.5,45,26),(1459,5.5,46,26),(1460,10,47,26),(1461,4.5,48,26),(1462,2,49,26),(1463,4.25,50,26),(1464,3,51,26),(1465,2.25,52,26),(1466,2.75,54,26),(1467,3,55,26),(1468,4,56,26),(1469,2,57,26),(1470,9.75,58,26),(1471,2.75,59,26),(1472,6.25,60,26),(1473,4.25,61,26),(1474,10,62,26),(1475,5,63,26),(1476,9.75,64,26),(1477,5,65,26),(1478,7,66,26),(1479,4.25,67,26),(1480,2.25,24,27),(1481,9,25,27),(1482,7.25,26,27),(1483,2.5,27,27),(1484,7.25,28,27),(1485,2.75,29,27),(1486,9.75,30,27),(1487,5.25,31,27),(1488,7.75,32,27),(1489,7.5,33,27),(1490,3.5,34,27),(1491,5.25,35,27),(1493,2.75,37,27),(1494,8,38,27),(1495,1,39,27),(1496,1,40,27),(1497,2.75,41,27),(1498,5.75,42,27),(1499,5.5,43,27),(1500,6,44,27),(1501,2.75,45,27),(1502,5,46,27),(1503,2.75,47,27),(1504,2.5,48,27),(1505,4.25,49,27),(1506,2.25,50,27),(1507,3,52,27),(1508,6.5,54,27),(1509,6.5,55,27),(1510,7.5,56,27),(1511,6.25,57,27),(1512,5.25,58,27),(1513,7,59,27),(1514,2.5,60,27),(1515,2,61,27),(1516,7,62,27),(1517,4.5,63,27),(1518,8.5,64,27),(1519,2.75,65,27),(1520,8.25,66,27),(1521,10,67,27),(1522,3.75,24,28),(1523,5.5,25,28),(1524,9,26,28),(1525,9.75,27,28),(1526,5,28,28),(1527,5.5,29,28),(1528,7,30,28),(1529,3,31,28),(1530,4.5,32,28),(1531,8,33,28),(1532,1,34,28),(1533,6,35,28),(1535,4.5,37,28),(1536,9,38,28),(1537,8.5,39,28),(1538,9.75,40,28),(1539,1.25,41,28),(1540,2.25,42,28),(1541,8,43,28),(1542,5.5,44,28),(1543,9.75,45,28),(1544,4.5,46,28),(1545,9.5,47,28),(1546,7.25,48,28),(1547,4.5,49,28),(1548,7.25,50,28),(1549,6.75,51,28),(1550,2.75,52,28),(1551,7,54,28),(1552,7.75,55,28),(1553,2,56,28),(1554,5.75,57,28),(1555,7,58,28),(1556,6.25,59,28),(1557,5.75,60,28),(1558,3.5,61,28),(1559,6.5,62,28),(1560,5,63,28),(1561,2.75,64,28),(1562,1.75,66,28),(1563,6,67,28),(1564,5.75,24,29),(1565,7,25,29),(1566,5,26,29),(1567,3.75,28,29),(1568,4,29,29),(1569,7.25,30,29),(1570,8.25,31,29),(1571,8.5,32,29),(1572,7.25,33,29),(1573,4,34,29),(1574,3,35,29),(1576,7,37,29),(1577,7.5,38,29),(1578,4,39,29),(1579,6.75,40,29),(1580,3.5,41,29),(1581,5.75,42,29),(1582,4.75,43,29),(1583,4.75,44,29),(1584,4,45,29),(1585,8,46,29),(1586,6.5,47,29),(1587,9.5,48,29),(1588,8.75,49,29),(1589,5.25,50,29),(1590,1.5,51,29),(1591,4,52,29),(1592,3,54,29),(1593,3.25,55,29),(1594,5.5,56,29),(1595,9.5,57,29),(1596,7.75,58,29),(1597,2.25,59,29),(1598,4,60,29),(1599,1.75,61,29),(1600,7.5,62,29),(1601,6.25,63,29),(1602,4.5,64,29),(1603,3.75,65,29),(1604,1.75,66,29),(1605,8,67,29),(1606,2.5,24,30),(1607,8.75,25,30),(1608,7.25,26,30),(1609,4,27,30),(1610,1,28,30),(1611,6,29,30),(1612,3.75,30,30),(1613,8.75,31,30),(1614,5.5,32,30),(1615,6.75,33,30),(1616,4.75,34,30),(1617,5.5,35,30),(1619,9.75,37,30),(1620,4,38,30),(1621,4.25,39,30),(1622,4.75,40,30),(1623,1.75,41,30),(1624,3.75,42,30),(1625,10,43,30),(1626,6.75,44,30),(1627,1.25,45,30),(1628,8,46,30),(1629,9,47,30),(1630,9,48,30),(1631,7.5,49,30),(1632,1.25,50,30),(1633,8.75,51,30),(1634,4.75,52,30),(1635,4.5,54,30),(1636,1.5,55,30),(1637,7.25,56,30),(1638,2.5,57,30),(1639,4.25,58,30),(1640,4,59,30),(1641,6,60,30),(1642,7.75,61,30),(1643,3.5,62,30),(1644,7.75,63,30),(1645,9.75,64,30),(1646,3.25,65,30),(1647,3.25,66,30),(1648,5.5,67,30),(1649,2.25,24,31),(1650,7,25,31),(1651,5.25,26,31),(1652,4.25,27,31),(1653,2.25,28,31),(1654,6.25,29,31),(1655,5.75,30,31),(1656,1.75,31,31),(1657,3.25,32,31),(1658,9,33,31),(1659,4.75,34,31),(1660,9.25,35,31),(1662,8.25,37,31),(1663,7.5,38,31),(1664,9.5,39,31),(1665,7.75,40,31),(1666,5.5,41,31),(1667,1.75,42,31),(1668,9,43,31),(1669,9.25,44,31),(1670,1.25,45,31),(1671,5,46,31),(1672,8.75,47,31),(1673,3.75,49,31),(1674,8.5,50,31),(1675,2,51,31),(1676,4.75,52,31),(1677,8.25,54,31),(1678,3.75,55,31),(1679,5,56,31),(1680,9,57,31),(1681,3.75,58,31),(1682,4.5,59,31),(1683,5,60,31),(1684,2,61,31),(1685,3.25,62,31),(1686,6.5,63,31),(1687,5,64,31),(1688,1.25,65,31),(1689,1.5,66,31),(1690,3.5,67,31),(1691,4.25,24,32),(1692,6.75,25,32),(1693,6.5,26,32),(1694,9,27,32),(1695,5.75,28,32),(1696,7,29,32),(1697,9.5,30,32),(1698,1.25,31,32),(1699,3,33,32),(1700,2,34,32),(1701,5.75,35,32),(1703,5.5,37,32),(1704,3,38,32),(1705,5.75,39,32),(1706,2.75,40,32),(1707,9.5,41,32),(1708,4.5,42,32),(1709,3.25,43,32),(1710,2,44,32),(1711,1.75,45,32),(1712,2.5,46,32),(1713,8.25,47,32),(1714,10,48,32),(1715,7.25,49,32),(1716,1.25,50,32),(1717,3.5,51,32),(1718,6.25,52,32),(1719,1,54,32),(1720,9.75,55,32),(1721,5,56,32),(1722,9.75,57,32),(1723,2.75,58,32),(1724,6.75,59,32),(1725,9.75,60,32),(1726,3.5,61,32),(1727,6,62,32),(1728,6.25,63,32),(1729,4.75,64,32),(1730,8,65,32),(1731,4.5,66,32),(1732,4.75,67,32),(1733,9.5,24,33),(1734,7.75,25,33),(1735,4,26,33),(1736,9.75,27,33),(1737,10,29,33),(1738,1.25,30,33),(1739,8.25,31,33),(1740,9.25,32,33),(1741,2.5,33,33),(1742,9.25,34,33),(1743,1.5,35,33),(1745,5.75,37,33),(1746,1.75,38,33),(1747,5.5,39,33),(1748,8,40,33),(1749,7.25,41,33),(1750,9.75,42,33),(1751,2.75,43,33),(1752,1.75,44,33),(1753,3.25,45,33),(1754,7.25,46,33),(1755,1.5,47,33),(1756,1.5,48,33),(1757,1.5,49,33),(1758,4,50,33),(1759,4.25,51,33),(1760,6,52,33),(1761,7,54,33),(1762,10,55,33),(1763,6.75,56,33),(1764,4.75,57,33),(1765,6.5,58,33),(1766,2.5,59,33),(1767,6.25,60,33),(1768,8.25,61,33),(1769,8.75,62,33),(1770,9.75,63,33),(1771,2.25,64,33),(1772,1.5,65,33),(1773,5.25,66,33),(1774,10,67,33),(1775,8.75,24,34),(1776,6.5,25,34),(1777,9.75,26,34),(1778,6.25,27,34),(1779,8.5,28,34),(1780,5.5,29,34),(1781,7,30,34),(1782,8.75,31,34),(1783,1,32,34),(1784,2,33,34),(1785,1.75,34,34),(1786,6,35,34),(1788,4,37,34),(1789,5.25,38,34),(1790,6,39,34),(1791,1.75,40,34),(1792,6.25,41,34),(1793,1.75,42,34),(1794,7.5,43,34),(1795,3.5,44,34),(1796,7.5,45,34),(1797,7,46,34),(1798,5,47,34),(1799,1.25,48,34),(1800,4.5,49,34),(1801,4.75,50,34),(1802,5.75,51,34),(1803,3.5,52,34),(1804,8.5,54,34),(1805,1.25,55,34),(1806,5,56,34),(1807,5.75,57,34),(1808,4.5,58,34),(1809,3.5,59,34),(1810,7.25,61,34),(1811,9.25,62,34),(1812,6,63,34),(1813,5.25,64,34),(1814,1.5,65,34),(1815,1,66,34),(1816,9,67,34),(1817,7.25,24,35),(1818,4.25,25,35),(1819,1.75,26,35),(1820,9.75,27,35),(1821,7.5,28,35),(1822,1.25,29,35),(1823,8.75,30,35),(1824,6.75,31,35),(1825,4.25,32,35),(1826,5.5,33,35),(1827,9.75,34,35),(1828,2.75,35,35),(1830,6,37,35),(1831,9.5,38,35),(1832,5.25,39,35),(1833,7.5,40,35),(1834,4,41,35),(1835,3,42,35),(1836,1.5,43,35),(1837,7.25,44,35),(1838,5.5,45,35),(1839,2,46,35),(1840,10,47,35),(1841,10,48,35),(1842,4,49,35),(1843,6.25,51,35),(1844,8.25,52,35),(1845,7.75,54,35),(1846,2.75,55,35),(1847,5.5,56,35),(1848,6.75,57,35),(1849,3.25,58,35),(1850,2.5,59,35),(1851,1.25,60,35),(1852,1,61,35),(1853,9.25,62,35),(1854,6.25,63,35),(1855,5.5,64,35),(1856,9.75,65,35),(1857,6.25,66,35),(1858,9.25,67,35),(1859,7,25,36),(1860,6.5,26,36),(1861,8.25,27,36),(1862,3,28,36),(1863,7,29,36),(1864,2.5,30,36),(1865,10,31,36),(1866,2.5,32,36),(1867,6.5,33,36),(1868,6.75,34,36),(1869,2.25,35,36),(1871,2,37,36),(1872,7.25,38,36),(1873,4.75,39,36),(1874,5.25,40,36),(1875,3.5,41,36),(1876,1.75,42,36),(1877,5.25,43,36),(1878,7.75,44,36),(1879,9.25,45,36),(1880,5,46,36),(1881,9.75,47,36),(1882,8.5,48,36),(1883,3,49,36),(1884,2.25,50,36),(1885,8,51,36),(1886,4.75,52,36),(1887,1.5,54,36),(1888,6,55,36),(1889,6.25,56,36),(1890,5.5,57,36),(1891,2.25,58,36),(1892,9.5,59,36),(1893,6.5,60,36),(1894,7.5,61,36),(1895,10,62,36),(1896,4,63,36),(1897,9.5,64,36),(1898,1.75,65,36),(1899,3,66,36),(1900,5.75,67,36),(1901,9.75,24,37),(1902,1.5,25,37),(1903,4.75,26,37),(1904,3.25,27,37),(1905,7.5,28,37),(1906,3.25,29,37),(1907,6.75,30,37),(1908,10,31,37),(1909,5.5,32,37),(1910,6.5,33,37),(1911,1.5,34,37),(1912,1,35,37),(1914,1.5,37,37),(1915,3,38,37),(1916,3,39,37),(1917,6.5,40,37),(1918,3.75,41,37),(1919,6.25,42,37),(1920,2,43,37),(1921,7.5,44,37),(1922,1.25,45,37),(1923,5,46,37),(1924,6,47,37),(1925,3.25,48,37),(1926,4.25,49,37),(1927,7,50,37),(1928,1,51,37),(1929,3.5,52,37),(1930,4.25,54,37),(1931,7.5,55,37),(1932,3,56,37),(1933,3.25,57,37),(1934,4,58,37),(1935,7.75,59,37),(1936,2.25,60,37),(1937,9.5,61,37),(1938,3.25,62,37),(1939,6,63,37),(1940,3.5,64,37),(1941,10,65,37),(1942,1,66,37),(1943,4.5,67,37),(1944,6.75,24,38),(1945,10,25,38),(1946,10,26,38),(1947,1.5,27,38),(1948,6.75,28,38),(1949,9,29,38),(1950,8.25,30,38),(1951,4.75,31,38),(1952,6.25,32,38),(1953,2.5,33,38),(1954,8,34,38),(1955,8,35,38),(1957,1.5,37,38),(1958,2.25,38,38),(1959,4.25,39,38),(1960,4,40,38),(1961,4,41,38),(1962,10,42,38),(1963,9,43,38),(1964,3.5,44,38),(1965,4.75,45,38),(1966,3.25,46,38),(1967,2.75,47,38),(1968,10,48,38),(1969,6.25,49,38),(1970,8,50,38),(1971,6.75,51,38),(1972,8.75,52,38),(1973,6.25,54,38),(1974,8,55,38),(1975,7.25,56,38),(1976,5.25,57,38),(1977,10,59,38),(1978,4,60,38),(1979,8,61,38),(1980,2.75,62,38),(1981,1,63,38),(1982,5.75,64,38),(1983,2.5,65,38),(1984,10,66,38),(1985,6.25,67,38),(1986,4.5,24,39),(1987,3,25,39),(1988,2,26,39),(1989,7.25,27,39),(1990,6.25,28,39),(1991,10,29,39),(1992,6.75,30,39),(1993,6.25,31,39),(1994,6,32,39),(1995,1.25,33,39),(1996,2.5,34,39),(1997,2.75,35,39),(1999,3.75,37,39),(2000,3.5,38,39),(2001,8,39,39),(2002,6.75,40,39),(2003,6,41,39),(2004,9,42,39),(2005,4.75,43,39),(2006,8.5,44,39),(2007,4.5,45,39),(2008,7.25,46,39),(2009,8,47,39),(2010,6.75,48,39),(2011,1.25,49,39),(2012,5.5,50,39),(2013,2,51,39),(2014,5,52,39),(2015,6.25,54,39),(2016,1,55,39),(2017,6.75,56,39),(2018,2.25,57,39),(2019,3.75,58,39),(2020,3.25,59,39),(2021,4.25,60,39),(2022,4.75,61,39),(2023,6.5,62,39),(2024,6.5,63,39),(2025,8.5,64,39),(2026,1,65,39),(2027,2.75,66,39),(2028,7.5,67,39),(2029,4.25,24,40),(2030,5.25,25,40),(2031,5,26,40),(2032,6.5,27,40),(2033,8.25,28,40),(2034,3.75,29,40),(2035,2.75,30,40),(2036,7.25,31,40),(2037,1,32,40),(2038,8,33,40),(2039,5.25,34,40),(2040,9.75,35,40),(2042,1,37,40),(2043,5.5,38,40),(2044,9,39,40),(2045,3,40,40),(2046,9,41,40),(2047,9.25,42,40),(2048,6.25,43,40),(2049,4.5,44,40),(2050,9.75,45,40),(2051,7,46,40),(2052,1,47,40),(2053,1.75,48,40),(2054,5.75,49,40),(2055,7.5,50,40),(2056,8,51,40),(2057,4.75,52,40),(2058,8.5,54,40),(2059,8.25,55,40),(2060,3.25,56,40),(2061,9.5,57,40),(2062,4.25,58,40),(2063,2.5,59,40),(2064,8.5,60,40),(2065,5,61,40),(2066,8.5,62,40),(2067,6.5,63,40),(2068,1,64,40),(2069,3.5,65,40),(2070,7.25,66,40),(2071,5.25,67,40),(2072,6.25,24,41),(2073,9.25,25,41),(2074,3.75,26,41),(2075,7.5,27,41),(2076,1,28,41),(2077,9.75,29,41),(2078,6.75,30,41),(2079,1.25,31,41),(2080,9.75,32,41),(2081,8.5,34,41),(2082,6.75,35,41),(2084,1.75,37,41),(2085,10,38,41),(2086,1.25,39,41),(2087,7.75,40,41),(2088,3.5,41,41),(2089,6.25,42,41),(2090,6.5,43,41),(2091,6.75,44,41),(2092,8.25,45,41),(2093,9.75,46,41),(2094,8.75,47,41),(2095,3,48,41),(2096,4.25,49,41),(2097,4.25,50,41),(2098,7.5,51,41),(2099,8.5,52,41),(2100,8.25,54,41),(2101,2.75,55,41),(2102,9,56,41),(2103,1.25,57,41),(2104,7.75,58,41),(2105,5.75,59,41),(2106,2.25,60,41),(2107,2.5,61,41),(2108,4,62,41),(2109,1,63,41),(2110,2.75,64,41),(2111,1.5,65,41),(2112,6.5,66,41),(2113,4.5,67,41),(2114,10,24,42),(2115,8,25,42),(2116,7.25,26,42),(2117,7,27,42),(2118,3.25,28,42),(2119,5.25,29,42),(2120,3.75,30,42),(2121,9.5,31,42),(2122,1.25,32,42),(2123,6.25,33,42),(2124,9,34,42),(2125,2.5,35,42),(2127,6.25,37,42),(2128,9.75,39,42),(2129,8.75,40,42),(2130,8.75,41,42),(2131,10,42,42),(2132,3.75,43,42),(2133,3,44,42),(2134,7,45,42),(2135,3,46,42),(2136,5.5,47,42),(2137,3.75,48,42),(2138,2.5,49,42),(2139,9.25,50,42),(2140,6.5,51,42),(2141,2,52,42),(2142,4.25,54,42),(2143,2.5,55,42),(2144,8.5,56,42),(2145,1.25,57,42),(2146,3.75,58,42),(2147,3.25,59,42),(2148,8.5,60,42),(2149,5.25,61,42),(2150,4.5,62,42),(2151,7.25,63,42),(2152,4,64,42),(2153,4.75,65,42),(2154,8.75,66,42),(2155,6.5,67,42),(2156,2.75,24,43),(2157,6.75,25,43),(2158,3.75,26,43),(2159,3.25,27,43),(2160,6,28,43),(2161,3.75,29,43),(2162,9.5,30,43),(2163,1.25,31,43),(2164,9.25,32,43),(2165,7,33,43),(2166,5.5,34,43),(2167,9.75,35,43),(2169,7.5,37,43),(2170,9.25,38,43),(2171,3.25,39,43),(2172,8,40,43),(2173,8.25,41,43),(2174,6.5,42,43),(2175,5.5,43,43),(2176,5.25,44,43),(2177,3,45,43),(2178,8,46,43),(2179,8,47,43),(2180,1.75,48,43),(2181,4,49,43),(2182,6,50,43),(2183,3.25,51,43),(2184,5.75,52,43),(2185,5.5,54,43),(2186,6.25,55,43),(2187,6,56,43),(2188,9.25,57,43),(2189,1.75,58,43),(2190,9,59,43),(2191,6.5,60,43),(2192,9.25,61,43),(2193,3.5,62,43),(2194,8.5,63,43),(2195,2.75,64,43),(2196,7.25,65,43),(2197,9,66,43),(2198,9,67,43),(2199,7.75,24,44),(2200,1,25,44),(2201,1.5,26,44),(2202,4.25,27,44),(2203,4.75,28,44),(2204,2.75,29,44),(2205,10,30,44),(2206,9.75,31,44),(2207,8.25,32,44),(2208,1.75,33,44),(2209,5,34,44),(2210,6,35,44),(2212,4.25,37,44),(2213,3.75,38,44),(2214,4.5,39,44),(2215,4.25,40,44),(2216,3.75,41,44),(2217,1.75,42,44),(2218,2.25,43,44),(2219,9.25,44,44),(2220,10,45,44),(2221,7,46,44),(2222,9,47,44),(2223,7.5,48,44),(2224,2,49,44),(2225,7.5,50,44),(2226,4,51,44),(2227,1.75,52,44),(2228,4.25,54,44),(2229,1.5,55,44),(2230,4.75,56,44),(2231,4.75,57,44),(2232,4.25,58,44),(2233,8.5,59,44),(2234,1.25,60,44),(2235,3.25,61,44),(2236,1.5,62,44),(2237,1.5,63,44),(2238,6.75,64,44),(2239,9.75,65,44),(2240,4.5,66,44),(2241,6.75,67,44),(2242,1,24,45),(2243,6,25,45),(2244,4,26,45),(2245,1.5,27,45),(2246,10,28,45),(2247,1.25,29,45),(2248,7.75,30,45),(2249,7.75,31,45),(2250,2.25,32,45),(2251,3.75,33,45),(2252,8.75,34,45),(2253,2.75,35,45),(2255,7.25,37,45),(2256,9.75,38,45),(2257,5.5,39,45),(2258,7.25,40,45),(2259,8.25,41,45),(2260,5.5,42,45),(2261,9,43,45),(2262,6,44,45),(2263,3.75,45,45),(2264,1.5,46,45),(2265,1.5,47,45),(2266,4,48,45),(2267,4.5,49,45),(2268,2,50,45),(2269,3,51,45),(2270,8,52,45),(2271,7.75,55,45),(2272,6.75,56,45),(2273,8,57,45),(2274,5.5,58,45),(2275,6.25,59,45),(2276,7.75,60,45),(2277,3,61,45),(2278,4.5,62,45),(2279,7.5,63,45),(2280,7.25,64,45),(2281,3.25,65,45),(2282,3.5,66,45),(2283,8,67,45),(2284,2.5,24,46),(2285,8.25,25,46),(2286,8,26,46),(2287,6.75,27,46),(2288,4.75,28,46),(2289,8.5,29,46),(2290,9,30,46),(2291,7.5,31,46),(2292,2.5,32,46),(2293,6.5,33,46),(2294,7,34,46),(2295,5,35,46),(2297,7.5,37,46),(2298,4.5,38,46),(2299,3.25,39,46),(2300,8.75,40,46),(2301,7.75,41,46),(2302,6.5,42,46),(2303,6.5,43,46),(2304,1.25,44,46),(2305,3.5,45,46),(2306,8,46,46),(2307,8.75,47,46),(2308,6,48,46),(2309,5,49,46),(2310,7,50,46),(2311,3.75,51,46),(2312,6.25,52,46),(2313,10,54,46),(2314,8.75,55,46),(2315,2,56,46),(2316,5.5,57,46),(2317,8.5,58,46),(2318,7.5,59,46),(2319,2.25,60,46),(2320,6.25,61,46),(2321,5.5,62,46),(2322,5.75,63,46),(2323,2,64,46),(2324,8,65,46),(2325,8.25,66,46),(2326,2.25,67,46),(2327,5.5,24,47),(2328,1,25,47),(2329,6.25,26,47),(2330,8.75,27,47),(2331,7.5,28,47),(2332,5.25,29,47),(2333,6.5,30,47),(2334,8,31,47),(2335,8.75,32,47),(2336,3.75,33,47),(2337,7.5,34,47),(2338,9.75,35,47),(2340,2.5,37,47),(2341,8.75,38,47),(2342,7.75,39,47),(2343,2.75,40,47),(2344,2.75,41,47),(2345,3.5,42,47),(2346,3.75,43,47),(2347,6.25,44,47),(2348,8.5,45,47),(2349,5.75,46,47),(2350,1.5,47,47),(2351,4.25,48,47),(2352,5.75,49,47),(2353,8.25,50,47),(2354,8.5,51,47),(2355,8.25,54,47),(2356,7,55,47),(2357,7.75,56,47),(2358,6.5,57,47),(2359,4,58,47),(2360,1.5,59,47),(2361,2.25,60,47),(2362,10,61,47),(2363,4.75,62,47),(2364,3.5,63,47),(2365,1.75,64,47),(2366,8,65,47),(2367,3.25,66,47),(2368,8.5,67,47),(2369,3.5,24,48),(2370,2.5,25,48),(2371,7.25,26,48),(2372,2.25,27,48),(2373,9.25,28,48),(2374,9.25,29,48),(2375,9.25,30,48),(2376,2.5,31,48),(2377,6,32,48),(2378,1.25,33,48),(2379,3.5,34,48),(2380,6.75,35,48),(2382,5.5,37,48),(2383,7,38,48),(2384,3.75,39,48),(2385,6.25,40,48),(2386,4,41,48),(2387,2,42,48),(2388,7.25,43,48),(2389,6,44,48),(2390,2.5,45,48),(2391,7.5,46,48),(2392,7.25,47,48),(2393,1.25,48,48),(2394,3.5,49,48),(2395,3.5,50,48),(2396,5,51,48),(2397,8,52,48),(2398,2,54,48),(2399,6.25,55,48),(2400,2.25,56,48),(2401,2,57,48),(2402,6,58,48),(2403,9,59,48),(2404,9.5,60,48),(2405,8.25,61,48),(2406,8.75,62,48),(2407,9.25,63,48),(2408,3.5,64,48),(2409,6.25,65,48),(2410,8,66,48),(2411,5.25,67,48),(2412,9.25,24,49),(2413,3.75,25,49),(2414,1.25,26,49),(2415,5.75,27,49),(2416,4.75,28,49),(2417,4.25,29,49),(2418,1.5,30,49),(2419,9,31,49),(2420,8.75,32,49),(2421,1.5,33,49),(2422,2.25,34,49),(2423,7,35,49),(2425,4.5,37,49),(2426,4,38,49),(2427,5,39,49),(2428,7,40,49),(2429,7.25,41,49),(2430,9.75,43,49),(2431,7.5,44,49),(2432,4.25,45,49),(2433,4.5,46,49),(2434,7,47,49),(2435,7.5,48,49),(2436,7,49,49),(2437,6.5,50,49),(2438,2.25,51,49),(2439,4.25,52,49),(2440,1.5,54,49),(2441,5.5,55,49),(2442,8,56,49),(2443,10,57,49),(2444,7.75,58,49),(2445,5,59,49),(2446,1.25,60,49),(2447,7,61,49),(2448,5.5,62,49),(2449,2.75,63,49),(2450,4.75,64,49),(2451,6.25,65,49),(2452,9.5,66,49),(2453,9.25,67,49),(2454,6,24,50),(2455,3.75,25,50),(2456,5.5,26,50),(2457,1.25,27,50),(2458,4.5,28,50),(2459,1,29,50),(2460,3.5,30,50),(2461,8.25,31,50),(2462,1,32,50),(2463,2.75,33,50),(2464,7.75,34,50),(2465,6.5,35,50),(2467,8.5,37,50),(2468,8.5,38,50),(2469,1.5,39,50),(2470,5.25,40,50),(2471,7.5,41,50),(2472,3,42,50),(2473,6.25,43,50),(2474,2.75,44,50),(2475,1.75,45,50),(2476,2.5,46,50),(2477,7.25,47,50),(2478,5.5,48,50),(2479,9,49,50),(2480,1,50,50),(2481,2,51,50),(2482,2.25,52,50),(2483,9,54,50),(2484,3.5,55,50),(2485,3,56,50),(2486,6.5,57,50),(2487,4.75,58,50),(2488,4.5,59,50),(2489,6.25,60,50),(2490,3,61,50),(2491,2.25,62,50),(2492,7.75,63,50),(2493,6,64,50),(2494,6.25,65,50),(2495,4,66,50),(2496,9.75,67,50),(2497,8.75,24,51),(2498,6,25,51),(2499,6,26,51),(2500,8.75,27,51),(2501,9.75,28,51),(2502,2.5,29,51),(2503,6,30,51),(2504,1.5,31,51),(2505,5.75,32,51),(2506,9.5,33,51),(2507,4,34,51),(2508,9,35,51),(2510,4,37,51),(2511,1,38,51),(2512,8.5,39,51),(2513,2.25,40,51),(2514,3.25,41,51),(2515,1.5,42,51),(2516,8.75,43,51),(2517,5.5,44,51),(2518,3,45,51),(2519,1.5,46,51),(2520,3.75,47,51),(2521,6.75,48,51),(2522,4,49,51),(2523,6.75,50,51),(2524,1.5,51,51),(2525,3.75,52,51),(2526,8.25,54,51),(2527,2.5,55,51),(2528,3,56,51),(2529,8.5,57,51),(2530,7.25,58,51),(2531,7.5,59,51),(2532,10,60,51),(2533,5.75,61,51),(2534,6.25,62,51),(2535,5.75,63,51),(2536,5.25,64,51),(2537,2,65,51),(2538,3.75,66,51),(2539,4,67,51),(2540,7.25,24,52),(2541,7.5,25,52),(2542,6,26,52),(2543,9.5,27,52),(2544,9.75,28,52),(2545,8,29,52),(2546,8.5,30,52),(2547,8.5,31,52),(2548,4.5,32,52),(2549,10,33,52),(2550,8.5,34,52),(2551,8.75,35,52),(2553,7.25,37,52),(2554,3,38,52),(2555,8.25,39,52),(2556,5.75,40,52),(2557,7.25,41,52),(2558,7.75,42,52),(2559,6.5,43,52),(2560,8.75,44,52),(2561,8,45,52),(2562,9.25,46,52),(2563,9,47,52),(2564,2.75,48,52),(2565,6.75,49,52),(2566,8,50,52),(2567,5.75,51,52),(2568,4.25,52,52),(2569,8.25,54,52),(2570,1,55,52),(2571,5.25,56,52),(2572,1.75,57,52),(2573,8.5,58,52),(2574,3.5,59,52),(2575,4.75,60,52),(2576,9.25,61,52),(2577,5,62,52),(2578,6.75,63,52),(2579,4.25,65,52),(2580,4.5,66,52),(2581,6.5,67,52),(2582,8,24,53),(2583,3.75,25,53),(2584,8.75,26,53),(2585,4.25,27,53),(2586,4.5,28,53),(2587,5.5,29,53),(2588,5.5,30,53),(2589,6.5,31,53),(2590,5.75,32,53),(2591,1.5,33,53),(2592,2.5,34,53),(2593,9.5,35,53),(2595,7.5,37,53),(2596,5.25,38,53),(2597,5,39,53),(2598,7.5,40,53),(2599,3.25,41,53),(2600,2,42,53),(2601,4.75,43,53),(2602,3,44,53),(2603,9.5,45,53),(2604,1.5,46,53),(2605,3,47,53),(2606,2.25,48,53),(2607,9.25,49,53),(2608,4.75,50,53),(2609,1.5,51,53),(2610,2,52,53),(2611,10,54,53),(2612,6.25,55,53),(2613,5.5,56,53),(2614,6.75,57,53),(2615,1.25,58,53),(2616,2,59,53),(2617,2.5,60,53),(2618,4.5,61,53),(2619,8,62,53),(2620,3,63,53),(2621,3.25,64,53),(2622,10,65,53),(2623,2.5,67,53),(2624,4.5,24,54),(2625,7.5,25,54),(2626,8,26,54),(2627,8.5,27,54),(2628,1.75,28,54),(2629,4,29,54),(2630,4.75,30,54),(2631,9.5,31,54),(2632,2,32,54),(2633,6.75,33,54),(2634,5.25,34,54),(2635,6.5,35,54),(2637,6.5,37,54),(2638,4.75,38,54),(2639,1.25,39,54),(2640,5,40,54),(2641,9.25,41,54),(2642,1.25,42,54),(2643,8.5,43,54),(2644,5.25,44,54),(2645,6,45,54),(2646,8.75,46,54),(2647,1,47,54),(2648,4.75,48,54),(2649,7.5,49,54),(2650,8.25,50,54),(2651,4.25,51,54),(2652,7,52,54),(2653,1.5,54,54),(2654,6.5,55,54),(2655,5.75,56,54),(2656,9.5,57,54),(2657,7.75,58,54),(2658,3.25,59,54),(2659,6.25,60,54),(2660,6,61,54),(2661,7.5,62,54),(2662,7.75,63,54),(2663,4.75,64,54),(2664,8.25,65,54),(2665,4,66,54),(2666,5.5,67,54),(2667,10,24,55),(2668,6.5,25,55),(2669,4,26,55),(2670,6.25,27,55),(2671,4,28,55),(2672,3.75,29,55),(2673,9,30,55),(2674,9.5,31,55),(2675,8,32,55),(2676,9.25,33,55),(2677,4.5,34,55),(2678,9.25,35,55),(2680,1.25,37,55),(2681,6.75,38,55),(2682,4.75,39,55),(2683,1.25,40,55),(2684,3,41,55),(2685,3.25,42,55),(2686,2.75,43,55),(2687,6.5,44,55),(2688,7.75,45,55),(2689,5,46,55),(2690,8,47,55),(2691,8.25,48,55),(2692,8.75,49,55),(2693,3,50,55),(2694,8.25,51,55),(2695,9.75,52,55),(2696,9,54,55),(2697,7.25,55,55),(2698,8.25,56,55),(2699,8.5,57,55),(2700,7.25,58,55),(2701,7,59,55),(2702,7.25,60,55),(2703,9.5,61,55),(2704,1,63,55),(2705,9,64,55),(2706,4.25,65,55),(2707,7.75,66,55),(2708,2.75,67,55),(2709,5.25,24,56),(2710,8.25,25,56),(2711,1,26,56),(2712,9.5,27,56),(2713,9,28,56),(2714,5,29,56),(2715,3.5,30,56),(2716,8.75,31,56),(2717,9.75,32,56),(2718,5.75,33,56),(2719,9.5,34,56),(2720,8.5,35,56),(2722,7.75,37,56),(2723,3,38,56),(2724,2,39,56),(2725,4.25,40,56),(2726,6.75,42,56),(2727,3.5,43,56),(2728,3.25,44,56),(2729,6.75,45,56),(2730,7.75,46,56),(2731,1.5,47,56),(2732,2.25,48,56),(2733,1.75,49,56),(2734,9.5,50,56),(2735,4.75,51,56),(2736,3.5,52,56),(2737,4.5,54,56),(2738,4,55,56),(2739,4.25,56,56),(2740,6.75,57,56),(2741,8.5,58,56),(2742,8.25,59,56),(2743,8,60,56),(2744,4.5,61,56),(2745,4,62,56),(2746,9.75,63,56),(2747,2.5,64,56),(2748,9.25,65,56),(2749,6.75,66,56),(2750,4,67,56),(2751,8.75,24,57),(2752,5,25,57),(2753,9.5,26,57),(2754,5.5,27,57),(2755,4.25,28,57),(2756,3,29,57),(2757,1.5,30,57),(2758,4.5,31,57),(2759,2.25,32,57),(2760,6.25,33,57),(2761,4.25,34,57),(2762,9.75,35,57),(2764,4.5,37,57),(2765,1.75,38,57),(2766,10,39,57),(2767,8.5,40,57),(2768,5.75,41,57),(2769,2.25,42,57),(2770,3,43,57),(2771,1.25,44,57),(2772,3,45,57),(2773,8.5,46,57),(2774,3.25,47,57),(2775,9.25,48,57),(2776,4.5,49,57),(2777,4.75,51,57),(2778,4.75,52,57),(2779,3.25,54,57),(2780,2.5,55,57),(2781,2.25,56,57),(2782,9.75,57,57),(2783,10,58,57),(2784,3.25,59,57),(2785,2.75,60,57),(2786,9.5,61,57),(2787,7,62,57),(2788,3,63,57),(2789,9,64,57),(2790,2.75,65,57),(2791,7.25,66,57),(2792,4,67,57),(2793,9.5,24,58),(2794,8.25,25,58),(2795,1.5,26,58),(2796,5.25,27,58),(2797,9.25,28,58),(2798,4.25,29,58),(2799,4.25,30,58),(2800,1,31,58),(2801,8.25,32,58),(2802,8.75,33,58),(2803,5.25,34,58),(2804,5.25,35,58),(2806,2,37,58),(2807,1.25,38,58),(2808,8.5,39,58),(2809,1.5,40,58),(2810,5.75,41,58),(2811,1.75,42,58),(2812,7.5,43,58),(2813,1.75,44,58),(2814,3.5,45,58),(2815,3.75,46,58),(2816,10,47,58),(2817,9.75,48,58),(2818,8.25,49,58),(2819,4,50,58),(2820,3.5,51,58),(2821,3.75,52,58),(2822,3.25,54,58),(2823,9.5,55,58),(2824,2.25,56,58),(2825,4.25,57,58),(2826,4.75,58,58),(2827,8,59,58),(2828,9.5,60,58),(2829,1.25,61,58),(2830,2.5,62,58),(2831,1.75,63,58),(2832,8.5,64,58),(2833,1,65,58),(2834,6.5,66,58),(2835,2.5,67,58),(2836,8.5,24,59),(2837,2.5,25,59),(2838,1.25,26,59),(2839,9.75,27,59),(2840,1.25,28,59),(2841,10,29,59),(2842,5.5,30,59),(2843,7,31,59),(2844,5.75,32,59),(2845,9.25,33,59),(2846,7.5,34,59),(2847,7,35,59),(2849,7.75,37,59),(2850,5.75,38,59),(2851,4,39,59),(2852,1.5,40,59),(2853,2,41,59),(2854,3.5,42,59),(2855,6.75,43,59),(2856,5.5,44,59),(2857,3.5,45,59),(2858,2.25,46,59),(2859,8.75,47,59),(2860,1.5,48,59),(2861,3.25,49,59),(2862,2.25,50,59),(2863,2.5,51,59),(2864,4.75,52,59),(2865,8,54,59),(2866,4.75,55,59),(2867,9,56,59),(2868,10,57,59),(2869,1.25,58,59),(2870,9,59,59),(2871,6.25,60,59),(2872,5,61,59),(2873,1,62,59),(2874,8.75,63,59),(2875,3.5,64,59),(2876,4.75,65,59),(2877,9.5,66,59),(2878,7,67,59),(2879,1,63,2),(2880,6.5,61,3);
/*!40000 ALTER TABLE `university_score` ENABLE KEYS */;
UNLOCK TABLES;

--
-- Table structure for table `university_score_by_category`
--

DROP TABLE IF EXISTS `university_score_by_category`;
/*!40101 SET @saved_cs_client     = @@character_set_client */;
/*!40101 SET character_set_client = utf8 */;
CREATE TABLE `university_score_by_category` (
  `id` int(11) NOT NULL AUTO_INCREMENT,
  `score` double NOT NULL,
  `criterion_category_id` int(11) NOT NULL,
  `university_id` int(11) NOT NULL,
  PRIMARY KEY (`id`),
  UNIQUE KEY `university_score_by_cate_university_id_criterion__34827eba_uniq` (`university_id`,`criterion_category_id`),
  KEY `university_score_by__criterion_category_i_d26acd20_fk_criterion` (`criterion_category_id`),
  CONSTRAINT `university_score_by__criterion_category_i_d26acd20_fk_criterion` FOREIGN KEY (`criterion_category_id`) REFERENCES `criterion_category` (`id`),
  CONSTRAINT `university_score_by__university_id_40c41c49_fk_universit` FOREIGN KEY (`university_id`) REFERENCES `university` (`id`)
) ENGINE=InnoDB AUTO_INCREMENT=782 DEFAULT CHARSET=utf8;
/*!40101 SET character_set_client = @saved_cs_client */;

--
-- Dumping data for table `university_score_by_category`
--

LOCK TABLES `university_score_by_category` WRITE;
/*!40000 ALTER TABLE `university_score_by_category` DISABLE KEYS */;
INSERT INTO `university_score_by_category` VALUES (369,5.19,10,1),(370,5.71,10,13),(371,5.8,10,15),(372,6.5,11,1),(373,7,12,1),(374,3.62,13,1),(375,5.22,14,1),(376,4.97,15,1),(377,7.5,16,1),(378,6.25,10,2),(379,4.75,11,2),(380,7.75,12,2),(381,8.38,13,2),(382,5.25,14,2),(383,5.42,15,2),(384,4,16,2),(385,5.48,10,3),(386,5.55,11,3),(387,3.92,12,3),(388,8,13,3),(389,5.28,14,3),(390,6.19,15,3),(391,3.25,16,3),(392,6.1,10,4),(393,3.45,11,4),(394,6.25,12,4),(395,5.5,13,4),(396,5.89,14,4),(397,5.33,15,4),(398,4.75,16,4),(399,5.92,10,5),(400,4.85,11,5),(401,4.75,12,5),(402,5,13,5),(403,5.42,14,5),(404,5.83,15,5),(405,5.62,16,5),(406,6.1,10,7),(407,5.55,11,7),(408,4.58,12,7),(409,2.75,13,7),(410,5.38,14,7),(411,6.08,15,7),(412,3.62,16,7),(413,6.19,10,6),(414,6.8,11,6),(415,2.75,12,6),(416,4.62,13,6),(417,5.39,14,6),(418,5.72,15,6),(419,3.88,16,6),(420,3.65,10,8),(421,6.4,11,8),(422,8.5,12,8),(423,8.38,13,8),(424,5.25,14,8),(425,3.58,15,8),(426,6.12,16,8),(427,5.94,10,9),(428,4.3,11,9),(429,5.42,12,9),(430,4.62,13,9),(431,5.08,14,9),(432,5.39,15,9),(433,8.25,16,9),(434,6.25,10,10),(435,5.15,11,10),(436,5.58,12,10),(437,1.5,13,10),(438,6.28,14,10),(439,6.72,15,10),(440,5.38,16,10),(441,5.81,10,11),(442,4.9,11,11),(443,3.5,12,11),(444,7.88,13,11),(445,7.62,14,11),(446,4.61,15,11),(447,2.12,16,11),(448,5.44,10,12),(449,6.1,11,12),(450,5,12,12),(451,3.62,13,12),(452,6.53,14,12),(453,6.42,15,12),(454,9.38,16,12),(455,5.8,11,13),(456,5.5,12,13),(457,3.5,13,13),(458,6.31,14,13),(459,4.72,15,13),(460,2.12,16,13),(461,5.71,10,14),(462,5.9,11,14),(463,4.08,12,14),(464,5.25,13,14),(465,5.5,14,14),(466,7.17,15,14),(467,2.38,16,14),(468,4.55,11,15),(469,5.75,12,15),(470,9.25,13,15),(471,5.08,14,15),(472,4.47,15,15),(473,4.25,16,15),(474,5.06,10,16),(475,7.05,11,16),(476,7.83,12,16),(477,3.12,13,16),(478,4.59,14,16),(479,5.14,15,16),(480,3.12,16,16),(481,5.71,10,17),(482,7.15,11,17),(483,5.75,12,17),(484,7.88,13,17),(485,6.08,14,17),(486,5.17,15,17),(487,8,16,17),(488,7.04,10,18),(489,7,11,18),(490,4.83,12,18),(491,5.88,13,18),(492,5.75,14,18),(493,4.97,15,18),(494,5.25,16,18),(495,5.73,10,19),(496,4.25,11,19),(497,3.08,12,19),(498,6.38,13,19),(499,6.81,14,19),(500,6.39,15,19),(501,6,16,19),(502,4.59,10,20),(503,3.65,11,20),(504,6.33,12,20),(505,5.25,13,20),(506,5.58,14,20),(507,6.81,15,20),(508,8.88,16,20),(509,5.29,10,21),(510,4.7,11,21),(511,3.33,12,21),(512,7.25,13,21),(513,6.61,14,21),(514,6.5,15,21),(515,7.25,16,21),(516,6.33,10,22),(517,7.4,11,22),(518,2.33,12,22),(519,5.88,13,22),(520,4.97,14,22),(521,5.83,15,22),(522,7.38,16,22),(523,5.59,10,23),(524,6.15,11,23),(525,4.5,12,23),(526,6.62,13,23),(527,5.19,14,23),(528,3.81,15,23),(529,7.5,16,23),(530,5.31,10,24),(531,4.9,11,24),(532,3.5,12,24),(533,6.25,13,24),(534,6.5,14,24),(535,4.81,15,24),(536,5.88,16,24),(537,4.1,10,25),(538,4.4,11,25),(539,3.92,12,25),(540,5.38,13,25),(541,5.03,14,25),(542,4.31,15,25),(543,4.38,16,25),(544,4.75,10,26),(545,6.25,11,26),(546,5.42,12,26),(547,4.5,13,26),(548,4,14,26),(549,5.97,15,26),(550,6,16,26),(551,5.83,10,27),(552,3.1,11,27),(553,5.75,12,27),(554,3.88,13,27),(555,4.72,14,27),(556,5.61,15,27),(557,5.5,16,27),(558,5.67,10,28),(559,6.6,11,28),(560,5.25,12,28),(561,7.12,13,28),(562,6.53,14,28),(563,4.94,15,28),(564,1.75,16,28),(565,5.8,10,29),(566,5.75,11,29),(567,5.08,12,29),(568,6,13,29),(569,5.53,14,29),(570,5.44,15,29),(571,2.75,16,29),(572,5.38,10,30),(573,4.9,11,30),(574,6.83,12,30),(575,4.62,13,30),(576,5.75,14,30),(577,5.86,15,30),(578,3.25,16,30),(579,5.08,10,31),(580,7.7,11,31),(581,6.67,12,31),(582,3.12,13,31),(583,5.41,14,31),(584,4.89,15,31),(585,1.38,16,31),(586,5.52,10,32),(587,5.3,11,32),(588,3.25,12,32),(589,2.12,13,32),(590,5.78,14,32),(591,6.06,15,32),(592,6.25,16,32),(593,6.64,10,33),(594,5.65,11,33),(595,4.75,12,33),(596,5.25,13,33),(597,5.08,14,33),(598,6.19,15,33),(599,3.38,16,33),(600,5.98,10,34),(601,4.65,11,34),(602,4.25,12,34),(603,7.25,13,34),(604,4.83,14,34),(605,5.81,15,34),(606,1.25,16,34),(607,5.79,10,35),(608,6.45,11,35),(609,3.92,12,35),(610,3.75,13,35),(611,7.28,14,35),(612,4.58,15,35),(613,8,16,35),(614,5.66,10,36),(615,4.55,11,36),(616,4.92,12,36),(617,7.12,13,36),(618,5.5,14,36),(619,6.78,15,36),(620,2.38,16,36),(621,5.1,10,37),(622,3.55,11,37),(623,5.25,12,37),(624,3.12,13,37),(625,4.58,14,37),(626,4.72,15,37),(627,5.5,16,37),(628,6.81,10,38),(629,3.2,11,38),(630,7.5,12,38),(631,4,13,38),(632,7,14,38),(633,5.5,15,38),(634,6.25,16,38),(635,4.88,10,39),(636,5.6,11,39),(637,7.42,12,39),(638,5.88,13,39),(639,4.81,14,39),(640,5.17,15,39),(641,1.88,16,39),(642,5.58,10,40),(643,5.5,11,40),(644,6.67,12,40),(645,8.38,13,40),(646,5.64,14,40),(647,5.44,15,40),(648,5.38,16,40),(649,6.41,10,41),(650,4.85,11,41),(651,6.5,12,41),(652,9,13,41),(653,5.75,14,41),(654,4.03,15,41),(655,4,16,41),(656,6.08,10,42),(657,8.38,11,42),(658,5.58,12,42),(659,5,13,42),(660,4.75,14,42),(661,5.14,15,42),(662,6.75,16,42),(663,5.71,10,43),(664,7.25,11,43),(665,5.75,12,43),(666,5.5,13,43),(667,5.5,14,43),(668,6.28,15,43),(669,8.12,16,43),(670,5.23,10,44),(671,4.1,11,44),(672,4.42,12,44),(673,8.5,13,44),(674,4.92,14,44),(675,4.06,15,44),(676,7.12,16,44),(677,4.73,10,45),(678,7.6,11,45),(679,6.83,12,45),(680,2.62,13,45),(681,4.84,14,45),(682,6.28,15,45),(683,3.38,16,45),(684,6.35,10,46),(685,6.35,11,46),(686,4.75,12,46),(687,5.75,13,46),(688,6.42,14,46),(689,5.03,15,46),(690,8.12,16,46),(691,6.54,10,47),(692,4.9,11,47),(693,4.5,12,47),(694,7.12,13,47),(695,6.5,14,47),(696,4.67,15,47),(697,5.62,16,47),(698,5.27,10,48),(699,5.3,11,48),(700,5.08,12,48),(701,5,13,48),(702,4.67,14,48),(703,6.5,15,48),(704,7.12,16,48),(705,4.92,10,49),(706,5.55,11,49),(707,8.62,12,49),(708,4.38,13,49),(709,5.64,14,49),(710,5.78,15,49),(711,7.88,16,49),(712,4.31,10,50),(713,6.25,11,50),(714,4,12,50),(715,2.12,13,50),(716,5.47,14,50),(717,4.89,15,50),(718,5.12,16,50),(719,6.46,10,51),(720,3.8,11,51),(721,5.25,12,51),(722,2.25,13,51),(723,4.58,14,51),(724,6.58,15,51),(725,2.88,16,51),(726,8.06,10,52),(727,6.3,11,52),(728,7.67,12,52),(729,8.62,13,52),(730,5.81,14,52),(731,5.59,15,52),(732,4.38,16,52),(733,5.5,10,53),(734,5.7,11,53),(735,3.25,12,53),(736,5.5,13,53),(737,4.61,14,53),(738,4.08,15,53),(739,10,16,53),(740,5.75,10,54),(741,5.35,11,54),(742,5,12,54),(743,7.38,13,54),(744,5.14,14,54),(745,6.5,15,54),(746,6.12,16,54),(747,7,10,55),(748,3.4,11,55),(749,4.17,12,55),(750,6.38,13,55),(751,7.22,14,55),(752,7.22,15,55),(753,6,16,55),(754,6.98,10,56),(755,4.25,11,56),(756,4.5,12,56),(757,7.25,13,56),(758,3.97,14,56),(759,6.28,15,56),(760,8,16,56),(761,5.38,10,57),(762,6.1,11,57),(763,2.17,12,57),(764,5.75,13,57),(765,4.53,14,57),(766,6.28,15,57),(767,5,16,57),(768,5.9,10,58),(769,3.8,11,58),(770,3.67,12,58),(771,3.62,13,58),(772,6.06,14,58),(773,4.75,15,58),(774,3.75,16,58),(775,6.27,10,59),(776,4.2,11,59),(777,5.25,12,59),(778,2.88,13,59),(779,4.75,14,59),(780,5.97,15,59),(781,7.12,16,59);
/*!40000 ALTER TABLE `university_score_by_category` ENABLE KEYS */;
UNLOCK TABLES;

--
-- Table structure for table `university_sector`
--

DROP TABLE IF EXISTS `university_sector`;
/*!40101 SET @saved_cs_client     = @@character_set_client */;
/*!40101 SET character_set_client = utf8 */;
CREATE TABLE `university_sector` (
  `id` int(11) NOT NULL AUTO_INCREMENT,
  `sector_id` int(11) NOT NULL,
  `university_id` int(11) NOT NULL,
  PRIMARY KEY (`id`),
  UNIQUE KEY `university_sector_university_id_sector_id_3374fd50_uniq` (`university_id`,`sector_id`),
  KEY `university_sector_sector_id_18dfb2b8_fk_sector_id` (`sector_id`),
  CONSTRAINT `university_sector_sector_id_4dd1d3a5_fk_sector_id` FOREIGN KEY (`sector_id`) REFERENCES `sector` (`id`),
  CONSTRAINT `university_sector_university_id_0c65ed57_fk_university_id` FOREIGN KEY (`university_id`) REFERENCES `university` (`id`)
) ENGINE=InnoDB AUTO_INCREMENT=1197 DEFAULT CHARSET=utf8;
/*!40101 SET character_set_client = @saved_cs_client */;

--
-- Dumping data for table `university_sector`
--

LOCK TABLES `university_sector` WRITE;
/*!40000 ALTER TABLE `university_sector` DISABLE KEYS */;
INSERT INTO `university_sector` VALUES (11,2,1),(12,3,1),(13,4,1),(32,5,1),(14,6,1),(15,7,1),(16,8,1),(17,9,1),(30,10,1),(18,11,1),(19,12,1),(20,13,1),(21,14,1),(22,15,1),(23,16,1),(24,17,1),(25,18,1),(26,19,1),(31,20,1),(27,21,1),(28,22,1),(29,23,1),(3,1,2),(1191,2,2),(33,3,2),(34,4,2),(1192,5,2),(35,6,2),(1193,7,2),(36,8,2),(37,9,2),(38,10,2),(39,11,2),(40,12,2),(41,13,2),(42,14,2),(43,15,2),(44,16,2),(45,17,2),(46,18,2),(47,19,2),(48,20,2),(49,21,2),(50,22,2),(51,23,2),(4,1,3),(52,2,3),(53,3,3),(1195,4,3),(54,5,3),(55,6,3),(56,7,3),(57,8,3),(58,9,3),(59,10,3),(1194,11,3),(60,12,3),(61,13,3),(1196,14,3),(62,15,3),(63,16,3),(64,17,3),(65,18,3),(66,19,3),(67,20,3),(68,21,3),(69,22,3),(70,23,3),(71,1,4),(72,2,4),(73,3,4),(74,4,4),(75,5,4),(76,6,4),(77,7,4),(78,8,4),(79,9,4),(80,11,4),(81,12,4),(82,13,4),(83,14,4),(84,15,4),(85,16,4),(86,18,4),(87,19,4),(88,21,4),(89,22,4),(90,23,4),(91,1,5),(92,2,5),(93,4,5),(94,5,5),(95,6,5),(96,7,5),(97,8,5),(98,9,5),(99,10,5),(100,11,5),(101,12,5),(102,13,5),(103,14,5),(104,15,5),(105,16,5),(106,17,5),(107,19,5),(108,20,5),(109,22,5),(110,23,5),(131,1,6),(132,2,6),(133,3,6),(134,5,6),(135,6,6),(136,7,6),(137,8,6),(138,10,6),(139,11,6),(140,12,6),(141,13,6),(142,14,6),(143,15,6),(144,16,6),(145,18,6),(146,19,6),(147,20,6),(148,21,6),(149,22,6),(150,23,6),(111,1,7),(112,2,7),(113,3,7),(114,4,7),(115,5,7),(116,7,7),(117,8,7),(118,9,7),(119,10,7),(120,11,7),(121,12,7),(122,13,7),(123,14,7),(124,15,7),(125,16,7),(126,17,7),(127,18,7),(128,21,7),(129,22,7),(130,23,7),(9,1,8),(151,2,8),(152,3,8),(153,5,8),(154,6,8),(155,7,8),(156,8,8),(157,9,8),(158,10,8),(159,11,8),(160,12,8),(161,14,8),(162,15,8),(163,17,8),(164,18,8),(165,19,8),(166,20,8),(167,21,8),(168,22,8),(169,23,8),(10,1,9),(170,2,9),(171,3,9),(172,4,9),(173,5,9),(174,6,9),(175,8,9),(176,9,9),(177,10,9),(178,12,9),(179,13,9),(180,15,9),(181,16,9),(182,17,9),(183,18,9),(184,19,9),(185,20,9),(186,21,9),(187,22,9),(188,23,9),(6,1,10),(189,3,10),(190,4,10),(191,6,10),(192,7,10),(193,8,10),(194,9,10),(195,10,10),(196,11,10),(197,12,10),(198,13,10),(199,14,10),(200,15,10),(201,16,10),(202,17,10),(203,18,10),(204,20,10),(205,21,10),(206,22,10),(207,23,10),(5,1,11),(208,2,11),(209,4,11),(210,6,11),(211,7,11),(212,8,11),(213,9,11),(214,10,11),(215,11,11),(216,12,11),(217,13,11),(218,14,11),(219,15,11),(220,16,11),(221,18,11),(222,19,11),(223,20,11),(224,21,11),(225,22,11),(226,23,11),(227,1,12),(228,2,12),(229,4,12),(230,5,12),(231,6,12),(232,8,12),(233,9,12),(234,10,12),(235,11,12),(236,12,12),(237,13,12),(238,15,12),(239,16,12),(240,17,12),(241,18,12),(242,19,12),(243,20,12),(244,21,12),(245,22,12),(246,23,12),(247,1,13),(248,2,13),(249,3,13),(250,4,13),(251,5,13),(252,6,13),(253,7,13),(254,8,13),(255,9,13),(256,10,13),(257,13,13),(258,14,13),(259,15,13),(260,16,13),(261,17,13),(262,18,13),(263,19,13),(264,21,13),(265,22,13),(266,23,13),(267,1,14),(268,2,14),(269,3,14),(270,4,14),(271,5,14),(272,6,14),(273,7,14),(274,8,14),(275,9,14),(276,10,14),(277,11,14),(278,12,14),(279,13,14),(288,14,14),(280,15,14),(281,16,14),(282,17,14),(283,18,14),(287,19,14),(284,20,14),(285,21,14),(286,22,14),(289,23,14),(290,1,15),(291,2,15),(292,4,15),(293,5,15),(294,6,15),(295,8,15),(296,9,15),(297,10,15),(298,11,15),(299,12,15),(300,13,15),(301,14,15),(302,15,15),(303,16,15),(304,17,15),(305,19,15),(306,20,15),(307,21,15),(308,22,15),(309,23,15),(310,1,16),(311,2,16),(312,4,16),(313,5,16),(314,6,16),(315,7,16),(316,8,16),(317,9,16),(318,10,16),(319,12,16),(320,13,16),(321,14,16),(322,15,16),(323,17,16),(324,18,16),(325,19,16),(326,20,16),(327,21,16),(328,22,16),(329,23,16),(330,2,17),(331,3,17),(332,4,17),(333,5,17),(334,6,17),(335,7,17),(336,8,17),(337,9,17),(338,10,17),(339,11,17),(340,12,17),(341,13,17),(342,14,17),(343,15,17),(344,16,17),(345,17,17),(346,18,17),(347,19,17),(348,21,17),(349,22,17),(350,1,18),(351,2,18),(352,3,18),(353,4,18),(354,7,18),(355,8,18),(356,9,18),(357,10,18),(358,11,18),(359,13,18),(360,14,18),(361,15,18),(362,16,18),(363,17,18),(364,18,18),(365,19,18),(366,20,18),(367,21,18),(368,22,18),(369,23,18),(370,1,19),(371,2,19),(372,3,19),(373,5,19),(374,6,19),(375,7,19),(376,8,19),(377,9,19),(378,10,19),(379,12,19),(380,13,19),(381,14,19),(382,16,19),(383,17,19),(384,18,19),(385,19,19),(386,20,19),(387,21,19),(388,22,19),(389,23,19),(390,1,20),(391,2,20),(392,3,20),(393,4,20),(394,6,20),(395,7,20),(396,9,20),(397,10,20),(398,11,20),(399,12,20),(400,14,20),(401,15,20),(402,16,20),(403,17,20),(404,18,20),(405,19,20),(406,20,20),(407,21,20),(408,22,20),(409,23,20),(410,2,21),(411,3,21),(412,4,21),(413,5,21),(414,7,21),(415,9,21),(416,10,21),(417,11,21),(418,12,21),(419,13,21),(420,14,21),(421,15,21),(422,16,21),(423,17,21),(424,18,21),(425,19,21),(426,20,21),(427,21,21),(428,22,21),(429,23,21),(430,1,22),(431,3,22),(432,4,22),(433,5,22),(434,6,22),(435,7,22),(436,9,22),(437,10,22),(438,11,22),(439,12,22),(440,14,22),(441,15,22),(442,16,22),(443,17,22),(444,18,22),(445,19,22),(446,20,22),(447,21,22),(448,22,22),(449,23,22),(450,1,23),(451,2,23),(452,3,23),(453,4,23),(454,5,23),(455,6,23),(456,7,23),(457,8,23),(458,9,23),(459,10,23),(460,12,23),(461,13,23),(462,14,23),(463,15,23),(464,16,23),(465,17,23),(466,18,23),(467,19,23),(468,20,23),(469,22,23),(470,1,24),(471,2,24),(472,4,24),(473,5,24),(474,6,24),(475,7,24),(476,9,24),(477,10,24),(478,11,24),(479,12,24),(480,13,24),(481,14,24),(482,15,24),(483,16,24),(484,17,24),(485,18,24),(486,19,24),(487,20,24),(488,22,24),(489,23,24),(490,1,25),(491,2,25),(492,3,25),(493,4,25),(494,5,25),(495,6,25),(496,7,25),(497,8,25),(498,9,25),(499,10,25),(500,11,25),(501,13,25),(502,15,25),(503,16,25),(504,18,25),(505,19,25),(506,20,25),(507,21,25),(508,22,25),(509,23,25),(510,1,26),(511,3,26),(512,4,26),(513,5,26),(514,7,26),(515,8,26),(516,9,26),(517,10,26),(518,11,26),(519,12,26),(520,13,26),(521,14,26),(522,15,26),(523,16,26),(524,17,26),(525,18,26),(526,19,26),(527,20,26),(528,21,26),(529,23,26),(530,1,27),(531,2,27),(532,3,27),(533,4,27),(534,5,27),(535,6,27),(536,7,27),(537,8,27),(538,9,27),(539,11,27),(540,12,27),(541,13,27),(542,15,27),(543,16,27),(544,17,27),(545,18,27),(546,19,27),(547,20,27),(548,21,27),(549,22,27),(550,1,28),(551,2,28),(552,3,28),(553,4,28),(554,5,28),(555,6,28),(556,7,28),(557,8,28),(558,9,28),(559,10,28),(560,11,28),(561,12,28),(562,13,28),(563,14,28),(564,15,28),(565,16,28),(566,17,28),(567,20,28),(568,21,28),(569,23,28),(570,2,29),(571,3,29),(572,4,29),(573,5,29),(574,6,29),(575,7,29),(576,8,29),(577,9,29),(578,10,29),(579,11,29),(580,12,29),(581,13,29),(582,14,29),(583,15,29),(584,16,29),(585,17,29),(586,18,29),(587,19,29),(588,20,29),(589,23,29),(590,1,30),(591,2,30),(592,3,30),(593,4,30),(594,5,30),(595,6,30),(596,7,30),(597,8,30),(598,9,30),(599,10,30),(600,12,30),(601,13,30),(602,14,30),(603,15,30),(604,16,30),(605,17,30),(606,18,30),(607,19,30),(608,21,30),(609,22,30),(610,1,31),(611,2,31),(612,3,31),(613,4,31),(614,5,31),(615,6,31),(616,7,31),(617,8,31),(618,10,31),(619,11,31),(620,12,31),(621,13,31),(622,15,31),(623,16,31),(624,17,31),(625,18,31),(626,19,31),(627,20,31),(628,21,31),(629,22,31),(630,1,32),(631,2,32),(632,3,32),(633,4,32),(634,5,32),(635,6,32),(636,7,32),(637,8,32),(638,9,32),(639,10,32),(640,11,32),(641,12,32),(642,15,32),(643,16,32),(644,17,32),(645,18,32),(646,19,32),(647,20,32),(648,21,32),(649,23,32),(650,1,33),(651,2,33),(652,3,33),(653,4,33),(654,5,33),(655,7,33),(656,8,33),(657,9,33),(658,10,33),(659,11,33),(660,13,33),(661,14,33),(662,15,33),(663,17,33),(664,18,33),(665,19,33),(666,20,33),(667,21,33),(668,22,33),(669,23,33),(670,1,34),(671,2,34),(672,3,34),(673,5,34),(674,6,34),(675,7,34),(676,8,34),(677,9,34),(678,10,34),(679,11,34),(680,12,34),(681,13,34),(682,14,34),(683,15,34),(684,16,34),(685,17,34),(686,18,34),(687,19,34),(688,20,34),(689,22,34),(690,1,35),(691,2,35),(692,3,35),(693,4,35),(694,5,35),(695,6,35),(696,7,35),(697,8,35),(698,9,35),(699,10,35),(700,12,35),(701,13,35),(702,14,35),(703,15,35),(704,17,35),(705,18,35),(706,19,35),(707,21,35),(708,22,35),(709,23,35),(710,1,36),(711,2,36),(712,3,36),(713,4,36),(714,5,36),(715,6,36),(716,7,36),(717,8,36),(718,9,36),(719,10,36),(720,12,36),(721,13,36),(722,15,36),(723,16,36),(724,17,36),(725,18,36),(726,19,36),(727,20,36),(728,22,36),(729,23,36),(730,1,37),(731,2,37),(732,3,37),(733,4,37),(734,5,37),(735,6,37),(736,7,37),(737,8,37),(738,9,37),(739,11,37),(740,12,37),(741,13,37),(742,14,37),(743,17,37),(744,18,37),(745,19,37),(746,20,37),(747,21,37),(748,22,37),(749,23,37),(750,2,38),(751,3,38),(752,4,38),(753,5,38),(754,6,38),(755,8,38),(756,9,38),(757,10,38),(758,11,38),(759,12,38),(760,13,38),(761,14,38),(762,15,38),(763,16,38),(764,17,38),(765,18,38),(766,19,38),(767,20,38),(768,22,38),(769,23,38),(770,1,39),(771,2,39),(772,3,39),(773,4,39),(774,5,39),(775,6,39),(776,7,39),(777,8,39),(778,9,39),(779,10,39),(780,13,39),(781,14,39),(782,15,39),(783,16,39),(784,17,39),(785,18,39),(786,19,39),(787,21,39),(788,22,39),(789,23,39),(790,1,40),(791,3,40),(792,4,40),(793,5,40),(794,6,40),(795,7,40),(796,8,40),(797,9,40),(798,10,40),(799,12,40),(800,13,40),(801,14,40),(802,15,40),(803,16,40),(804,17,40),(805,18,40),(806,19,40),(807,20,40),(808,21,40),(809,22,40),(810,2,41),(811,3,41),(812,5,41),(813,6,41),(814,7,41),(815,8,41),(816,9,41),(817,10,41),(818,11,41),(819,12,41),(820,13,41),(821,14,41),(822,15,41),(823,16,41),(824,17,41),(825,19,41),(826,20,41),(827,21,41),(828,22,41),(829,23,41),(830,1,42),(831,2,42),(832,4,42),(833,5,42),(834,7,42),(835,8,42),(836,9,42),(837,10,42),(838,11,42),(839,12,42),(840,13,42),(841,14,42),(842,15,42),(843,16,42),(844,17,42),(845,18,42),(846,19,42),(847,20,42),(848,21,42),(849,22,42),(850,1,43),(851,2,43),(852,3,43),(853,4,43),(854,5,43),(855,6,43),(856,7,43),(857,8,43),(858,10,43),(859,11,43),(860,12,43),(861,13,43),(862,14,43),(863,15,43),(864,16,43),(865,17,43),(866,18,43),(867,20,43),(868,21,43),(869,23,43),(870,1,44),(871,2,44),(872,3,44),(873,4,44),(874,5,44),(875,6,44),(876,7,44),(877,8,44),(878,10,44),(879,11,44),(880,12,44),(881,13,44),(882,14,44),(883,15,44),(884,17,44),(885,18,44),(886,19,44),(887,20,44),(888,21,44),(889,23,44),(890,1,45),(891,2,45),(892,3,45),(893,5,45),(894,6,45),(895,7,45),(896,8,45),(897,9,45),(898,10,45),(899,11,45),(900,12,45),(901,13,45),(902,15,45),(903,16,45),(904,17,45),(905,18,45),(906,19,45),(907,20,45),(908,21,45),(909,23,45),(910,1,46),(911,3,46),(912,4,46),(913,5,46),(914,7,46),(915,8,46),(916,9,46),(917,10,46),(918,11,46),(919,13,46),(920,14,46),(921,15,46),(922,16,46),(923,17,46),(924,18,46),(925,19,46),(926,20,46),(927,21,46),(928,22,46),(929,23,46),(930,1,47),(931,2,47),(932,3,47),(933,4,47),(934,5,47),(935,6,47),(936,7,47),(937,8,47),(938,9,47),(939,10,47),(940,11,47),(941,14,47),(942,15,47),(943,16,47),(944,17,47),(945,18,47),(946,19,47),(947,20,47),(948,21,47),(949,22,47),(950,1,48),(951,2,48),(952,3,48),(953,4,48),(954,5,48),(955,6,48),(956,7,48),(957,9,48),(958,10,48),(959,11,48),(960,12,48),(961,13,48),(962,14,48),(963,15,48),(964,16,48),(965,18,48),(966,19,48),(967,20,48),(968,21,48),(969,22,48),(970,1,49),(971,2,49),(972,3,49),(973,4,49),(974,5,49),(975,6,49),(976,7,49),(977,8,49),(978,9,49),(979,11,49),(980,12,49),(981,14,49),(982,15,49),(983,16,49),(984,18,49),(985,19,49),(986,20,49),(987,21,49),(988,22,49),(989,23,49),(990,3,50),(991,4,50),(992,5,50),(993,6,50),(994,7,50),(995,8,50),(996,9,50),(997,11,50),(998,12,50),(999,13,50),(1000,14,50),(1001,15,50),(1002,16,50),(1003,17,50),(1004,18,50),(1005,19,50),(1006,20,50),(1007,21,50),(1008,22,50),(1009,23,50),(1010,1,51),(1011,2,51),(1012,3,51),(1013,4,51),(1014,5,51),(1015,6,51),(1016,7,51),(1017,9,51),(1018,10,51),(1019,11,51),(1020,12,51),(1021,14,51),(1022,15,51),(1023,16,51),(1024,17,51),(1025,19,51),(1026,20,51),(1027,21,51),(1028,22,51),(1029,23,51),(1030,1,52),(1031,2,52),(1032,3,52),(1033,4,52),(1034,5,52),(1035,6,52),(1036,7,52),(1037,9,52),(1038,10,52),(1039,12,52),(1040,13,52),(1041,14,52),(1042,15,52),(1043,16,52),(1044,17,52),(1045,18,52),(1046,19,52),(1047,20,52),(1048,22,52),(1049,23,52),(1050,2,53),(1051,3,53),(1052,4,53),(1053,5,53),(1054,7,53),(1055,8,53),(1056,9,53),(1057,10,53),(1058,11,53),(1059,12,53),(1060,13,53),(1061,14,53),(1062,15,53),(1063,16,53),(1064,17,53),(1065,19,53),(1066,20,53),(1067,21,53),(1068,22,53),(1069,23,53),(1070,2,54),(1071,3,54),(1072,4,54),(1073,5,54),(1074,6,54),(1075,8,54),(1076,9,54),(1077,10,54),(1078,11,54),(1079,12,54),(1080,13,54),(1081,15,54),(1082,16,54),(1083,17,54),(1084,18,54),(1085,19,54),(1086,20,54),(1087,21,54),(1088,22,54),(1089,23,54),(1090,1,55),(1091,2,55),(1092,3,55),(1093,4,55),(1094,5,55),(1095,6,55),(1096,8,55),(1097,9,55),(1098,11,55),(1099,12,55),(1100,13,55),(1101,14,55),(1102,15,55),(1103,16,55),(1104,17,55),(1105,18,55),(1106,19,55),(1107,21,55),(1108,22,55),(1109,23,55),(1110,1,56),(1111,2,56),(1112,3,56),(1113,4,56),(1114,5,56),(1115,6,56),(1116,7,56),(1117,9,56),(1118,10,56),(1119,12,56),(1120,13,56),(1121,14,56),(1122,15,56),(1123,16,56),(1124,18,56),(1125,19,56),(1126,20,56),(1127,21,56),(1128,22,56),(1129,23,56),(1130,1,57),(1131,2,57),(1132,3,57),(1133,4,57),(1134,5,57),(1135,6,57),(1136,7,57),(1137,9,57),(1138,10,57),(1139,11,57),(1140,12,57),(1141,13,57),(1142,14,57),(1143,15,57),(1144,16,57),(1145,18,57),(1146,19,57),(1147,21,57),(1148,22,57),(1149,23,57),(1150,1,58),(1151,2,58),(1152,3,58),(1153,4,58),(1154,5,58),(1155,6,58),(1156,7,58),(1157,8,58),(1158,9,58),(1159,10,58),(1160,11,58),(1161,12,58),(1162,13,58),(1163,14,58),(1164,15,58),(1165,16,58),(1166,17,58),(1167,18,58),(1168,21,58),(1169,23,58),(1170,2,59),(1171,4,59),(1172,5,59),(1173,6,59),(1174,7,59),(1175,8,59),(1176,9,59),(1177,10,59),(1178,11,59),(1179,12,59),(1180,13,59),(1181,14,59),(1182,15,59),(1183,16,59),(1184,17,59),(1185,18,59),(1186,19,59),(1187,20,59),(1188,21,59),(1189,23,59),(8,1,73),(7,1,75),(1190,1,104);
/*!40000 ALTER TABLE `university_sector` ENABLE KEYS */;
UNLOCK TABLES;

--
-- Table structure for table `user_favourite_university`
--

DROP TABLE IF EXISTS `user_favourite_university`;
/*!40101 SET @saved_cs_client     = @@character_set_client */;
/*!40101 SET character_set_client = utf8 */;
CREATE TABLE `user_favourite_university` (
  `id` int(11) NOT NULL AUTO_INCREMENT,
  `university_id` int(11) NOT NULL,
  `user_id` int(11) NOT NULL,
  PRIMARY KEY (`id`),
  UNIQUE KEY `user_university_user_id_university_id_034ef90b_uniq` (`user_id`,`university_id`),
  KEY `user_favourite_unive_university_id_66749d64_fk_universit` (`university_id`),
  CONSTRAINT `user_favourite_unive_university_id_66749d64_fk_universit` FOREIGN KEY (`university_id`) REFERENCES `university` (`id`),
  CONSTRAINT `user_favourite_university_user_id_6677cc76_fk_auth_user_id` FOREIGN KEY (`user_id`) REFERENCES `auth_user` (`id`)
) ENGINE=InnoDB AUTO_INCREMENT=9 DEFAULT CHARSET=latin1;
/*!40101 SET character_set_client = @saved_cs_client */;

--
-- Dumping data for table `user_favourite_university`
--

LOCK TABLES `user_favourite_university` WRITE;
/*!40000 ALTER TABLE `user_favourite_university` DISABLE KEYS */;
INSERT INTO `user_favourite_university` VALUES (2,1,3),(4,4,3),(8,11,3),(7,14,3),(6,15,3),(5,18,3),(3,5,6);
/*!40000 ALTER TABLE `user_favourite_university` ENABLE KEYS */;
UNLOCK TABLES;

--
-- Table structure for table `user_manager_university`
--

DROP TABLE IF EXISTS `user_manager_university`;
/*!40101 SET @saved_cs_client     = @@character_set_client */;
/*!40101 SET character_set_client = utf8 */;
CREATE TABLE `user_manager_university` (
  `id` int(11) NOT NULL AUTO_INCREMENT,
  `university_id` int(11) NOT NULL,
  `user_id` int(11) NOT NULL,
  PRIMARY KEY (`id`),
  UNIQUE KEY `user_manager_university_user_id_university_id_fd0fc9ab_uniq` (`user_id`,`university_id`),
  KEY `user_manager_university_university_id_5e6ec298_fk_university_id` (`university_id`),
  CONSTRAINT `user_manager_university_university_id_5e6ec298_fk_university_id` FOREIGN KEY (`university_id`) REFERENCES `university` (`id`),
  CONSTRAINT `user_manager_university_user_id_4f1b96d7_fk_auth_user_id` FOREIGN KEY (`user_id`) REFERENCES `auth_user` (`id`)
) ENGINE=InnoDB AUTO_INCREMENT=2 DEFAULT CHARSET=latin1;
/*!40101 SET character_set_client = @saved_cs_client */;

--
-- Dumping data for table `user_manager_university`
--

LOCK TABLES `user_manager_university` WRITE;
/*!40000 ALTER TABLE `user_manager_university` DISABLE KEYS */;
INSERT INTO `user_manager_university` VALUES (1,1,3);
/*!40000 ALTER TABLE `user_manager_university` ENABLE KEYS */;
UNLOCK TABLES;
/*!40103 SET TIME_ZONE=@OLD_TIME_ZONE */;

/*!40101 SET SQL_MODE=@OLD_SQL_MODE */;
/*!40014 SET FOREIGN_KEY_CHECKS=@OLD_FOREIGN_KEY_CHECKS */;
/*!40014 SET UNIQUE_CHECKS=@OLD_UNIQUE_CHECKS */;
/*!40101 SET CHARACTER_SET_CLIENT=@OLD_CHARACTER_SET_CLIENT */;
/*!40101 SET CHARACTER_SET_RESULTS=@OLD_CHARACTER_SET_RESULTS */;
/*!40101 SET COLLATION_CONNECTION=@OLD_COLLATION_CONNECTION */;
/*!40111 SET SQL_NOTES=@OLD_SQL_NOTES */;

-- Dump completed on 2018-12-11 15:01:50
